page_id,source,png_path,html_path,level,tokens_orig,tokens_final,reduction_pct,original_sha256,final_sha256,validated_source_path
we00000,webcode2m,C:\Users\Mahin\Thesis\render_validated_starter_kit\starter_kit\outputs\renders_final\webcode2m\we00000.png,C:\Users\Mahin\Thesis\render_validated_starter_kit\starter_kit\outputs\final_targets\webcode2m\we00000.html,l2,2371.0,1845.0,22.185,53c29aa65030d045776d33fc9912a071b4dc065587c8ab615ff010b7f6c90040,2aa3c16e14bad62b74c4a990d257594a08ed61e837507493cc051d4ec6654d83,C:\Users\Mahin\Thesis\render_validated_starter_kit\starter_kit\outputs\level2\webcode2m\we00000.html
we00001,webcode2m,C:\Users\Mahin\Thesis\render_validated_starter_kit\starter_kit\outputs\renders_final\webcode2m\we00001.png,C:\Users\Mahin\Thesis\render_validated_starter_kit\starter_kit\outputs\final_targets\webcode2m\we00001.html,l2,5544.0,4127.0,25.559,c3d9c9fb12cfa319d9c4613dd15e914abaa2dee3f466dfa2220a92b3fe5c6d2d,d613b33faa0fdb25f963c5cb7e54aee076dd94d0e7b479069e75732ff689685f,C:\Users\Mahin\Thesis\render_validated_starter_kit\starter_kit\outputs\level2\webcode2m\we00001.html
we00002,webcode2m,C:\Users\Mahin\Thesis\render_validated_starter_kit\starter_kit\outputs\renders_final\webcode2m\we00002.png,C:\Users\Mahin\Thesis\render_validated_starter_kit\starter_kit\outputs\final_targets\webcode2m\we00002.html,l2,2609.0,2168.0,16.903,3075b93901feff3f94580f0c459b81e4cdac5ca20ede6b8100941b7076af4c31,92e22f9b697ae9730cf5964aac7c361bc58c9fc0c1700566860ba3298950d459,C:\Users\Mahin\Thesis\render_validated_starter_kit\starter_kit\outputs\level2\webcode2m\we00002.html
we00003,webcode2m,C:\Users\Mahin\Thesis\render_validated_starter_kit\starter_kit\outputs\renders_final\webcode2m\we00003.png,C:\Users\Mahin\Thesis\render_validated_starter_kit\starter_kit\outputs\final_targets\webcode2m\we00003.html,l2,2641.0,1932.0,26.846,f236204d41e0ba036b54723bff3faf1eb3070c87e5092a4664fb51fa06a4cb43,ee200246f40bd9e3a7cb54dc5288f11ba9d644169187d4959070f61e8bb2f56e,C:\Users\Mahin\Thesis\render_validated_starter_kit\starter_kit\outputs\level2\webcode2m\we00003.html
we00004,webcode2m,C:\Users\Mahin\Thesis\render_validated_starter_kit\starter_kit\outputs\renders_final\webcode2m\we00004.png,C:\Users\Mahin\Thesis\render_validated_starter_kit\starter_kit\outputs\final_targets\webcode2m\we00004.html,l2,3802.0,1807.0,52.472,2e3d7f66a452dd036ed42e068d249ba49d2e61fd491524a241a22608b93cd972,aaf3a641f9a5922bf5652efb3f39f1288b4d0d8f33a316f10bf589c503d7fa05,C:\Users\Mahin\Thesis\render_validated_starter_kit\starter_kit\outputs\level2\webcode2m\we00004.html
we00005,webcode2m,C:\Users\Mahin\Thesis\render_validated_starter_kit\starter_kit\outputs\renders_final\webcode2m\we00005.png,C:\Users\Mahin\Thesis\render_validated_starter_kit\starter_kit\outputs\final_targets\webcode2m\we00005.html,l2,3501.0,2666.0,23.85,558e3125e646f044dd50f711ee9358f3f9c55e96a16a6e5fc756d3c1c246343c,7650eeb4576dbd749da6d58e0762d0baa0399cbf9e1032127325f00c4af01549,C:\Users\Mahin\Thesis\render_validated_starter_kit\starter_kit\outputs\level2\webcode2m\we00005.html
we00006,webcode2m,C:\Users\Mahin\Thesis\render_validated_starter_kit\starter_kit\outputs\renders_final\webcode2m\we00006.png,C:\Users\Mahin\Thesis\render_validated_starter_kit\starter_kit\outputs\final_targets\webcode2m\we00006.html,l2,6634.0,5264.0,20.651,4d243d3ccf70622abd2c6735a45a4200a93aa133e0f150f1807572f023307c72,72ca67bdbda3ab7a4307869ab0cc882bea65628c6d1ab4c3e27367ede0c7cd83,C:\Users\Mahin\Thesis\render_validated_starter_kit\starter_kit\outputs\level2\webcode2m\we00006.html
we00007,webcode2m,C:\Users\Mahin\Thesis\render_validated_starter_kit\starter_kit\outputs\renders_final\webcode2m\we00007.png,C:\Users\Mahin\Thesis\render_validated_starter_kit\starter_kit\outputs\final_targets\webcode2m\we00007.html,l2,5269.0,4108.0,22.035,17d092cb2254fcf57485e5968a82b34d2f726932fd028e46b96734210339ae66,b5e9712f39b98248f12c8b9feb7f758c4265c03b3a87b9735cc8bd2822844927,C:\Users\Mahin\Thesis\render_validated_starter_kit\starter_kit\outputs\level2\webcode2m\we00007.html
we00008,webcode2m,C:\Users\Mahin\Thesis\render_validated_starter_kit\starter_kit\outputs\renders_final\webcode2m\we00008.png,C:\Users\Mahin\Thesis\render_validated_starter_kit\starter_kit\outputs\final_targets\webcode2m\we00008.html,l2,2999.0,2736.0,8.77,36f5d4792af426a24aa264a45a85e232a48205f04ad33e598dcf8c26c568c2f2,1a0ef527b84122f690e2843698a7779ae9d391cb69ff8a555180423fe006b3f7,C:\Users\Mahin\Thesis\render_validated_starter_kit\starter_kit\outputs\level2\webcode2m\we00008.html
we00009,webcode2m,C:\Users\Mahin\Thesis\render_validated_starter_kit\starter_kit\outputs\renders_final\webcode2m\we00009.png,C:\Users\Mahin\Thesis\render_validated_starter_kit\starter_kit\outputs\final_targets\webcode2m\we00009.html,l2,5385.0,3401.0,36.843,4bd42f1e7af7a987f8321b7d6684c2308e09a68e7155ad770ed0fd34b19b3560,8fd5ca2303db5c7feb598e3590cdc2a6d70caf44a091d2db12385e6c2feacbfa,C:\Users\Mahin\Thesis\render_validated_starter_kit\starter_kit\outputs\level2\webcode2m\we00009.html
we00010,webcode2m,C:\Users\Mahin\Thesis\render_validated_starter_kit\starter_kit\outputs\renders_final\webcode2m\we00010.png,C:\Users\Mahin\Thesis\render_validated_starter_kit\starter_kit\outputs\final_targets\webcode2m\we00010.html,l2,5063.0,4021.0,20.581,102fd1dde4a09a2fcb593dff5dc589be9ceb918d479e84aa17182fa91fa4a621,1c94898cb01800409f1fe5fd418435a17c74c8485e4b30f8a2fdd8b500029704,C:\Users\Mahin\Thesis\render_validated_starter_kit\starter_kit\outputs\level2\webcode2m\we00010.html
we00011,webcode2m,C:\Users\Mahin\Thesis\render_validated_starter_kit\starter_kit\outputs\renders_final\webcode2m\we00011.png,C:\Users\Mahin\Thesis\render_validated_starter_kit\starter_kit\outputs\final_targets\webcode2m\we00011.html,l2,6945.0,5492.0,20.922,ccdb14ca46cb9db1c2a1a2472795f6233e3b725842def2a59bd0a2cdd1a6f87c,71aaeb2466070fa2dfebfae911c8491b7a4d0a361a90e0592b5fde25de126266,C:\Users\Mahin\Thesis\render_validated_starter_kit\starter_kit\outputs\level2\webcode2m\we00011.html
we00012,webcode2m,C:\Users\Mahin\Thesis\render_validated_starter_kit\starter_kit\outputs\renders_final\webcode2m\we00012.png,C:\Users\Mahin\Thesis\render_validated_starter_kit\starter_kit\outputs\final_targets\webcode2m\we00012.html,l2,5271.0,3077.0,41.624,b75f7aef63765128a4e1c9298e1a649b15e2f6d0e3c5b7b8cc51c30373ef75e0,a75aca139ecbcc16e7797e17fc164f05cc1583f12070b2e3b53ca61e1cccfccb,C:\Users\Mahin\Thesis\render_validated_starter_kit\starter_kit\outputs\level2\webcode2m\we00012.html
we00013,webcode2m,C:\Users\Mahin\Thesis\render_validated_starter_kit\starter_kit\outputs\renders_final\webcode2m\we00013.png,C:\Users\Mahin\Thesis\render_validated_starter_kit\starter_kit\outputs\final_targets\webcode2m\we00013.html,l1,2593.0,2358.0,9.063,43d051887cdaa148f0422e2108f71b4e6b85fba0a90807cef474f3b56783acd3,54c924cf3d4d99bb74ce6441d5eead8e720cad8a7ee0bcc9b83b4cc0424f09b7,C:\Users\Mahin\Thesis\render_validated_starter_kit\starter_kit\outputs\level1\webcode2m\we00013.html
we00014,webcode2m,C:\Users\Mahin\Thesis\render_validated_starter_kit\starter_kit\outputs\renders_final\webcode2m\we00014.png,C:\Users\Mahin\Thesis\render_validated_starter_kit\starter_kit\outputs\final_targets\webcode2m\we00014.html,l2,8924.0,6969.0,21.907,47731f412c53b5dda12eef1da32f1edd05f10f9a74d0d68ffcb3a33a7a924814,b50fb2f8f4d8487cc1e6a6af66af33ed8702e56092e791b289ff74a28559c8e0,C:\Users\Mahin\Thesis\render_validated_starter_kit\starter_kit\outputs\level2\webcode2m\we00014.html
we00015,webcode2m,C:\Users\Mahin\Thesis\render_validated_starter_kit\starter_kit\outputs\renders_final\webcode2m\we00015.png,C:\Users\Mahin\Thesis\render_validated_starter_kit\starter_kit\outputs\final_targets\webcode2m\we00015.html,l2,7629.0,5561.0,27.107,8aad270f2f7f4816c20371e9a88dfa3e68a4ca29af873167e7d097d50079586c,822c8572f09d96b0222b0d009badc26b2b101390109bd7ffe40b3a29a81b6172,C:\Users\Mahin\Thesis\render_validated_starter_kit\starter_kit\outputs\level2\webcode2m\we00015.html
we00016,webcode2m,C:\Users\Mahin\Thesis\render_validated_starter_kit\starter_kit\outputs\renders_final\webcode2m\we00016.png,C:\Users\Mahin\Thesis\render_validated_starter_kit\starter_kit\outputs\final_targets\webcode2m\we00016.html,l2,5951.0,4436.0,25.458,98ddb44828525eb60f0d6248d06f8d414a9a1f3f8b513c78def638dcd00bd287,3e53c52670663ed3958de2fcdd14388a5e739118223296da71f3142871b1ec40,C:\Users\Mahin\Thesis\render_validated_starter_kit\starter_kit\outputs\level2\webcode2m\we00016.html
we00017,webcode2m,C:\Users\Mahin\Thesis\render_validated_starter_kit\starter_kit\outputs\renders_final\webcode2m\we00017.png,C:\Users\Mahin\Thesis\render_validated_starter_kit\starter_kit\outputs\final_targets\webcode2m\we00017.html,l2,1207.0,1123.0,6.959,2eeaab792030ca7901f8c69d76cea222f48da989efb42d64397d35b58e3eb5ea,19d31f9312806b50838e137a9c360173432142c9910d4ff7e496eefd27f99afc,C:\Users\Mahin\Thesis\render_validated_starter_kit\starter_kit\outputs\level2\webcode2m\we00017.html
we00018,webcode2m,C:\Users\Mahin\Thesis\render_validated_starter_kit\starter_kit\outputs\renders_final\webcode2m\we00018.png,C:\Users\Mahin\Thesis\render_validated_starter_kit\starter_kit\outputs\final_targets\webcode2m\we00018.html,l2,4121.0,3251.0,21.111,3d653455f275f440185c0a307e27d12a5277595a372d605d548b11c0665cb5f1,6e87b964b89209aa358a458e8c7b8f17f9a2455950f3153de5171c7e2975a181,C:\Users\Mahin\Thesis\render_validated_starter_kit\starter_kit\outputs\level2\webcode2m\we00018.html
we00019,webcode2m,C:\Users\Mahin\Thesis\render_validated_starter_kit\starter_kit\outputs\renders_final\webcode2m\we00019.png,C:\Users\Mahin\Thesis\render_validated_starter_kit\starter_kit\outputs\final_targets\webcode2m\we00019.html,l2,6600.0,5230.0,20.758,0c16f9d555a07734cb69d88d5d93ad5245212f510dfee46b55d0c83f89c560f0,ca3ea4eb9c24d0b82c8e84b15d89a18cbceb7412fd70038b99f74a8b5b6aefb7,C:\Users\Mahin\Thesis\render_validated_starter_kit\starter_kit\outputs\level2\webcode2m\we00019.html
we00020,webcode2m,C:\Users\Mahin\Thesis\render_validated_starter_kit\starter_kit\outputs\renders_final\webcode2m\we00020.png,C:\Users\Mahin\Thesis\render_validated_starter_kit\starter_kit\outputs\final_targets\webcode2m\we00020.html,l2,4953.0,3468.0,29.982,43e09253f1cd2b006afb96397cfdb48bc1aa8071abb2d1e8415c1febbb4a1321,e7078112cccf4071e54365b3a51cc626dbf2376d08c79715a96cc98ecd4027e1,C:\Users\Mahin\Thesis\render_validated_starter_kit\starter_kit\outputs\level2\webcode2m\we00020.html
we00021,webcode2m,C:\Users\Mahin\Thesis\render_validated_starter_kit\starter_kit\outputs\renders_final\webcode2m\we00021.png,C:\Users\Mahin\Thesis\render_validated_starter_kit\starter_kit\outputs\final_targets\webcode2m\we00021.html,l2,5527.0,4040.0,26.904,d48cfac2fd0b6998ecbb01c57eb7f1bd18036c2e0a4fa095735fb8eb493f1bc3,c280ba2f97d755e039af9de9afbc92b6fcc29be69e43d1883217b8f8e8043f99,C:\Users\Mahin\Thesis\render_validated_starter_kit\starter_kit\outputs\level2\webcode2m\we00021.html
we00022,webcode2m,C:\Users\Mahin\Thesis\render_validated_starter_kit\starter_kit\outputs\renders_final\webcode2m\we00022.png,C:\Users\Mahin\Thesis\render_validated_starter_kit\starter_kit\outputs\final_targets\webcode2m\we00022.html,l2,4247.0,3389.0,20.202,94dd4c3a07913998913915e9536e6806299bdaf7313788a4aeb7a51371bbce8a,612e09c6e83dbfba30b53278ebe8bfd8a57220986dfcf3af5337d806584897c6,C:\Users\Mahin\Thesis\render_validated_starter_kit\starter_kit\outputs\level2\webcode2m\we00022.html
we00023,webcode2m,C:\Users\Mahin\Thesis\render_validated_starter_kit\starter_kit\outputs\renders_final\webcode2m\we00023.png,C:\Users\Mahin\Thesis\render_validated_starter_kit\starter_kit\outputs\final_targets\webcode2m\we00023.html,l2,3017.0,2409.0,20.152,786be85617bb199cdc43caf7e56e0c39467238a7375e44bffc171fe50cb9d6c7,a299a6b0cf35cebc728c7faa4ec771311022919ad16b7f34fb7a64784ee6fc95,C:\Users\Mahin\Thesis\render_validated_starter_kit\starter_kit\outputs\level2\webcode2m\we00023.html
we00024,webcode2m,C:\Users\Mahin\Thesis\render_validated_starter_kit\starter_kit\outputs\renders_final\webcode2m\we00024.png,C:\Users\Mahin\Thesis\render_validated_starter_kit\starter_kit\outputs\final_targets\webcode2m\we00024.html,l2,2842.0,2637.0,7.213,cf54263be8dfda4fa47022e61406aa2bb818423dc7b0a93cebca65732ba17e33,7143cf9ae234eb4f822d27195f095a9fb3a794af05b5256cbaebd259eb803cdb,C:\Users\Mahin\Thesis\render_validated_starter_kit\starter_kit\outputs\level2\webcode2m\we00024.html
we00025,webcode2m,C:\Users\Mahin\Thesis\render_validated_starter_kit\starter_kit\outputs\renders_final\webcode2m\we00025.png,C:\Users\Mahin\Thesis\render_validated_starter_kit\starter_kit\outputs\final_targets\webcode2m\we00025.html,l2,6591.0,4486.0,31.937,261d720f1593236526b23d52b65b9fcbfb60adc659903cdfc9982b8c2387c617,51a1accbf00ec84fcefd6398633781a62af027ad5b0ae307fef48005bd711697,C:\Users\Mahin\Thesis\render_validated_starter_kit\starter_kit\outputs\level2\webcode2m\we00025.html
we00026,webcode2m,C:\Users\Mahin\Thesis\render_validated_starter_kit\starter_kit\outputs\renders_final\webcode2m\we00026.png,C:\Users\Mahin\Thesis\render_validated_starter_kit\starter_kit\outputs\final_targets\webcode2m\we00026.html,l2,2870.0,2274.0,20.767,937a192f8ff6d6a0096cd8587f2149183cdf38def43bd3c1406bd2ea7a3532db,dc1eb85a674cf8dad0cb6eb4f32edf1f6e4b0439c9d173b00b0d6573cccd51e0,C:\Users\Mahin\Thesis\render_validated_starter_kit\starter_kit\outputs\level2\webcode2m\we00026.html
we00027,webcode2m,C:\Users\Mahin\Thesis\render_validated_starter_kit\starter_kit\outputs\renders_final\webcode2m\we00027.png,C:\Users\Mahin\Thesis\render_validated_starter_kit\starter_kit\outputs\final_targets\webcode2m\we00027.html,l2,4501.0,3111.0,30.882,08bbc8c3db4a4c3cdb70754b4a6a6f9a542e4a87c33abadab5c8aecb1c26cf93,17e94eb292a38f422d9ce16777b115e7050954a2a28910d1bdc2ba3d72e340d1,C:\Users\Mahin\Thesis\render_validated_starter_kit\starter_kit\outputs\level2\webcode2m\we00027.html
we00028,webcode2m,C:\Users\Mahin\Thesis\render_validated_starter_kit\starter_kit\outputs\renders_final\webcode2m\we00028.png,C:\Users\Mahin\Thesis\render_validated_starter_kit\starter_kit\outputs\final_targets\webcode2m\we00028.html,l2,2142.0,1638.0,23.529,d9cb07d033371a7e896fe56c3558201e7a8b9082b17e44d8d1eb2bd711a220af,b0108101cf14dc2c91b0da60fa1462a44bc06ef9c7b9a61122a343794b329646,C:\Users\Mahin\Thesis\render_validated_starter_kit\starter_kit\outputs\level2\webcode2m\we00028.html
we00029,webcode2m,C:\Users\Mahin\Thesis\render_validated_starter_kit\starter_kit\outputs\renders_final\webcode2m\we00029.png,C:\Users\Mahin\Thesis\render_validated_starter_kit\starter_kit\outputs\final_targets\webcode2m\we00029.html,l2,3422.0,3047.0,10.959,986ce8cc99c10dabb61d7b830c11fcc374eaa744dcdc229f10212db22d819b00,d84354cab8b4edbbed1071bdf2971682648b7b45114e0caa18283d13c4f3f3ea,C:\Users\Mahin\Thesis\render_validated_starter_kit\starter_kit\outputs\level2\webcode2m\we00029.html
we00030,webcode2m,C:\Users\Mahin\Thesis\render_validated_starter_kit\starter_kit\outputs\renders_final\webcode2m\we00030.png,C:\Users\Mahin\Thesis\render_validated_starter_kit\starter_kit\outputs\final_targets\webcode2m\we00030.html,l2,4391.0,1136.0,74.129,07f8bbcb2d7e3547fe62e7d7e690f6190bec01710cf0c96fa40639f1fd9a9c29,a3ec218d54e9d65b29b1712994013198027473ca9864d82c9370e1ecf09f7894,C:\Users\Mahin\Thesis\render_validated_starter_kit\starter_kit\outputs\level2\webcode2m\we00030.html
we00031,webcode2m,C:\Users\Mahin\Thesis\render_validated_starter_kit\starter_kit\outputs\renders_final\webcode2m\we00031.png,C:\Users\Mahin\Thesis\render_validated_starter_kit\starter_kit\outputs\final_targets\webcode2m\we00031.html,l2,7592.0,5779.0,23.88,4925592ff1a1b3dfc9bc5508fb0d73d0a1cbcfae033b74d409c99ee703d7e16d,70c579d9fbe41f77b44826f4080ec0038a5d9852efb1115853d182669e00b40f,C:\Users\Mahin\Thesis\render_validated_starter_kit\starter_kit\outputs\level2\webcode2m\we00031.html
we00032,webcode2m,C:\Users\Mahin\Thesis\render_validated_starter_kit\starter_kit\outputs\renders_final\webcode2m\we00032.png,C:\Users\Mahin\Thesis\render_validated_starter_kit\starter_kit\outputs\final_targets\webcode2m\we00032.html,l1,2560.0,2269.0,11.367,d457f418b8de7d617ac21d91d8eaa10b4873b447e759084eba7b2482280d27de,071373f1413cb1e5c35a4a1e584634723cc4bbb703073ac0c1e51bab25dd41ae,C:\Users\Mahin\Thesis\render_validated_starter_kit\starter_kit\outputs\level1\webcode2m\we00032.html
we00033,webcode2m,C:\Users\Mahin\Thesis\render_validated_starter_kit\starter_kit\outputs\renders_final\webcode2m\we00033.png,C:\Users\Mahin\Thesis\render_validated_starter_kit\starter_kit\outputs\final_targets\webcode2m\we00033.html,l1,4997.0,4540.0,9.145,7010681456499319e124634b2ff4a3ac3f11e9d2219a250c371fe850bca90b69,6911d3738d9efff2af6ff4b5672dc0a18041ca8692e67878d0a6bf92a38c7b74,C:\Users\Mahin\Thesis\render_validated_starter_kit\starter_kit\outputs\level1\webcode2m\we00033.html
we00034,webcode2m,C:\Users\Mahin\Thesis\render_validated_starter_kit\starter_kit\outputs\renders_final\webcode2m\we00034.png,C:\Users\Mahin\Thesis\render_validated_starter_kit\starter_kit\outputs\final_targets\webcode2m\we00034.html,l2,2835.0,2488.0,12.24,7aa5329af9e942f4e50197eb3292fb8a58ac3cbe71e1ed42b713c0de23cdad88,ebc9b6de6ae08309bf41b5491af320a68087828c06dd8dd5f7ddb217c5ba02c9,C:\Users\Mahin\Thesis\render_validated_starter_kit\starter_kit\outputs\level2\webcode2m\we00034.html
we00035,webcode2m,C:\Users\Mahin\Thesis\render_validated_starter_kit\starter_kit\outputs\renders_final\webcode2m\we00035.png,C:\Users\Mahin\Thesis\render_validated_starter_kit\starter_kit\outputs\final_targets\webcode2m\we00035.html,l2,2717.0,2492.0,8.281,adfe4403e2b45d2e82e7b87068a152dabc951ad09f61e591a54133856918643e,fa2a84cda77284ec40b8e38d17e2c032e4fe6fdf354d64442fb510cfa7ae0aba,C:\Users\Mahin\Thesis\render_validated_starter_kit\starter_kit\outputs\level2\webcode2m\we00035.html
we00036,webcode2m,C:\Users\Mahin\Thesis\render_validated_starter_kit\starter_kit\outputs\renders_final\webcode2m\we00036.png,C:\Users\Mahin\Thesis\render_validated_starter_kit\starter_kit\outputs\final_targets\webcode2m\we00036.html,l2,2505.0,2030.0,18.962,4d015a248e46074fdf36c951168cc3ce165167848819a64a775396e52cfeb0ce,498df22f7df994b39f1b08eebf41b80ec592445dd6ee5f2a2cbb80b048b039e1,C:\Users\Mahin\Thesis\render_validated_starter_kit\starter_kit\outputs\level2\webcode2m\we00036.html
we00037,webcode2m,C:\Users\Mahin\Thesis\render_validated_starter_kit\starter_kit\outputs\renders_final\webcode2m\we00037.png,C:\Users\Mahin\Thesis\render_validated_starter_kit\starter_kit\outputs\final_targets\webcode2m\we00037.html,l2,3187.0,2499.0,21.588,7d36ac6ea52fe358723af43719d99d4beb52c5a00e375cb5ef7528f611bfeb29,2e770dd03a5833927220ed86209cb5d81e5959401d0f60303643e43e8fe25f0f,C:\Users\Mahin\Thesis\render_validated_starter_kit\starter_kit\outputs\level2\webcode2m\we00037.html
we00038,webcode2m,C:\Users\Mahin\Thesis\render_validated_starter_kit\starter_kit\outputs\renders_final\webcode2m\we00038.png,C:\Users\Mahin\Thesis\render_validated_starter_kit\starter_kit\outputs\final_targets\webcode2m\we00038.html,l1,2528.0,2237.0,11.511,76213e59e2d5e763faeee8dce4df4ea4926391d20feb5650661a6601a37011a7,a07d9850bba170e23936768fd2f9fef19f85c43a02de6059abdf634858177665,C:\Users\Mahin\Thesis\render_validated_starter_kit\starter_kit\outputs\level1\webcode2m\we00038.html
we00039,webcode2m,C:\Users\Mahin\Thesis\render_validated_starter_kit\starter_kit\outputs\renders_final\webcode2m\we00039.png,C:\Users\Mahin\Thesis\render_validated_starter_kit\starter_kit\outputs\final_targets\webcode2m\we00039.html,l2,3022.0,2896.0,4.169,b3a29ef71b45570fa49446394c55060041c2ec39d78d82c18fb87f311fedd268,0c92f92820555c1b8df85ddeb95c6513148230a98a28ac3a40e78b5c447d752e,C:\Users\Mahin\Thesis\render_validated_starter_kit\starter_kit\outputs\level2\webcode2m\we00039.html
we00040,webcode2m,C:\Users\Mahin\Thesis\render_validated_starter_kit\starter_kit\outputs\renders_final\webcode2m\we00040.png,C:\Users\Mahin\Thesis\render_validated_starter_kit\starter_kit\outputs\final_targets\webcode2m\we00040.html,l2,3075.0,2549.0,17.106,fc5c460650b113381ab4add71bfa8be301da33f1f3bc4d17fbaefe5fd2f62c08,b13701123359cba0b3e7efe1f22b37b109936ea392e76d1b2a32135319d76cdf,C:\Users\Mahin\Thesis\render_validated_starter_kit\starter_kit\outputs\level2\webcode2m\we00040.html
we00041,webcode2m,C:\Users\Mahin\Thesis\render_validated_starter_kit\starter_kit\outputs\renders_final\webcode2m\we00041.png,C:\Users\Mahin\Thesis\render_validated_starter_kit\starter_kit\outputs\final_targets\webcode2m\we00041.html,l2,3819.0,2654.0,30.505,f2357763c765598058f73ae65c769db16c738848d306af9248b48b268141e4a6,07bd0ee10649eabd40cbb5a57db37365ce97de6313d075d7c6c9e55da0d33a56,C:\Users\Mahin\Thesis\render_validated_starter_kit\starter_kit\outputs\level2\webcode2m\we00041.html
we00042,webcode2m,C:\Users\Mahin\Thesis\render_validated_starter_kit\starter_kit\outputs\renders_final\webcode2m\we00042.png,C:\Users\Mahin\Thesis\render_validated_starter_kit\starter_kit\outputs\final_targets\webcode2m\we00042.html,l2,3565.0,2515.0,29.453,e67796ceec2abd55180d1ed808f12ed034620b4e12bdc046b293c968fada761a,d6c446b1cac769919da78a4eca497b78e6ecd0813be2e8e6e36247f1037e2bdd,C:\Users\Mahin\Thesis\render_validated_starter_kit\starter_kit\outputs\level2\webcode2m\we00042.html
we00043,webcode2m,C:\Users\Mahin\Thesis\render_validated_starter_kit\starter_kit\outputs\renders_final\webcode2m\we00043.png,C:\Users\Mahin\Thesis\render_validated_starter_kit\starter_kit\outputs\final_targets\webcode2m\we00043.html,l2,1527.0,1087.0,28.815,256edacc6972a89816ba9f1b06f0e3033eb6afdb11b28bc99bfd41d42158491d,f857bd5b5b25274c732fecc571e8a114326972f3b825a4dd2c7e672b9abb64d2,C:\Users\Mahin\Thesis\render_validated_starter_kit\starter_kit\outputs\level2\webcode2m\we00043.html
we00044,webcode2m,C:\Users\Mahin\Thesis\render_validated_starter_kit\starter_kit\outputs\renders_final\webcode2m\we00044.png,C:\Users\Mahin\Thesis\render_validated_starter_kit\starter_kit\outputs\final_targets\webcode2m\we00044.html,l2,5874.0,3653.0,37.811,fd704c878d406d1510ddaceec9d1097f57bdfee2b9ac77a4f8bcd1e29b31f90f,fc49e80573e7f796cef13aef4b5e44fd40db0f1d164c58fbf012655524c5648c,C:\Users\Mahin\Thesis\render_validated_starter_kit\starter_kit\outputs\level2\webcode2m\we00044.html
we00045,webcode2m,C:\Users\Mahin\Thesis\render_validated_starter_kit\starter_kit\outputs\renders_final\webcode2m\we00045.png,C:\Users\Mahin\Thesis\render_validated_starter_kit\starter_kit\outputs\final_targets\webcode2m\we00045.html,l2,2542.0,1989.0,21.755,f100b90f86d6740204d0783c284f12b3ed5b08ff1fc2c878dd105f3ab89fc95b,549b28e1b297d586db12c8c5461ab1da32b29eb2de87deefec11aa1ba3a83f09,C:\Users\Mahin\Thesis\render_validated_starter_kit\starter_kit\outputs\level2\webcode2m\we00045.html
we00046,webcode2m,C:\Users\Mahin\Thesis\render_validated_starter_kit\starter_kit\outputs\renders_final\webcode2m\we00046.png,C:\Users\Mahin\Thesis\render_validated_starter_kit\starter_kit\outputs\final_targets\webcode2m\we00046.html,l2,4561.0,4050.0,11.204,2c00a6b3b6d72692f89e43e5e936064188c4ce16b2881d61d57e899b8fd1a1d5,d47531c06e831b1c72541864a61433f846515fea4d291503a288c9414bfc46f2,C:\Users\Mahin\Thesis\render_validated_starter_kit\starter_kit\outputs\level2\webcode2m\we00046.html
we00047,webcode2m,C:\Users\Mahin\Thesis\render_validated_starter_kit\starter_kit\outputs\renders_final\webcode2m\we00047.png,C:\Users\Mahin\Thesis\render_validated_starter_kit\starter_kit\outputs\final_targets\webcode2m\we00047.html,l2,6557.0,4451.0,32.118,2664696fd44116213af2eb07020f40af3536bd4508033f1614df03df266141f4,9041fade5577ba201568c8ba5873e97dc9daabba4a67bb72f19ae15e4deae0e3,C:\Users\Mahin\Thesis\render_validated_starter_kit\starter_kit\outputs\level2\webcode2m\we00047.html
we00048,webcode2m,C:\Users\Mahin\Thesis\render_validated_starter_kit\starter_kit\outputs\renders_final\webcode2m\we00048.png,C:\Users\Mahin\Thesis\render_validated_starter_kit\starter_kit\outputs\final_targets\webcode2m\we00048.html,l2,3090.0,1870.0,39.482,58af1a70cdcd2a23c2513bd5c2fdb0aee65878a356e277651fa0b62103d9013c,36274e2453534809fd2d2ab6df3b94c891327af9f99e13da134c15e1634c7c8b,C:\Users\Mahin\Thesis\render_validated_starter_kit\starter_kit\outputs\level2\webcode2m\we00048.html
we00049,webcode2m,C:\Users\Mahin\Thesis\render_validated_starter_kit\starter_kit\outputs\renders_final\webcode2m\we00049.png,C:\Users\Mahin\Thesis\render_validated_starter_kit\starter_kit\outputs\final_targets\webcode2m\we00049.html,l2,2989.0,2171.0,27.367,1c8c3d52878f246b3b9b635e85f7cfb38f88043911edf976b0b5faaebe92225c,9d0613581e6607c30cccac91cc86288b494f9ce2a8a4b6c7b1bef1f2478dfbc5,C:\Users\Mahin\Thesis\render_validated_starter_kit\starter_kit\outputs\level2\webcode2m\we00049.html
we00050,webcode2m,C:\Users\Mahin\Thesis\render_validated_starter_kit\starter_kit\outputs\renders_final\webcode2m\we00050.png,C:\Users\Mahin\Thesis\render_validated_starter_kit\starter_kit\outputs\final_targets\webcode2m\we00050.html,l2,4327.0,3615.0,16.455,df50215b78bcc095b682f8cb66df6ab3eebd217d6dcb448a363e5cde825f4c9d,5618b97bd9bbdd3c37e38ae42ea4816010170f1b18a05b5d66964cb2019a2353,C:\Users\Mahin\Thesis\render_validated_starter_kit\starter_kit\outputs\level2\webcode2m\we00050.html
we00051,webcode2m,C:\Users\Mahin\Thesis\render_validated_starter_kit\starter_kit\outputs\renders_final\webcode2m\we00051.png,C:\Users\Mahin\Thesis\render_validated_starter_kit\starter_kit\outputs\final_targets\webcode2m\we00051.html,l2,3336.0,2937.0,11.96,68696c97eae3e9f43e6193bab74eae1a0014be91194030891454aa3692f5b103,3dbfa0f5da50c27944d529db7a52d42140abd4846c86355f899c862b5d3afda7,C:\Users\Mahin\Thesis\render_validated_starter_kit\starter_kit\outputs\level2\webcode2m\we00051.html
we00052,webcode2m,C:\Users\Mahin\Thesis\render_validated_starter_kit\starter_kit\outputs\renders_final\webcode2m\we00052.png,C:\Users\Mahin\Thesis\render_validated_starter_kit\starter_kit\outputs\final_targets\webcode2m\we00052.html,l2,1956.0,1584.0,19.018,a85fdd930ba7ef65c85dcbc4807469826fbd05120df33a57dc0115a25b7107c5,ca6aa69d0003442fb33da3abc9fe907124828260a2672486e2466ab390ba65f9,C:\Users\Mahin\Thesis\render_validated_starter_kit\starter_kit\outputs\level2\webcode2m\we00052.html
we00053,webcode2m,C:\Users\Mahin\Thesis\render_validated_starter_kit\starter_kit\outputs\renders_final\webcode2m\we00053.png,C:\Users\Mahin\Thesis\render_validated_starter_kit\starter_kit\outputs\final_targets\webcode2m\we00053.html,original,3488.0,3488.0,0.0,7e71bd2ca01399e4271d3c70ea5fdfbdfacf941fd1f598800824a4d8f2b03e34,7e71bd2ca01399e4271d3c70ea5fdfbdfacf941fd1f598800824a4d8f2b03e34,C:\Users\Mahin\Thesis\render_validated_starter_kit\starter_kit\data\raw_webcode2m\we00053.html
we00054,webcode2m,C:\Users\Mahin\Thesis\render_validated_starter_kit\starter_kit\outputs\renders_final\webcode2m\we00054.png,C:\Users\Mahin\Thesis\render_validated_starter_kit\starter_kit\outputs\final_targets\webcode2m\we00054.html,l2,5530.0,3143.0,43.165,70f17cb737e807464b570ac4f2b72b83f185805a05d7a23c9aeff4e03ea6ce7e,67ccd370ee444cdc27e7a006cdcc8c15f2ea96e229c398b9787f14355f6c17c3,C:\Users\Mahin\Thesis\render_validated_starter_kit\starter_kit\outputs\level2\webcode2m\we00054.html
we00055,webcode2m,C:\Users\Mahin\Thesis\render_validated_starter_kit\starter_kit\outputs\renders_final\webcode2m\we00055.png,C:\Users\Mahin\Thesis\render_validated_starter_kit\starter_kit\outputs\final_targets\webcode2m\we00055.html,l2,4375.0,2717.0,37.897,5976b49a8a3cb4803e774baf00bcf33d79a975bffc0978edb5a4c4ccfa719b63,8df60156bffbf7e2b80e52c6acdd37f0ee3300cf0aceb32650e5012f768b49a6,C:\Users\Mahin\Thesis\render_validated_starter_kit\starter_kit\outputs\level2\webcode2m\we00055.html
we00056,webcode2m,C:\Users\Mahin\Thesis\render_validated_starter_kit\starter_kit\outputs\renders_final\webcode2m\we00056.png,C:\Users\Mahin\Thesis\render_validated_starter_kit\starter_kit\outputs\final_targets\webcode2m\we00056.html,l2,1704.0,1217.0,28.58,0b0c7c22cf64c93baf8d4099ef9aade516b3b1a8ca82ec0c9e2828335f4b309f,ec2fb65e807d783c864d2a4a2ae93af1cc5d67d74c4f13404ba9c51b81b8981a,C:\Users\Mahin\Thesis\render_validated_starter_kit\starter_kit\outputs\level2\webcode2m\we00056.html
we00057,webcode2m,C:\Users\Mahin\Thesis\render_validated_starter_kit\starter_kit\outputs\renders_final\webcode2m\we00057.png,C:\Users\Mahin\Thesis\render_validated_starter_kit\starter_kit\outputs\final_targets\webcode2m\we00057.html,l2,4324.0,3491.0,19.265,a07019b503c63a62d3520a4988a64ad1a31238b17ca7ac0b55912617d18b2bd0,9862913e2f32b97933b108af8e6631b3c7531068cdf46e220b85eead752b81e2,C:\Users\Mahin\Thesis\render_validated_starter_kit\starter_kit\outputs\level2\webcode2m\we00057.html
we00058,webcode2m,C:\Users\Mahin\Thesis\render_validated_starter_kit\starter_kit\outputs\renders_final\webcode2m\we00058.png,C:\Users\Mahin\Thesis\render_validated_starter_kit\starter_kit\outputs\final_targets\webcode2m\we00058.html,l2,2298.0,1849.0,19.539,be91e8e9e7a5ccacaaad6ce400ebc8902dd4c83d3a4e9a0eb3d556bc7fa404bc,ac77ab723271b1363b6e33ff79fb81a0bb02235a8ac5d25edfcc7c6c2b80eb09,C:\Users\Mahin\Thesis\render_validated_starter_kit\starter_kit\outputs\level2\webcode2m\we00058.html
we00059,webcode2m,C:\Users\Mahin\Thesis\render_validated_starter_kit\starter_kit\outputs\renders_final\webcode2m\we00059.png,C:\Users\Mahin\Thesis\render_validated_starter_kit\starter_kit\outputs\final_targets\webcode2m\we00059.html,l2,2612.0,2361.0,9.609,93af3b13ed7fc0b4a9b71e2cd8340ff5f8917e8c7d1ad850a2017e8115fad93c,0394d0b6e5296f2186225c788204e1301434de6a8c45b1fe1615747f01748f33,C:\Users\Mahin\Thesis\render_validated_starter_kit\starter_kit\outputs\level2\webcode2m\we00059.html
we00060,webcode2m,C:\Users\Mahin\Thesis\render_validated_starter_kit\starter_kit\outputs\renders_final\webcode2m\we00060.png,C:\Users\Mahin\Thesis\render_validated_starter_kit\starter_kit\outputs\final_targets\webcode2m\we00060.html,l2,3353.0,2640.0,21.265,81159ee674f4cb1c6f6eeeb8a7ec6fb0385797e74dea6d45a7675be32d934c15,3a607038b421ceffe1fba49e21c653f5b7c6db19d784b139f3e89b68da27552d,C:\Users\Mahin\Thesis\render_validated_starter_kit\starter_kit\outputs\level2\webcode2m\we00060.html
we00061,webcode2m,C:\Users\Mahin\Thesis\render_validated_starter_kit\starter_kit\outputs\renders_final\webcode2m\we00061.png,C:\Users\Mahin\Thesis\render_validated_starter_kit\starter_kit\outputs\final_targets\webcode2m\we00061.html,l2,2695.0,2360.0,12.43,fbacf605c927a6c0ef76a00e0d7e4092127ca7d8edb94922c7751b94bf3e73d1,04e71777efb35b3e85c042c3623e48fe6e2df8f6fe27d3a1c5eda868dd96770d,C:\Users\Mahin\Thesis\render_validated_starter_kit\starter_kit\outputs\level2\webcode2m\we00061.html
we00062,webcode2m,C:\Users\Mahin\Thesis\render_validated_starter_kit\starter_kit\outputs\renders_final\webcode2m\we00062.png,C:\Users\Mahin\Thesis\render_validated_starter_kit\starter_kit\outputs\final_targets\webcode2m\we00062.html,l1,1834.0,1618.0,11.778,8184a30452adde092cfae3fd69ed3ef8257c0facf6a17c76165fa414fac3a02d,282065869ebf5695cd068f459a3e09159d3cc6b61c96b0b50cbdb275681e2f7f,C:\Users\Mahin\Thesis\render_validated_starter_kit\starter_kit\outputs\level1\webcode2m\we00062.html
we00063,webcode2m,C:\Users\Mahin\Thesis\render_validated_starter_kit\starter_kit\outputs\renders_final\webcode2m\we00063.png,C:\Users\Mahin\Thesis\render_validated_starter_kit\starter_kit\outputs\final_targets\webcode2m\we00063.html,l2,7104.0,5410.0,23.846,1bdd57eba2d250987c397bb433d865863baef4c6cff94fcd86d5a8511c73cbe9,15d5e8ac1d2c7143754ed63122e30df9ee89bd543ddf3f3a6dc3770c42defc3b,C:\Users\Mahin\Thesis\render_validated_starter_kit\starter_kit\outputs\level2\webcode2m\we00063.html
we00064,webcode2m,C:\Users\Mahin\Thesis\render_validated_starter_kit\starter_kit\outputs\renders_final\webcode2m\we00064.png,C:\Users\Mahin\Thesis\render_validated_starter_kit\starter_kit\outputs\final_targets\webcode2m\we00064.html,l1,3941.0,3547.0,9.997,19c40ec731407e591589d6e64ec2230277edc936e0287cd6be1dc5cf1cc6b645,145671424a5ea9fc96e883bd0b9d75ab9cfb47f3a4fa32ea8b2b47d69a94fc9c,C:\Users\Mahin\Thesis\render_validated_starter_kit\starter_kit\outputs\level1\webcode2m\we00064.html
we00065,webcode2m,C:\Users\Mahin\Thesis\render_validated_starter_kit\starter_kit\outputs\renders_final\webcode2m\we00065.png,C:\Users\Mahin\Thesis\render_validated_starter_kit\starter_kit\outputs\final_targets\webcode2m\we00065.html,l2,4230.0,3097.0,26.785,bb13f6476f1d83310d6016388fd1b7e40722a28e9af2c3ad2f3762bb267ff7c8,d34b21156053c54be25d9b420b9ba6241654ea35be2b28574bfef23432780d76,C:\Users\Mahin\Thesis\render_validated_starter_kit\starter_kit\outputs\level2\webcode2m\we00065.html
we00066,webcode2m,C:\Users\Mahin\Thesis\render_validated_starter_kit\starter_kit\outputs\renders_final\webcode2m\we00066.png,C:\Users\Mahin\Thesis\render_validated_starter_kit\starter_kit\outputs\final_targets\webcode2m\we00066.html,l2,1387.0,954.0,31.218,a891ad38148978572dd98e7160ea9b8864841f2c33d1bbca899b5cf8824f0a9b,57a92bbf43d402b1b00a7b2e6173eca6daa1ed8e76e3bf54ec7203b2f351477f,C:\Users\Mahin\Thesis\render_validated_starter_kit\starter_kit\outputs\level2\webcode2m\we00066.html
we00067,webcode2m,C:\Users\Mahin\Thesis\render_validated_starter_kit\starter_kit\outputs\renders_final\webcode2m\we00067.png,C:\Users\Mahin\Thesis\render_validated_starter_kit\starter_kit\outputs\final_targets\webcode2m\we00067.html,l2,4451.0,3691.0,17.075,54c87ea7f30ff8efe7e9f33b2fbca12accfb2d1a562faa76e1eda3a9bf4d5afd,a5f4c2fb1e7fe3e9190d6933d6bb79748490b0fd5bb3470f687d672a515d10d4,C:\Users\Mahin\Thesis\render_validated_starter_kit\starter_kit\outputs\level2\webcode2m\we00067.html
we00068,webcode2m,C:\Users\Mahin\Thesis\render_validated_starter_kit\starter_kit\outputs\renders_final\webcode2m\we00068.png,C:\Users\Mahin\Thesis\render_validated_starter_kit\starter_kit\outputs\final_targets\webcode2m\we00068.html,l2,4852.0,3200.0,34.048,05978fe44ff34f534bb1c9fb2f107648ee3d912ae460909763b1bb47705667b2,d1cf130a5d3526a3b162096add6c74a2a889311d1b366a9f63389dd7ba5db911,C:\Users\Mahin\Thesis\render_validated_starter_kit\starter_kit\outputs\level2\webcode2m\we00068.html
we00069,webcode2m,C:\Users\Mahin\Thesis\render_validated_starter_kit\starter_kit\outputs\renders_final\webcode2m\we00069.png,C:\Users\Mahin\Thesis\render_validated_starter_kit\starter_kit\outputs\final_targets\webcode2m\we00069.html,l2,2884.0,2494.0,13.523,a2ce49408b6f8366c022294d0767f2091ac85c2e9b40332b1017b0c1a6695479,1f8c32e31a3697f1c1d62a479803d9d3516461d3e10613859232b088860c2282,C:\Users\Mahin\Thesis\render_validated_starter_kit\starter_kit\outputs\level2\webcode2m\we00069.html
we00070,webcode2m,C:\Users\Mahin\Thesis\render_validated_starter_kit\starter_kit\outputs\renders_final\webcode2m\we00070.png,C:\Users\Mahin\Thesis\render_validated_starter_kit\starter_kit\outputs\final_targets\webcode2m\we00070.html,l2,2909.0,2392.0,17.772,36413d8ecdc0fd11b72180afd29f2b5815632adabed16d9fe2d54c824dfae8b2,09504065aa2139c010de185d6fbc03f3978f5e3f562e7b2986814adaa5e8db96,C:\Users\Mahin\Thesis\render_validated_starter_kit\starter_kit\outputs\level2\webcode2m\we00070.html
we00072,webcode2m,C:\Users\Mahin\Thesis\render_validated_starter_kit\starter_kit\outputs\renders_final\webcode2m\we00072.png,C:\Users\Mahin\Thesis\render_validated_starter_kit\starter_kit\outputs\final_targets\webcode2m\we00072.html,l2,4006.0,2306.0,42.436,99c218f053aa27644c4b17cb0aef5e4b0388f907f1e5cfbe83f0eaf29e955770,a6426460c93b49421a766f4c165a13f1953cac69a96e07888a46b336ca834215,C:\Users\Mahin\Thesis\render_validated_starter_kit\starter_kit\outputs\level2\webcode2m\we00072.html
we00073,webcode2m,C:\Users\Mahin\Thesis\render_validated_starter_kit\starter_kit\outputs\renders_final\webcode2m\we00073.png,C:\Users\Mahin\Thesis\render_validated_starter_kit\starter_kit\outputs\final_targets\webcode2m\we00073.html,l2,4570.0,3642.0,20.306,885fd257aaaa470abd24dd8781cd77d7fc7edd9581edc6d2ba998c299e8f1b42,7b33608c6864ce573f1ba676fd9cecaf87c29377f2f7fbc2be969433b6178806,C:\Users\Mahin\Thesis\render_validated_starter_kit\starter_kit\outputs\level2\webcode2m\we00073.html
we00074,webcode2m,C:\Users\Mahin\Thesis\render_validated_starter_kit\starter_kit\outputs\renders_final\webcode2m\we00074.png,C:\Users\Mahin\Thesis\render_validated_starter_kit\starter_kit\outputs\final_targets\webcode2m\we00074.html,l2,2923.0,2588.0,11.461,ce09f002d772311188c746ba51ea4f69e4471c295f2577e73a45c344c9abf3d8,7313c310b0f7d6a9a669f2133ffaf2179884371893e16e68c5799faba920e84b,C:\Users\Mahin\Thesis\render_validated_starter_kit\starter_kit\outputs\level2\webcode2m\we00074.html
we00075,webcode2m,C:\Users\Mahin\Thesis\render_validated_starter_kit\starter_kit\outputs\renders_final\webcode2m\we00075.png,C:\Users\Mahin\Thesis\render_validated_starter_kit\starter_kit\outputs\final_targets\webcode2m\we00075.html,l1,1136.0,918.0,19.19,bd352b471d4d281d3df949e30adafc6e1a48cddc8d2b454bd01b3525fcdea20d,2e799f1a47c86def7a9ecb2c5eb5c054751f51a328be538f49cabc4382a97aff,C:\Users\Mahin\Thesis\render_validated_starter_kit\starter_kit\outputs\level1\webcode2m\we00075.html
we00076,webcode2m,C:\Users\Mahin\Thesis\render_validated_starter_kit\starter_kit\outputs\renders_final\webcode2m\we00076.png,C:\Users\Mahin\Thesis\render_validated_starter_kit\starter_kit\outputs\final_targets\webcode2m\we00076.html,l2,3386.0,2638.0,22.091,df33929c39662255ad68665ce69cd520ac20dea1ecc8fbd196eaaf1407b05de5,a9ff0fa39bf5b888c5c78fb0ff47449424a89188c708f848450a8ebf7e49cc28,C:\Users\Mahin\Thesis\render_validated_starter_kit\starter_kit\outputs\level2\webcode2m\we00076.html
we00077,webcode2m,C:\Users\Mahin\Thesis\render_validated_starter_kit\starter_kit\outputs\renders_final\webcode2m\we00077.png,C:\Users\Mahin\Thesis\render_validated_starter_kit\starter_kit\outputs\final_targets\webcode2m\we00077.html,l2,4958.0,2787.0,43.788,b817f372e096f630b9e187b8b33078fc0bc215278315d85873f5fa4aaa0094f1,c0aacaf0c4a80bbfe699294cc71f8de7a22bbdef98f9200757032d6b4288b825,C:\Users\Mahin\Thesis\render_validated_starter_kit\starter_kit\outputs\level2\webcode2m\we00077.html
we00078,webcode2m,C:\Users\Mahin\Thesis\render_validated_starter_kit\starter_kit\outputs\renders_final\webcode2m\we00078.png,C:\Users\Mahin\Thesis\render_validated_starter_kit\starter_kit\outputs\final_targets\webcode2m\we00078.html,l2,1812.0,1807.0,0.276,34be862dd23856352498d80b599a028e6247184aa1258edc3b0f95b773e284ae,d06288fdca82b5d0b28ecb9e85b96cd4abdf4b5d5c491569c90387cc1dbdb955,C:\Users\Mahin\Thesis\render_validated_starter_kit\starter_kit\outputs\level2\webcode2m\we00078.html
we00079,webcode2m,C:\Users\Mahin\Thesis\render_validated_starter_kit\starter_kit\outputs\renders_final\webcode2m\we00079.png,C:\Users\Mahin\Thesis\render_validated_starter_kit\starter_kit\outputs\final_targets\webcode2m\we00079.html,l2,3327.0,1695.0,49.053,58d81736105cd9e3577b3cf3368228545b8f79ff3e2c38d2f584c517e824d8d2,9670e2ef5e05e56b2ca1e068b68b2761568935763934ea9ea8825de2c1f466a0,C:\Users\Mahin\Thesis\render_validated_starter_kit\starter_kit\outputs\level2\webcode2m\we00079.html
we00080,webcode2m,C:\Users\Mahin\Thesis\render_validated_starter_kit\starter_kit\outputs\renders_final\webcode2m\we00080.png,C:\Users\Mahin\Thesis\render_validated_starter_kit\starter_kit\outputs\final_targets\webcode2m\we00080.html,l2,2909.0,2100.0,27.81,934689ce2a08f5c7995da9b9ea90b213891d0405a3f69711150329cb380265e6,0f368fe2433c755257977abb2278b7bc8a9760c493b314c6bf0e7bb35ac4c785,C:\Users\Mahin\Thesis\render_validated_starter_kit\starter_kit\outputs\level2\webcode2m\we00080.html
we00081,webcode2m,C:\Users\Mahin\Thesis\render_validated_starter_kit\starter_kit\outputs\renders_final\webcode2m\we00081.png,C:\Users\Mahin\Thesis\render_validated_starter_kit\starter_kit\outputs\final_targets\webcode2m\we00081.html,l2,3368.0,2465.0,26.811,a5b0f5742c0bf65a34687f200f6cd0cc6aa8be2ec0a9fb02724324a734b59c66,32e20a146c1589ca86d4daa9d540a86c1481466609e9b8833d65e70d3aadc66d,C:\Users\Mahin\Thesis\render_validated_starter_kit\starter_kit\outputs\level2\webcode2m\we00081.html
we00082,webcode2m,C:\Users\Mahin\Thesis\render_validated_starter_kit\starter_kit\outputs\renders_final\webcode2m\we00082.png,C:\Users\Mahin\Thesis\render_validated_starter_kit\starter_kit\outputs\final_targets\webcode2m\we00082.html,l2,1910.0,1455.0,23.822,247b088bfa2a2605b904f644f52ea002803de9ab75613ad412ff01e69274001f,5064170cf46f7f0b066b46e6bd5373bfa9400d721a295d684db027967df4cc6a,C:\Users\Mahin\Thesis\render_validated_starter_kit\starter_kit\outputs\level2\webcode2m\we00082.html
we00083,webcode2m,C:\Users\Mahin\Thesis\render_validated_starter_kit\starter_kit\outputs\renders_final\webcode2m\we00083.png,C:\Users\Mahin\Thesis\render_validated_starter_kit\starter_kit\outputs\final_targets\webcode2m\we00083.html,l2,5228.0,4176.0,20.122,9026043597231fe7d28aba409e8dea37374dedb36be76fc96226aa9caf501f6f,eb8c791c2d995c1873d109ebe07d0d771ac6e16329fb5120191340a240f28257,C:\Users\Mahin\Thesis\render_validated_starter_kit\starter_kit\outputs\level2\webcode2m\we00083.html
we00084,webcode2m,C:\Users\Mahin\Thesis\render_validated_starter_kit\starter_kit\outputs\renders_final\webcode2m\we00084.png,C:\Users\Mahin\Thesis\render_validated_starter_kit\starter_kit\outputs\final_targets\webcode2m\we00084.html,l2,3368.0,2465.0,26.811,fc87323b30bdd051aa0b647643f8cfb1efd779aaa3a5b80520dcdf5e33c13283,3eff007d271aa4ee22a8608902869147f5cb7f30fa50520c34222196471b4077,C:\Users\Mahin\Thesis\render_validated_starter_kit\starter_kit\outputs\level2\webcode2m\we00084.html
we00085,webcode2m,C:\Users\Mahin\Thesis\render_validated_starter_kit\starter_kit\outputs\renders_final\webcode2m\we00085.png,C:\Users\Mahin\Thesis\render_validated_starter_kit\starter_kit\outputs\final_targets\webcode2m\we00085.html,l2,1999.0,1416.0,29.165,154d0f5d606cbd4888f0df9f7905b9a9c7b845b4707a2527ff84f8f84058ef76,fea21fbff0953405cf6755635dd1f2a8f8db2ed7547352c0e3f87aa5a8463ead,C:\Users\Mahin\Thesis\render_validated_starter_kit\starter_kit\outputs\level2\webcode2m\we00085.html
we00086,webcode2m,C:\Users\Mahin\Thesis\render_validated_starter_kit\starter_kit\outputs\renders_final\webcode2m\we00086.png,C:\Users\Mahin\Thesis\render_validated_starter_kit\starter_kit\outputs\final_targets\webcode2m\we00086.html,l2,1704.0,1217.0,28.58,8d5c8816a5a2f69971695b0df719c942f01ddb0ba188bd41b7dc6475fef6f25b,ab00a15507a407aaee4c4271a3dd5ca79343fb45884c18ccb3877b683aff4acd,C:\Users\Mahin\Thesis\render_validated_starter_kit\starter_kit\outputs\level2\webcode2m\we00086.html
we00087,webcode2m,C:\Users\Mahin\Thesis\render_validated_starter_kit\starter_kit\outputs\renders_final\webcode2m\we00087.png,C:\Users\Mahin\Thesis\render_validated_starter_kit\starter_kit\outputs\final_targets\webcode2m\we00087.html,l2,2647.0,2477.0,6.422,2b80e3ae47628fb83cb36783c27ff5c1fe12aeb5df593e18f0df124cebdb8980,bef0c9abad6caef7200cee14d138449c234ba407bbc8cda4c64c3bdac2010b7e,C:\Users\Mahin\Thesis\render_validated_starter_kit\starter_kit\outputs\level2\webcode2m\we00087.html
we00088,webcode2m,C:\Users\Mahin\Thesis\render_validated_starter_kit\starter_kit\outputs\renders_final\webcode2m\we00088.png,C:\Users\Mahin\Thesis\render_validated_starter_kit\starter_kit\outputs\final_targets\webcode2m\we00088.html,l2,3645.0,2615.0,28.258,ef485eb4ad7604960f54e44525a7312ba58efb0f3252483b91a5e2f40ec8a5d8,07658837d80ce2c5e7155d0531ed894f688ed1ea177c40d993380e617065805e,C:\Users\Mahin\Thesis\render_validated_starter_kit\starter_kit\outputs\level2\webcode2m\we00088.html
we00089,webcode2m,C:\Users\Mahin\Thesis\render_validated_starter_kit\starter_kit\outputs\renders_final\webcode2m\we00089.png,C:\Users\Mahin\Thesis\render_validated_starter_kit\starter_kit\outputs\final_targets\webcode2m\we00089.html,l1,1700.0,1566.0,7.882,fcb8e47c73d31de8f1d32b1f7a16bba5183edc896d3108bca8f5c35f60744c56,2159641c4af4db40e72b7bb3d6129bb60d27c425cade4d5adc7f9755f15ccbe7,C:\Users\Mahin\Thesis\render_validated_starter_kit\starter_kit\outputs\level1\webcode2m\we00089.html
we00090,webcode2m,C:\Users\Mahin\Thesis\render_validated_starter_kit\starter_kit\outputs\renders_final\webcode2m\we00090.png,C:\Users\Mahin\Thesis\render_validated_starter_kit\starter_kit\outputs\final_targets\webcode2m\we00090.html,l2,6864.0,4996.0,27.214,f298b7276c00c3117a5fd1258a0c3ef41a110a7320f78e3e43bbc830a4c2c52d,1d660e8515e62260f8a67072f3ca09ec5684718a10c2427d2d439228b56ddf74,C:\Users\Mahin\Thesis\render_validated_starter_kit\starter_kit\outputs\level2\webcode2m\we00090.html
we00091,webcode2m,C:\Users\Mahin\Thesis\render_validated_starter_kit\starter_kit\outputs\renders_final\webcode2m\we00091.png,C:\Users\Mahin\Thesis\render_validated_starter_kit\starter_kit\outputs\final_targets\webcode2m\we00091.html,l2,8292.0,5971.0,27.991,50681974a058c7d83b90e303ff6cf98e2da076351c6958420f39c645bede6f87,c04f5fea6b7da0d899bbc831cda7ceab42227bc66626a99323d5f3d6174bce77,C:\Users\Mahin\Thesis\render_validated_starter_kit\starter_kit\outputs\level2\webcode2m\we00091.html
we00092,webcode2m,C:\Users\Mahin\Thesis\render_validated_starter_kit\starter_kit\outputs\renders_final\webcode2m\we00092.png,C:\Users\Mahin\Thesis\render_validated_starter_kit\starter_kit\outputs\final_targets\webcode2m\we00092.html,l2,4239.0,3265.0,22.977,c713e2aa01d823522ab39287fc830c511a330cec9a772413fa3529516db8871a,c212f7856002a1bdea431a667a7c9cb36f493cb4d3672084a28d50fe8703b0c8,C:\Users\Mahin\Thesis\render_validated_starter_kit\starter_kit\outputs\level2\webcode2m\we00092.html
we00093,webcode2m,C:\Users\Mahin\Thesis\render_validated_starter_kit\starter_kit\outputs\renders_final\webcode2m\we00093.png,C:\Users\Mahin\Thesis\render_validated_starter_kit\starter_kit\outputs\final_targets\webcode2m\we00093.html,l2,3348.0,2740.0,18.16,639c4fc356261b600ddd1dad7f846e3107b31de4841af499eafd0577593cb93f,c3993ab1bae2c6f885b3921369a1f2c06bd7e70eafc1874feb84b07b9409fe83,C:\Users\Mahin\Thesis\render_validated_starter_kit\starter_kit\outputs\level2\webcode2m\we00093.html
we00094,webcode2m,C:\Users\Mahin\Thesis\render_validated_starter_kit\starter_kit\outputs\renders_final\webcode2m\we00094.png,C:\Users\Mahin\Thesis\render_validated_starter_kit\starter_kit\outputs\final_targets\webcode2m\we00094.html,l2,2966.0,2316.0,21.915,ee63691860e8519cbca3b4843d217a39f4279bf4b6b58c1c60d8019e73f25fd3,0eace20bcc7d00f62a728e8208dc9ee6b152569240494c6a7c033032df873780,C:\Users\Mahin\Thesis\render_validated_starter_kit\starter_kit\outputs\level2\webcode2m\we00094.html
we00095,webcode2m,C:\Users\Mahin\Thesis\render_validated_starter_kit\starter_kit\outputs\renders_final\webcode2m\we00095.png,C:\Users\Mahin\Thesis\render_validated_starter_kit\starter_kit\outputs\final_targets\webcode2m\we00095.html,l2,4842.0,3222.0,33.457,a3042426c7e70dd00703b3f8f4c8c061d221f2eeac27810cb4ac971323223aa0,e776260dac0dd453374784e2f292b8c3fe0bf11d1d9da8929ea10390b6292a40,C:\Users\Mahin\Thesis\render_validated_starter_kit\starter_kit\outputs\level2\webcode2m\we00095.html
we00096,webcode2m,C:\Users\Mahin\Thesis\render_validated_starter_kit\starter_kit\outputs\renders_final\webcode2m\we00096.png,C:\Users\Mahin\Thesis\render_validated_starter_kit\starter_kit\outputs\final_targets\webcode2m\we00096.html,l2,3920.0,2813.0,28.24,cf488d967c590f237dc4a33ca02e0f8ecdc5f7b79b8372ed5b3eaaf13a4db9be,b648fdde781d3d36fc3a7308a795d57d68a4b87398354af01ba430a0fe78e61c,C:\Users\Mahin\Thesis\render_validated_starter_kit\starter_kit\outputs\level2\webcode2m\we00096.html
we00097,webcode2m,C:\Users\Mahin\Thesis\render_validated_starter_kit\starter_kit\outputs\renders_final\webcode2m\we00097.png,C:\Users\Mahin\Thesis\render_validated_starter_kit\starter_kit\outputs\final_targets\webcode2m\we00097.html,l2,4418.0,3191.0,27.773,9bdc7ff1f4de3277bf8aa42332f60d77584e7e048ff461285140a2a843ed4b4e,8030d221595121f0cdc734505c67cb42b63cac5789fd5bf0c24e57d649f5462f,C:\Users\Mahin\Thesis\render_validated_starter_kit\starter_kit\outputs\level2\webcode2m\we00097.html
we00098,webcode2m,C:\Users\Mahin\Thesis\render_validated_starter_kit\starter_kit\outputs\renders_final\webcode2m\we00098.png,C:\Users\Mahin\Thesis\render_validated_starter_kit\starter_kit\outputs\final_targets\webcode2m\we00098.html,l2,2729.0,2108.0,22.756,9fa37c90a7c440476b178d87bfe30ed0c61ca4058a92854fa46ca89380fb1c33,45f4bfab7304d9cfb444555994d46ec872ac06a77e8d7bc25780966d79593267,C:\Users\Mahin\Thesis\render_validated_starter_kit\starter_kit\outputs\level2\webcode2m\we00098.html
we00099,webcode2m,C:\Users\Mahin\Thesis\render_validated_starter_kit\starter_kit\outputs\renders_final\webcode2m\we00099.png,C:\Users\Mahin\Thesis\render_validated_starter_kit\starter_kit\outputs\final_targets\webcode2m\we00099.html,l2,2025.0,1455.0,28.148,a05b65bb04ca01d8ea6bebe71b290fe261903ad766d20086ce40d4e9594ccf94,75d39f9b8b6ca214bf1fbb9566c5416049d484753dce946d611e6892388b0d50,C:\Users\Mahin\Thesis\render_validated_starter_kit\starter_kit\outputs\level2\webcode2m\we00099.html
