page_id,source,dataset_png_path,html_path,level,tokens_orig,tokens_final,reduction_pct
we00000,webcode2m,C:\Users\Mahin\Thesis\render_validated_starter_kit\starter_kit\data\raw_webcode2m\we00000.png,C:\Users\Mahin\Thesis\render_validated_starter_kit\starter_kit\outputs\level3\webcode2m\we00000.html,l3,2371.0,1543.0,34.922
we00001,webcode2m,C:\Users\Mahin\Thesis\render_validated_starter_kit\starter_kit\data\raw_webcode2m\we00001.png,C:\Users\Mahin\Thesis\render_validated_starter_kit\starter_kit\outputs\level3\webcode2m\we00001.html,l3,5544.0,3374.0,39.141
we00002,webcode2m,C:\Users\Mahin\Thesis\render_validated_starter_kit\starter_kit\data\raw_webcode2m\we00002.png,C:\Users\Mahin\Thesis\render_validated_starter_kit\starter_kit\outputs\level3\webcode2m\we00002.html,l3,2609.0,2047.0,21.541
we00003,webcode2m,C:\Users\Mahin\Thesis\render_validated_starter_kit\starter_kit\data\raw_webcode2m\we00003.png,C:\Users\Mahin\Thesis\render_validated_starter_kit\starter_kit\outputs\level2\webcode2m\we00003.html,l2,2641.0,1932.0,26.846
we00004,webcode2m,C:\Users\Mahin\Thesis\render_validated_starter_kit\starter_kit\data\raw_webcode2m\we00004.png,C:\Users\Mahin\Thesis\render_validated_starter_kit\starter_kit\outputs\level3\webcode2m\we00004.html,l3,3802.0,1776.0,53.288
we00005,webcode2m,C:\Users\Mahin\Thesis\render_validated_starter_kit\starter_kit\data\raw_webcode2m\we00005.png,C:\Users\Mahin\Thesis\render_validated_starter_kit\starter_kit\outputs\level3\webcode2m\we00005.html,l3,3501.0,2526.0,27.849
we00006,webcode2m,C:\Users\Mahin\Thesis\render_validated_starter_kit\starter_kit\data\raw_webcode2m\we00006.png,C:\Users\Mahin\Thesis\render_validated_starter_kit\starter_kit\outputs\level3\webcode2m\we00006.html,l3,6634.0,3559.0,46.352
we00007,webcode2m,C:\Users\Mahin\Thesis\render_validated_starter_kit\starter_kit\data\raw_webcode2m\we00007.png,C:\Users\Mahin\Thesis\render_validated_starter_kit\starter_kit\outputs\level3\webcode2m\we00007.html,l3,5269.0,3910.0,25.792
we00008,webcode2m,C:\Users\Mahin\Thesis\render_validated_starter_kit\starter_kit\data\raw_webcode2m\we00008.png,C:\Users\Mahin\Thesis\render_validated_starter_kit\starter_kit\outputs\level3\webcode2m\we00008.html,l3,2999.0,2706.0,9.77
we00009,webcode2m,C:\Users\Mahin\Thesis\render_validated_starter_kit\starter_kit\data\raw_webcode2m\we00009.png,C:\Users\Mahin\Thesis\render_validated_starter_kit\starter_kit\outputs\level3\webcode2m\we00009.html,l3,5385.0,2733.0,49.248
we00010,webcode2m,C:\Users\Mahin\Thesis\render_validated_starter_kit\starter_kit\data\raw_webcode2m\we00010.png,C:\Users\Mahin\Thesis\render_validated_starter_kit\starter_kit\outputs\level3\webcode2m\we00010.html,l3,5063.0,3474.0,31.385
we00011,webcode2m,C:\Users\Mahin\Thesis\render_validated_starter_kit\starter_kit\data\raw_webcode2m\we00011.png,C:\Users\Mahin\Thesis\render_validated_starter_kit\starter_kit\outputs\level3\webcode2m\we00011.html,l3,6945.0,4464.0,35.724
we00012,webcode2m,C:\Users\Mahin\Thesis\render_validated_starter_kit\starter_kit\data\raw_webcode2m\we00012.png,C:\Users\Mahin\Thesis\render_validated_starter_kit\starter_kit\outputs\level3\webcode2m\we00012.html,l3,5271.0,2966.0,43.73
we00013,webcode2m,C:\Users\Mahin\Thesis\render_validated_starter_kit\starter_kit\data\raw_webcode2m\we00013.png,C:\Users\Mahin\Thesis\render_validated_starter_kit\starter_kit\outputs\level3\webcode2m\we00013.html,l3,2593.0,2275.0,12.264
we00014,webcode2m,C:\Users\Mahin\Thesis\render_validated_starter_kit\starter_kit\data\raw_webcode2m\we00014.png,C:\Users\Mahin\Thesis\render_validated_starter_kit\starter_kit\outputs\level3\webcode2m\we00014.html,l3,8924.0,5899.0,33.897
we00015,webcode2m,C:\Users\Mahin\Thesis\render_validated_starter_kit\starter_kit\data\raw_webcode2m\we00015.png,C:\Users\Mahin\Thesis\render_validated_starter_kit\starter_kit\outputs\level3\webcode2m\we00015.html,l3,7629.0,4494.0,41.093
we00016,webcode2m,C:\Users\Mahin\Thesis\render_validated_starter_kit\starter_kit\data\raw_webcode2m\we00016.png,C:\Users\Mahin\Thesis\render_validated_starter_kit\starter_kit\outputs\level2\webcode2m\we00016.html,l2,5951.0,4436.0,25.458
we00017,webcode2m,C:\Users\Mahin\Thesis\render_validated_starter_kit\starter_kit\data\raw_webcode2m\we00017.png,C:\Users\Mahin\Thesis\render_validated_starter_kit\starter_kit\outputs\level2\webcode2m\we00017.html,l2,1207.0,1123.0,6.959
we00018,webcode2m,C:\Users\Mahin\Thesis\render_validated_starter_kit\starter_kit\data\raw_webcode2m\we00018.png,C:\Users\Mahin\Thesis\render_validated_starter_kit\starter_kit\outputs\level3\webcode2m\we00018.html,l3,4121.0,3244.0,21.281
we00019,webcode2m,C:\Users\Mahin\Thesis\render_validated_starter_kit\starter_kit\data\raw_webcode2m\we00019.png,C:\Users\Mahin\Thesis\render_validated_starter_kit\starter_kit\outputs\level3\webcode2m\we00019.html,l3,6600.0,3525.0,46.591
we00020,webcode2m,C:\Users\Mahin\Thesis\render_validated_starter_kit\starter_kit\data\raw_webcode2m\we00020.png,C:\Users\Mahin\Thesis\render_validated_starter_kit\starter_kit\outputs\level3\webcode2m\we00020.html,l3,4953.0,2458.0,50.374
we00021,webcode2m,C:\Users\Mahin\Thesis\render_validated_starter_kit\starter_kit\data\raw_webcode2m\we00021.png,C:\Users\Mahin\Thesis\render_validated_starter_kit\starter_kit\outputs\level3\webcode2m\we00021.html,l3,5527.0,3567.0,35.462
we00022,webcode2m,C:\Users\Mahin\Thesis\render_validated_starter_kit\starter_kit\data\raw_webcode2m\we00022.png,C:\Users\Mahin\Thesis\render_validated_starter_kit\starter_kit\outputs\level3\webcode2m\we00022.html,l3,4247.0,3152.0,25.783
we00023,webcode2m,C:\Users\Mahin\Thesis\render_validated_starter_kit\starter_kit\data\raw_webcode2m\we00023.png,C:\Users\Mahin\Thesis\render_validated_starter_kit\starter_kit\outputs\level3\webcode2m\we00023.html,l3,3017.0,2302.0,23.699
we00024,webcode2m,C:\Users\Mahin\Thesis\render_validated_starter_kit\starter_kit\data\raw_webcode2m\we00024.png,C:\Users\Mahin\Thesis\render_validated_starter_kit\starter_kit\outputs\level3\webcode2m\we00024.html,l3,2842.0,2625.0,7.635
we00025,webcode2m,C:\Users\Mahin\Thesis\render_validated_starter_kit\starter_kit\data\raw_webcode2m\we00025.png,C:\Users\Mahin\Thesis\render_validated_starter_kit\starter_kit\outputs\level3\webcode2m\we00025.html,l3,6591.0,4279.0,35.078
we00026,webcode2m,C:\Users\Mahin\Thesis\render_validated_starter_kit\starter_kit\data\raw_webcode2m\we00026.png,C:\Users\Mahin\Thesis\render_validated_starter_kit\starter_kit\outputs\level3\webcode2m\we00026.html,l3,2870.0,2161.0,24.704
we00027,webcode2m,C:\Users\Mahin\Thesis\render_validated_starter_kit\starter_kit\data\raw_webcode2m\we00027.png,C:\Users\Mahin\Thesis\render_validated_starter_kit\starter_kit\outputs\level3\webcode2m\we00027.html,l3,4501.0,2988.0,33.615
we00028,webcode2m,C:\Users\Mahin\Thesis\render_validated_starter_kit\starter_kit\data\raw_webcode2m\we00028.png,C:\Users\Mahin\Thesis\render_validated_starter_kit\starter_kit\outputs\level3\webcode2m\we00028.html,l3,2142.0,1618.0,24.463
we00029,webcode2m,C:\Users\Mahin\Thesis\render_validated_starter_kit\starter_kit\data\raw_webcode2m\we00029.png,C:\Users\Mahin\Thesis\render_validated_starter_kit\starter_kit\outputs\level3\webcode2m\we00029.html,l3,3422.0,2971.0,13.179
we00030,webcode2m,C:\Users\Mahin\Thesis\render_validated_starter_kit\starter_kit\data\raw_webcode2m\we00030.png,C:\Users\Mahin\Thesis\render_validated_starter_kit\starter_kit\outputs\level3\webcode2m\we00030.html,l3,4391.0,1107.0,74.789
we00031,webcode2m,C:\Users\Mahin\Thesis\render_validated_starter_kit\starter_kit\data\raw_webcode2m\we00031.png,C:\Users\Mahin\Thesis\render_validated_starter_kit\starter_kit\outputs\level3\webcode2m\we00031.html,l3,7592.0,4957.0,34.708
we00032,webcode2m,C:\Users\Mahin\Thesis\render_validated_starter_kit\starter_kit\data\raw_webcode2m\we00032.png,C:\Users\Mahin\Thesis\render_validated_starter_kit\starter_kit\outputs\level3\webcode2m\we00032.html,l3,2560.0,2250.0,12.109
we00033,webcode2m,C:\Users\Mahin\Thesis\render_validated_starter_kit\starter_kit\data\raw_webcode2m\we00033.png,C:\Users\Mahin\Thesis\render_validated_starter_kit\starter_kit\outputs\level3\webcode2m\we00033.html,l3,4997.0,4447.0,11.007
we00034,webcode2m,C:\Users\Mahin\Thesis\render_validated_starter_kit\starter_kit\data\raw_webcode2m\we00034.png,C:\Users\Mahin\Thesis\render_validated_starter_kit\starter_kit\outputs\level2\webcode2m\we00034.html,l2,2835.0,2488.0,12.24
we00035,webcode2m,C:\Users\Mahin\Thesis\render_validated_starter_kit\starter_kit\data\raw_webcode2m\we00035.png,C:\Users\Mahin\Thesis\render_validated_starter_kit\starter_kit\outputs\level2\webcode2m\we00035.html,l2,2717.0,2492.0,8.281
we00036,webcode2m,C:\Users\Mahin\Thesis\render_validated_starter_kit\starter_kit\data\raw_webcode2m\we00036.png,C:\Users\Mahin\Thesis\render_validated_starter_kit\starter_kit\outputs\level3\webcode2m\we00036.html,l3,2505.0,1873.0,25.23
we00037,webcode2m,C:\Users\Mahin\Thesis\render_validated_starter_kit\starter_kit\data\raw_webcode2m\we00037.png,C:\Users\Mahin\Thesis\render_validated_starter_kit\starter_kit\outputs\level3\webcode2m\we00037.html,l3,3187.0,2336.0,26.702
we00038,webcode2m,C:\Users\Mahin\Thesis\render_validated_starter_kit\starter_kit\data\raw_webcode2m\we00038.png,C:\Users\Mahin\Thesis\render_validated_starter_kit\starter_kit\outputs\level3\webcode2m\we00038.html,l3,2528.0,2218.0,12.263
we00039,webcode2m,C:\Users\Mahin\Thesis\render_validated_starter_kit\starter_kit\data\raw_webcode2m\we00039.png,C:\Users\Mahin\Thesis\render_validated_starter_kit\starter_kit\outputs\level3\webcode2m\we00039.html,l3,3022.0,2893.0,4.269
we00040,webcode2m,C:\Users\Mahin\Thesis\render_validated_starter_kit\starter_kit\data\raw_webcode2m\we00040.png,C:\Users\Mahin\Thesis\render_validated_starter_kit\starter_kit\outputs\level3\webcode2m\we00040.html,l3,3075.0,2537.0,17.496
we00041,webcode2m,C:\Users\Mahin\Thesis\render_validated_starter_kit\starter_kit\data\raw_webcode2m\we00041.png,C:\Users\Mahin\Thesis\render_validated_starter_kit\starter_kit\outputs\level3\webcode2m\we00041.html,l3,3819.0,2640.0,30.872
we00042,webcode2m,C:\Users\Mahin\Thesis\render_validated_starter_kit\starter_kit\data\raw_webcode2m\we00042.png,C:\Users\Mahin\Thesis\render_validated_starter_kit\starter_kit\outputs\level3\webcode2m\we00042.html,l3,3565.0,2486.0,30.266
we00043,webcode2m,C:\Users\Mahin\Thesis\render_validated_starter_kit\starter_kit\data\raw_webcode2m\we00043.png,C:\Users\Mahin\Thesis\render_validated_starter_kit\starter_kit\outputs\level3\webcode2m\we00043.html,l3,1527.0,933.0,38.9
we00044,webcode2m,C:\Users\Mahin\Thesis\render_validated_starter_kit\starter_kit\data\raw_webcode2m\we00044.png,C:\Users\Mahin\Thesis\render_validated_starter_kit\starter_kit\outputs\level3\webcode2m\we00044.html,l3,5874.0,3030.0,48.417
we00045,webcode2m,C:\Users\Mahin\Thesis\render_validated_starter_kit\starter_kit\data\raw_webcode2m\we00045.png,C:\Users\Mahin\Thesis\render_validated_starter_kit\starter_kit\outputs\level3\webcode2m\we00045.html,l3,2542.0,1867.0,26.554
we00046,webcode2m,C:\Users\Mahin\Thesis\render_validated_starter_kit\starter_kit\data\raw_webcode2m\we00046.png,C:\Users\Mahin\Thesis\render_validated_starter_kit\starter_kit\outputs\level3\webcode2m\we00046.html,l3,4561.0,3968.0,13.002
we00047,webcode2m,C:\Users\Mahin\Thesis\render_validated_starter_kit\starter_kit\data\raw_webcode2m\we00047.png,C:\Users\Mahin\Thesis\render_validated_starter_kit\starter_kit\outputs\level3\webcode2m\we00047.html,l3,6557.0,4244.0,35.275
we00048,webcode2m,C:\Users\Mahin\Thesis\render_validated_starter_kit\starter_kit\data\raw_webcode2m\we00048.png,C:\Users\Mahin\Thesis\render_validated_starter_kit\starter_kit\outputs\level3\webcode2m\we00048.html,l3,3090.0,1812.0,41.359
we00049,webcode2m,C:\Users\Mahin\Thesis\render_validated_starter_kit\starter_kit\data\raw_webcode2m\we00049.png,C:\Users\Mahin\Thesis\render_validated_starter_kit\starter_kit\outputs\level3\webcode2m\we00049.html,l3,2989.0,2051.0,31.382
we00050,webcode2m,C:\Users\Mahin\Thesis\render_validated_starter_kit\starter_kit\data\raw_webcode2m\we00050.png,C:\Users\Mahin\Thesis\render_validated_starter_kit\starter_kit\outputs\level3\webcode2m\we00050.html,l3,4327.0,3548.0,18.003
we00051,webcode2m,C:\Users\Mahin\Thesis\render_validated_starter_kit\starter_kit\data\raw_webcode2m\we00051.png,C:\Users\Mahin\Thesis\render_validated_starter_kit\starter_kit\outputs\level3\webcode2m\we00051.html,l3,3336.0,2855.0,14.418
we00052,webcode2m,C:\Users\Mahin\Thesis\render_validated_starter_kit\starter_kit\data\raw_webcode2m\we00052.png,C:\Users\Mahin\Thesis\render_validated_starter_kit\starter_kit\outputs\level3\webcode2m\we00052.html,l3,1956.0,1581.0,19.172
we00053,webcode2m,C:\Users\Mahin\Thesis\render_validated_starter_kit\starter_kit\data\raw_webcode2m\we00053.png,C:\Users\Mahin\Thesis\render_validated_starter_kit\starter_kit\data\raw_webcode2m\we00053.html,original,3488.0,3488.0,0.0
we00054,webcode2m,C:\Users\Mahin\Thesis\render_validated_starter_kit\starter_kit\data\raw_webcode2m\we00054.png,C:\Users\Mahin\Thesis\render_validated_starter_kit\starter_kit\outputs\level3\webcode2m\we00054.html,l3,5530.0,2434.0,55.986
we00055,webcode2m,C:\Users\Mahin\Thesis\render_validated_starter_kit\starter_kit\data\raw_webcode2m\we00055.png,C:\Users\Mahin\Thesis\render_validated_starter_kit\starter_kit\outputs\level3\webcode2m\we00055.html,l3,4375.0,2622.0,40.069
we00056,webcode2m,C:\Users\Mahin\Thesis\render_validated_starter_kit\starter_kit\data\raw_webcode2m\we00056.png,C:\Users\Mahin\Thesis\render_validated_starter_kit\starter_kit\outputs\level3\webcode2m\we00056.html,l3,1704.0,1106.0,35.094
we00057,webcode2m,C:\Users\Mahin\Thesis\render_validated_starter_kit\starter_kit\data\raw_webcode2m\we00057.png,C:\Users\Mahin\Thesis\render_validated_starter_kit\starter_kit\outputs\level3\webcode2m\we00057.html,l3,4324.0,2886.0,33.256
we00058,webcode2m,C:\Users\Mahin\Thesis\render_validated_starter_kit\starter_kit\data\raw_webcode2m\we00058.png,C:\Users\Mahin\Thesis\render_validated_starter_kit\starter_kit\outputs\level3\webcode2m\we00058.html,l3,2298.0,1846.0,19.669
we00059,webcode2m,C:\Users\Mahin\Thesis\render_validated_starter_kit\starter_kit\data\raw_webcode2m\we00059.png,C:\Users\Mahin\Thesis\render_validated_starter_kit\starter_kit\outputs\level3\webcode2m\we00059.html,l3,2612.0,2345.0,10.222
we00060,webcode2m,C:\Users\Mahin\Thesis\render_validated_starter_kit\starter_kit\data\raw_webcode2m\we00060.png,C:\Users\Mahin\Thesis\render_validated_starter_kit\starter_kit\outputs\level3\webcode2m\we00060.html,l3,3353.0,2268.0,32.359
we00061,webcode2m,C:\Users\Mahin\Thesis\render_validated_starter_kit\starter_kit\data\raw_webcode2m\we00061.png,C:\Users\Mahin\Thesis\render_validated_starter_kit\starter_kit\outputs\level2\webcode2m\we00061.html,l2,2695.0,2360.0,12.43
we00062,webcode2m,C:\Users\Mahin\Thesis\render_validated_starter_kit\starter_kit\data\raw_webcode2m\we00062.png,C:\Users\Mahin\Thesis\render_validated_starter_kit\starter_kit\outputs\level3\webcode2m\we00062.html,l3,1834.0,1599.0,12.814
we00063,webcode2m,C:\Users\Mahin\Thesis\render_validated_starter_kit\starter_kit\data\raw_webcode2m\we00063.png,C:\Users\Mahin\Thesis\render_validated_starter_kit\starter_kit\outputs\level3\webcode2m\we00063.html,l3,7104.0,4554.0,35.895
we00064,webcode2m,C:\Users\Mahin\Thesis\render_validated_starter_kit\starter_kit\data\raw_webcode2m\we00064.png,C:\Users\Mahin\Thesis\render_validated_starter_kit\starter_kit\outputs\level3\webcode2m\we00064.html,l3,3941.0,3529.0,10.454
we00065,webcode2m,C:\Users\Mahin\Thesis\render_validated_starter_kit\starter_kit\data\raw_webcode2m\we00065.png,C:\Users\Mahin\Thesis\render_validated_starter_kit\starter_kit\outputs\level3\webcode2m\we00065.html,l3,4230.0,2655.0,37.234
we00066,webcode2m,C:\Users\Mahin\Thesis\render_validated_starter_kit\starter_kit\data\raw_webcode2m\we00066.png,C:\Users\Mahin\Thesis\render_validated_starter_kit\starter_kit\outputs\level3\webcode2m\we00066.html,l3,1387.0,823.0,40.663
we00067,webcode2m,C:\Users\Mahin\Thesis\render_validated_starter_kit\starter_kit\data\raw_webcode2m\we00067.png,C:\Users\Mahin\Thesis\render_validated_starter_kit\starter_kit\outputs\level3\webcode2m\we00067.html,l3,4451.0,3493.0,21.523
we00068,webcode2m,C:\Users\Mahin\Thesis\render_validated_starter_kit\starter_kit\data\raw_webcode2m\we00068.png,C:\Users\Mahin\Thesis\render_validated_starter_kit\starter_kit\outputs\level3\webcode2m\we00068.html,l3,4852.0,2356.0,51.443
we00069,webcode2m,C:\Users\Mahin\Thesis\render_validated_starter_kit\starter_kit\data\raw_webcode2m\we00069.png,C:\Users\Mahin\Thesis\render_validated_starter_kit\starter_kit\outputs\level2\webcode2m\we00069.html,l2,2884.0,2494.0,13.523
we00070,webcode2m,C:\Users\Mahin\Thesis\render_validated_starter_kit\starter_kit\data\raw_webcode2m\we00070.png,C:\Users\Mahin\Thesis\render_validated_starter_kit\starter_kit\outputs\level3\webcode2m\we00070.html,l3,2909.0,2378.0,18.254
we00071,webcode2m,C:\Users\Mahin\Thesis\render_validated_starter_kit\starter_kit\data\raw_webcode2m\we00071.png,C:\Users\Mahin\Thesis\render_validated_starter_kit\starter_kit\data\raw_webcode2m\we00071.html,original,2895.0,2895.0,0.0
we00072,webcode2m,C:\Users\Mahin\Thesis\render_validated_starter_kit\starter_kit\data\raw_webcode2m\we00072.png,C:\Users\Mahin\Thesis\render_validated_starter_kit\starter_kit\outputs\level3\webcode2m\we00072.html,l3,4006.0,1625.0,59.436
we00073,webcode2m,C:\Users\Mahin\Thesis\render_validated_starter_kit\starter_kit\data\raw_webcode2m\we00073.png,C:\Users\Mahin\Thesis\render_validated_starter_kit\starter_kit\outputs\level3\webcode2m\we00073.html,l3,4570.0,3357.0,26.543
we00074,webcode2m,C:\Users\Mahin\Thesis\render_validated_starter_kit\starter_kit\data\raw_webcode2m\we00074.png,C:\Users\Mahin\Thesis\render_validated_starter_kit\starter_kit\outputs\level2\webcode2m\we00074.html,l2,2923.0,2588.0,11.461
we00075,webcode2m,C:\Users\Mahin\Thesis\render_validated_starter_kit\starter_kit\data\raw_webcode2m\we00075.png,C:\Users\Mahin\Thesis\render_validated_starter_kit\starter_kit\outputs\level1\webcode2m\we00075.html,l1,1136.0,918.0,19.19
we00076,webcode2m,C:\Users\Mahin\Thesis\render_validated_starter_kit\starter_kit\data\raw_webcode2m\we00076.png,C:\Users\Mahin\Thesis\render_validated_starter_kit\starter_kit\outputs\level3\webcode2m\we00076.html,l3,3386.0,2157.0,36.297
we00077,webcode2m,C:\Users\Mahin\Thesis\render_validated_starter_kit\starter_kit\data\raw_webcode2m\we00077.png,C:\Users\Mahin\Thesis\render_validated_starter_kit\starter_kit\outputs\level3\webcode2m\we00077.html,l3,4958.0,2783.0,43.868
we00078,webcode2m,C:\Users\Mahin\Thesis\render_validated_starter_kit\starter_kit\data\raw_webcode2m\we00078.png,C:\Users\Mahin\Thesis\render_validated_starter_kit\starter_kit\outputs\level2\webcode2m\we00078.html,l2,1812.0,1807.0,0.276
we00079,webcode2m,C:\Users\Mahin\Thesis\render_validated_starter_kit\starter_kit\data\raw_webcode2m\we00079.png,C:\Users\Mahin\Thesis\render_validated_starter_kit\starter_kit\outputs\level3\webcode2m\we00079.html,l3,3327.0,1392.0,58.161
we00080,webcode2m,C:\Users\Mahin\Thesis\render_validated_starter_kit\starter_kit\data\raw_webcode2m\we00080.png,C:\Users\Mahin\Thesis\render_validated_starter_kit\starter_kit\outputs\level3\webcode2m\we00080.html,l3,2909.0,2058.0,29.254
we00081,webcode2m,C:\Users\Mahin\Thesis\render_validated_starter_kit\starter_kit\data\raw_webcode2m\we00081.png,C:\Users\Mahin\Thesis\render_validated_starter_kit\starter_kit\outputs\level3\webcode2m\we00081.html,l3,3368.0,2383.0,29.246
we00082,webcode2m,C:\Users\Mahin\Thesis\render_validated_starter_kit\starter_kit\data\raw_webcode2m\we00082.png,C:\Users\Mahin\Thesis\render_validated_starter_kit\starter_kit\outputs\level3\webcode2m\we00082.html,l3,1910.0,1449.0,24.136
we00083,webcode2m,C:\Users\Mahin\Thesis\render_validated_starter_kit\starter_kit\data\raw_webcode2m\we00083.png,C:\Users\Mahin\Thesis\render_validated_starter_kit\starter_kit\outputs\level3\webcode2m\we00083.html,l3,5228.0,3732.0,28.615
we00084,webcode2m,C:\Users\Mahin\Thesis\render_validated_starter_kit\starter_kit\data\raw_webcode2m\we00084.png,C:\Users\Mahin\Thesis\render_validated_starter_kit\starter_kit\outputs\level3\webcode2m\we00084.html,l3,3368.0,2383.0,29.246
we00085,webcode2m,C:\Users\Mahin\Thesis\render_validated_starter_kit\starter_kit\data\raw_webcode2m\we00085.png,C:\Users\Mahin\Thesis\render_validated_starter_kit\starter_kit\outputs\level2\webcode2m\we00085.html,l2,1999.0,1416.0,29.165
we00086,webcode2m,C:\Users\Mahin\Thesis\render_validated_starter_kit\starter_kit\data\raw_webcode2m\we00086.png,C:\Users\Mahin\Thesis\render_validated_starter_kit\starter_kit\outputs\level3\webcode2m\we00086.html,l3,1704.0,1106.0,35.094
we00087,webcode2m,C:\Users\Mahin\Thesis\render_validated_starter_kit\starter_kit\data\raw_webcode2m\we00087.png,C:\Users\Mahin\Thesis\render_validated_starter_kit\starter_kit\outputs\level3\webcode2m\we00087.html,l3,2647.0,2469.0,6.725
we00088,webcode2m,C:\Users\Mahin\Thesis\render_validated_starter_kit\starter_kit\data\raw_webcode2m\we00088.png,C:\Users\Mahin\Thesis\render_validated_starter_kit\starter_kit\outputs\level3\webcode2m\we00088.html,l3,3645.0,2106.0,42.222
we00089,webcode2m,C:\Users\Mahin\Thesis\render_validated_starter_kit\starter_kit\data\raw_webcode2m\we00089.png,C:\Users\Mahin\Thesis\render_validated_starter_kit\starter_kit\outputs\level1\webcode2m\we00089.html,l1,1700.0,1566.0,7.882
we00090,webcode2m,C:\Users\Mahin\Thesis\render_validated_starter_kit\starter_kit\data\raw_webcode2m\we00090.png,C:\Users\Mahin\Thesis\render_validated_starter_kit\starter_kit\outputs\level3\webcode2m\we00090.html,l3,6864.0,4433.0,35.417
we00091,webcode2m,C:\Users\Mahin\Thesis\render_validated_starter_kit\starter_kit\data\raw_webcode2m\we00091.png,C:\Users\Mahin\Thesis\render_validated_starter_kit\starter_kit\outputs\level2\webcode2m\we00091.html,l2,8292.0,5971.0,27.991
we00092,webcode2m,C:\Users\Mahin\Thesis\render_validated_starter_kit\starter_kit\data\raw_webcode2m\we00092.png,C:\Users\Mahin\Thesis\render_validated_starter_kit\starter_kit\outputs\level2\webcode2m\we00092.html,l2,4239.0,3265.0,22.977
we00093,webcode2m,C:\Users\Mahin\Thesis\render_validated_starter_kit\starter_kit\data\raw_webcode2m\we00093.png,C:\Users\Mahin\Thesis\render_validated_starter_kit\starter_kit\outputs\level3\webcode2m\we00093.html,l3,3348.0,2633.0,21.356
we00094,webcode2m,C:\Users\Mahin\Thesis\render_validated_starter_kit\starter_kit\data\raw_webcode2m\we00094.png,C:\Users\Mahin\Thesis\render_validated_starter_kit\starter_kit\outputs\level3\webcode2m\we00094.html,l3,2966.0,2115.0,28.692
we00095,webcode2m,C:\Users\Mahin\Thesis\render_validated_starter_kit\starter_kit\data\raw_webcode2m\we00095.png,C:\Users\Mahin\Thesis\render_validated_starter_kit\starter_kit\outputs\level3\webcode2m\we00095.html,l3,4842.0,2486.0,48.658
we00096,webcode2m,C:\Users\Mahin\Thesis\render_validated_starter_kit\starter_kit\data\raw_webcode2m\we00096.png,C:\Users\Mahin\Thesis\render_validated_starter_kit\starter_kit\outputs\level3\webcode2m\we00096.html,l3,3920.0,2234.0,43.01
we00097,webcode2m,C:\Users\Mahin\Thesis\render_validated_starter_kit\starter_kit\data\raw_webcode2m\we00097.png,C:\Users\Mahin\Thesis\render_validated_starter_kit\starter_kit\outputs\level3\webcode2m\we00097.html,l3,4418.0,2354.0,46.718
we00098,webcode2m,C:\Users\Mahin\Thesis\render_validated_starter_kit\starter_kit\data\raw_webcode2m\we00098.png,C:\Users\Mahin\Thesis\render_validated_starter_kit\starter_kit\outputs\level3\webcode2m\we00098.html,l3,2729.0,2065.0,24.331
we00099,webcode2m,C:\Users\Mahin\Thesis\render_validated_starter_kit\starter_kit\data\raw_webcode2m\we00099.png,C:\Users\Mahin\Thesis\render_validated_starter_kit\starter_kit\outputs\level3\webcode2m\we00099.html,l3,2025.0,1319.0,34.864
