page_id,base,base_path,tokens_page,chars_page,n_style_blocks,chars_css,tokens_css,chars_selector_trim,tokens_selector_trim,chars_unmatched,tokens_unmatched,status,n_rules,n_style_rules,n_selectors_asked,n_selectors_unmatched,n_selectors_invalid,css_candidate_chars,css_candidate_tokens,css_candidate_pct_of_css_chars,proposed_tokens_saved,proposed_pct_of_page_tokens,chars_dead_props,tokens_dead_props
we00000,final:l2,C:\Users\Mahin\Thesis\render_validated_starter_kit\starter_kit\outputs\final_targets\webcode2m\we00000.html,1845,5324,1,2118,749,59.0,16.0,643.0,286.0,ok,30.0,30.0,37.0,8.0,0.0,702.0,302.0,33.14,302.0,16.37,,
we00001,final:l2,C:\Users\Mahin\Thesis\render_validated_starter_kit\starter_kit\outputs\final_targets\webcode2m\we00001.html,4127,13768,1,8530,2592,1133.0,356.0,988.0,344.0,ok,110.0,110.0,186.0,87.0,0.0,2328.0,753.0,27.29,753.0,18.25,207.0,53.0
we00002,final:l2,C:\Users\Mahin\Thesis\render_validated_starter_kit\starter_kit\outputs\final_targets\webcode2m\we00002.html,2168,6983,1,1181,360,292.0,79.0,159.0,42.0,ok,19.0,19.0,46.0,23.0,0.0,451.0,121.0,38.19,121.0,5.58,,
we00003,final:l2,C:\Users\Mahin\Thesis\render_validated_starter_kit\starter_kit\outputs\final_targets\webcode2m\we00003.html,1932,6414,1,779,202,,,,,ok,10.0,10.0,11.0,0.0,0.0,0.0,0.0,0.0,0.0,0.0,,
we00004,final:l2,C:\Users\Mahin\Thesis\render_validated_starter_kit\starter_kit\outputs\final_targets\webcode2m\we00004.html,1807,6492,1,648,209,118.0,31.0,,,ok,12.0,12.0,24.0,8.0,0.0,118.0,31.0,18.21,31.0,1.72,,
we00005,final:l2,C:\Users\Mahin\Thesis\render_validated_starter_kit\starter_kit\outputs\final_targets\webcode2m\we00005.html,2666,8409,1,3308,1126,330.0,101.0,119.0,37.0,ok,46.0,46.0,71.0,29.0,0.0,464.0,140.0,14.03,140.0,5.25,15.0,2.0
we00006,final:l2,C:\Users\Mahin\Thesis\render_validated_starter_kit\starter_kit\outputs\final_targets\webcode2m\we00006.html,5264,19616,1,10648,2929,5680.0,1318.0,1166.0,371.0,ok,76.0,76.0,213.0,149.0,0.0,6902.0,1705.0,64.82,1705.0,32.39,56.0,16.0
we00007,final:l2,C:\Users\Mahin\Thesis\render_validated_starter_kit\starter_kit\outputs\final_targets\webcode2m\we00007.html,4108,12374,1,5373,1874,222.0,74.0,398.0,113.0,ok,90.0,90.0,96.0,17.0,0.0,679.0,198.0,12.64,198.0,4.82,59.0,11.0
we00008,final:l2,C:\Users\Mahin\Thesis\render_validated_starter_kit\starter_kit\outputs\final_targets\webcode2m\we00008.html,2736,8187,1,967,322,68.0,18.0,37.0,9.0,ok,18.0,18.0,33.0,7.0,0.0,120.0,30.0,12.41,30.0,1.1,15.0,3.0
we00009,final:l2,C:\Users\Mahin\Thesis\render_validated_starter_kit\starter_kit\outputs\final_targets\webcode2m\we00009.html,3401,10978,1,5495,1734,427.0,155.0,1215.0,394.0,ok,85.0,85.0,139.0,74.0,0.0,2036.0,668.0,37.05,668.0,19.64,394.0,119.0
we00010,final:l2,C:\Users\Mahin\Thesis\render_validated_starter_kit\starter_kit\outputs\final_targets\webcode2m\we00010.html,4021,14092,1,5185,1575,540.0,182.0,1055.0,279.0,ok,77.0,77.0,136.0,68.0,0.0,1875.0,547.0,36.16,547.0,13.6,280.0,86.0
we00011,final:l2,C:\Users\Mahin\Thesis\render_validated_starter_kit\starter_kit\outputs\final_targets\webcode2m\we00011.html,5492,19384,1,9441,2792,2102.0,630.0,1188.0,385.0,ok,99.0,99.0,184.0,97.0,0.0,3345.0,1028.0,35.43,1028.0,18.72,55.0,13.0
we00012,final:l2,C:\Users\Mahin\Thesis\render_validated_starter_kit\starter_kit\outputs\final_targets\webcode2m\we00012.html,3077,11708,1,4611,1309,,,338.0,108.0,ok,52.0,52.0,53.0,6.0,0.0,353.0,111.0,7.66,111.0,3.61,15.0,3.0
we00013,final:l1,C:\Users\Mahin\Thesis\render_validated_starter_kit\starter_kit\outputs\final_targets\webcode2m\we00013.html,2358,7298,1,783,332,124.0,83.0,,,ok,18.0,18.0,37.0,20.0,0.0,124.0,83.0,15.84,83.0,3.52,,
we00014,final:l2,C:\Users\Mahin\Thesis\render_validated_starter_kit\starter_kit\outputs\final_targets\webcode2m\we00014.html,6969,22940,1,13035,3842,1837.0,558.0,1395.0,462.0,ok,136.0,136.0,252.0,113.0,0.0,3446.0,1070.0,26.44,1070.0,15.35,214.0,50.0
we00015,final:l2,C:\Users\Mahin\Thesis\render_validated_starter_kit\starter_kit\outputs\final_targets\webcode2m\we00015.html,5561,18920,1,11584,3507,1480.0,431.0,1669.0,560.0,ok,131.0,131.0,210.0,99.0,0.0,3413.0,1067.0,29.46,1067.0,19.19,264.0,76.0
we00016,final:l2,C:\Users\Mahin\Thesis\render_validated_starter_kit\starter_kit\outputs\final_targets\webcode2m\we00016.html,4436,16363,1,7015,2155,809.0,262.0,760.0,239.0,ok,91.0,91.0,149.0,70.0,0.0,1686.0,533.0,24.03,533.0,12.02,117.0,32.0
we00017,final:l2,C:\Users\Mahin\Thesis\render_validated_starter_kit\starter_kit\outputs\final_targets\webcode2m\we00017.html,1123,3830,1,545,201,,,,,ok,1.0,1.0,1.0,0.0,0.0,0.0,0.0,0.0,0.0,0.0,,
we00018,final:l2,C:\Users\Mahin\Thesis\render_validated_starter_kit\starter_kit\outputs\final_targets\webcode2m\we00018.html,3251,10347,1,2600,988,,,24.0,7.0,ok,39.0,39.0,40.0,1.0,0.0,24.0,7.0,0.92,7.0,0.22,,
we00019,final:l2,C:\Users\Mahin\Thesis\render_validated_starter_kit\starter_kit\outputs\final_targets\webcode2m\we00019.html,5230,19583,1,10648,2929,5680.0,1318.0,1166.0,371.0,ok,76.0,76.0,213.0,149.0,0.0,6902.0,1705.0,64.82,1705.0,32.6,56.0,16.0
we00020,final:l2,C:\Users\Mahin\Thesis\render_validated_starter_kit\starter_kit\outputs\final_targets\webcode2m\we00020.html,3468,11777,1,8121,2514,1808.0,587.0,1246.0,334.0,ok,92.0,92.0,176.0,102.0,0.0,3359.0,1010.0,41.36,1010.0,29.12,305.0,89.0
we00021,final:l2,C:\Users\Mahin\Thesis\render_validated_starter_kit\starter_kit\outputs\final_targets\webcode2m\we00021.html,4040,13086,1,7765,2503,296.0,78.0,1097.0,359.0,ok,107.0,107.0,114.0,37.0,0.0,1541.0,473.0,19.85,473.0,11.71,148.0,36.0
we00022,final:l2,C:\Users\Mahin\Thesis\render_validated_starter_kit\starter_kit\outputs\final_targets\webcode2m\we00022.html,3389,12996,1,2852,838,877.0,229.0,,,ok,30.0,30.0,62.0,35.0,0.0,902.0,237.0,31.63,237.0,6.99,25.0,8.0
we00023,final:l2,C:\Users\Mahin\Thesis\render_validated_starter_kit\starter_kit\outputs\final_targets\webcode2m\we00023.html,2409,9715,1,2946,793,15.0,10.0,353.0,97.0,ok,35.0,35.0,39.0,9.0,0.0,368.0,107.0,12.49,107.0,4.44,,
we00024,final:l2,C:\Users\Mahin\Thesis\render_validated_starter_kit\starter_kit\outputs\final_targets\webcode2m\we00024.html,2637,6551,1,920,290,49.0,12.0,,,ok,14.0,14.0,15.0,2.0,0.0,49.0,12.0,5.33,12.0,0.46,,
we00025,final:l2,C:\Users\Mahin\Thesis\render_validated_starter_kit\starter_kit\outputs\final_targets\webcode2m\we00025.html,4486,13329,1,6190,2134,295.0,87.0,280.0,83.0,ok,59.0,59.0,69.0,13.0,0.0,682.0,207.0,11.02,207.0,4.61,107.0,37.0
we00026,final:l2,C:\Users\Mahin\Thesis\render_validated_starter_kit\starter_kit\outputs\final_targets\webcode2m\we00026.html,2274,8676,1,1061,262,370.0,79.0,118.0,34.0,ok,14.0,14.0,26.0,15.0,0.0,488.0,113.0,45.99,113.0,4.97,,
we00027,final:l2,C:\Users\Mahin\Thesis\render_validated_starter_kit\starter_kit\outputs\final_targets\webcode2m\we00027.html,3111,9013,1,818,195,525.0,123.0,,,ok,3.0,3.0,15.0,10.0,0.0,525.0,123.0,64.18,123.0,3.95,,
we00028,final:l2,C:\Users\Mahin\Thesis\render_validated_starter_kit\starter_kit\outputs\final_targets\webcode2m\we00028.html,1638,5127,1,2136,742,40.0,12.0,,,ok,31.0,31.0,37.0,3.0,0.0,76.0,20.0,3.56,20.0,1.22,36.0,8.0
we00029,final:l2,C:\Users\Mahin\Thesis\render_validated_starter_kit\starter_kit\outputs\final_targets\webcode2m\we00029.html,3047,12714,1,1233,312,333.0,76.0,,,ok,14.0,14.0,35.0,16.0,0.0,333.0,76.0,27.01,76.0,2.49,,
we00030,final:l2,C:\Users\Mahin\Thesis\render_validated_starter_kit\starter_kit\outputs\final_targets\webcode2m\we00030.html,1136,3756,1,595,174,,,86.0,24.0,ok,9.0,9.0,9.0,2.0,0.0,116.0,29.0,19.5,29.0,2.55,30.0,5.0
we00031,final:l2,C:\Users\Mahin\Thesis\render_validated_starter_kit\starter_kit\outputs\final_targets\webcode2m\we00031.html,5779,18604,1,8886,2562,545.0,184.0,1525.0,457.0,ok,117.0,117.0,172.0,79.0,0.0,2690.0,822.0,30.27,822.0,14.22,620.0,181.0
we00032,final:l1,C:\Users\Mahin\Thesis\render_validated_starter_kit\starter_kit\outputs\final_targets\webcode2m\we00032.html,2269,7137,1,1491,559,63.0,19.0,,,ok,21.0,21.0,31.0,7.0,0.0,63.0,19.0,4.23,19.0,0.84,,
we00033,final:l1,C:\Users\Mahin\Thesis\render_validated_starter_kit\starter_kit\outputs\final_targets\webcode2m\we00033.html,4540,13832,1,2447,859,252.0,93.0,,,ok,37.0,37.0,47.0,16.0,0.0,252.0,93.0,10.3,93.0,2.05,,
we00034,final:l2,C:\Users\Mahin\Thesis\render_validated_starter_kit\starter_kit\outputs\final_targets\webcode2m\we00034.html,2488,8500,1,1237,507,,,,,ok,27.0,27.0,27.0,0.0,0.0,0.0,0.0,0.0,0.0,0.0,,
we00035,final:l2,C:\Users\Mahin\Thesis\render_validated_starter_kit\starter_kit\outputs\final_targets\webcode2m\we00035.html,2492,5609,1,616,217,,,,,ok,9.0,9.0,9.0,0.0,0.0,0.0,0.0,0.0,0.0,0.0,,
we00036,final:l2,C:\Users\Mahin\Thesis\render_validated_starter_kit\starter_kit\outputs\final_targets\webcode2m\we00036.html,2030,7168,1,629,229,,,427.0,147.0,ok,4.0,4.0,3.0,2.0,0.0,458.0,157.0,72.81,157.0,7.73,31.0,10.0
we00037,final:l2,C:\Users\Mahin\Thesis\render_validated_starter_kit\starter_kit\outputs\final_targets\webcode2m\we00037.html,2499,7939,1,3254,1103,166.0,51.0,261.0,82.0,ok,52.0,52.0,57.0,19.0,0.0,535.0,163.0,16.44,163.0,6.52,108.0,30.0
we00038,final:l1,C:\Users\Mahin\Thesis\render_validated_starter_kit\starter_kit\outputs\final_targets\webcode2m\we00038.html,2237,7072,1,1483,557,63.0,19.0,,,ok,21.0,21.0,31.0,7.0,0.0,63.0,19.0,4.25,19.0,0.85,,
we00039,final:l2,C:\Users\Mahin\Thesis\render_validated_starter_kit\starter_kit\outputs\final_targets\webcode2m\we00039.html,2896,9583,1,716,241,,,,,ok,9.0,9.0,10.0,0.0,0.0,15.0,3.0,2.09,3.0,0.1,15.0,3.0
we00040,final:l2,C:\Users\Mahin\Thesis\render_validated_starter_kit\starter_kit\outputs\final_targets\webcode2m\we00040.html,2549,8882,1,704,203,9.0,2.0,32.0,10.0,ok,11.0,11.0,12.0,2.0,0.0,41.0,12.0,5.82,12.0,0.47,,
we00041,final:l2,C:\Users\Mahin\Thesis\render_validated_starter_kit\starter_kit\outputs\final_targets\webcode2m\we00041.html,2654,8814,1,3616,1131,61.0,14.0,,,ok,33.0,33.0,34.0,1.0,0.0,61.0,14.0,1.69,14.0,0.53,,
we00042,final:l2,C:\Users\Mahin\Thesis\render_validated_starter_kit\starter_kit\outputs\final_targets\webcode2m\we00042.html,2515,9509,1,928,298,16.0,7.0,79.0,22.0,ok,14.0,14.0,25.0,2.0,0.0,95.0,29.0,10.24,29.0,1.15,,
we00043,final:l2,C:\Users\Mahin\Thesis\render_validated_starter_kit\starter_kit\outputs\final_targets\webcode2m\we00043.html,1087,3980,1,592,219,,,386.0,154.0,ok,8.0,8.0,10.0,5.0,0.0,386.0,154.0,65.2,154.0,14.17,,
we00044,final:l2,C:\Users\Mahin\Thesis\render_validated_starter_kit\starter_kit\outputs\final_targets\webcode2m\we00044.html,3653,11766,1,5193,1729,402.0,146.0,1281.0,465.0,ok,78.0,78.0,114.0,66.0,0.0,1725.0,623.0,33.22,623.0,17.05,42.0,12.0
we00045,final:l2,C:\Users\Mahin\Thesis\render_validated_starter_kit\starter_kit\outputs\final_targets\webcode2m\we00045.html,1989,5984,1,2805,962,252.0,68.0,160.0,52.0,ok,35.0,35.0,49.0,21.0,0.0,427.0,122.0,15.22,122.0,6.13,15.0,2.0
we00046,final:l2,C:\Users\Mahin\Thesis\render_validated_starter_kit\starter_kit\outputs\final_targets\webcode2m\we00046.html,4050,12541,1,2843,1003,38.0,13.0,188.0,69.0,ok,42.0,42.0,49.0,8.0,0.0,226.0,82.0,7.95,82.0,2.02,,
we00047,final:l2,C:\Users\Mahin\Thesis\render_validated_starter_kit\starter_kit\outputs\final_targets\webcode2m\we00047.html,4451,13053,1,6190,2134,295.0,87.0,280.0,83.0,ok,59.0,59.0,69.0,13.0,0.0,682.0,207.0,11.02,207.0,4.65,107.0,37.0
we00048,final:l2,C:\Users\Mahin\Thesis\render_validated_starter_kit\starter_kit\outputs\final_targets\webcode2m\we00048.html,1870,6951,1,507,159,72.0,16.0,121.0,42.0,ok,8.0,8.0,12.0,6.0,0.0,193.0,58.0,38.07,58.0,3.1,,
we00049,final:l2,C:\Users\Mahin\Thesis\render_validated_starter_kit\starter_kit\outputs\final_targets\webcode2m\we00049.html,2171,8490,1,1185,285,166.0,35.0,331.0,82.0,ok,10.0,10.0,12.0,4.0,0.0,512.0,120.0,43.21,120.0,5.53,15.0,3.0
we00050,final:l2,C:\Users\Mahin\Thesis\render_validated_starter_kit\starter_kit\outputs\final_targets\webcode2m\we00050.html,3615,10322,1,3300,1072,22.0,10.0,,,ok,53.0,53.0,54.0,2.0,0.0,236.0,67.0,7.15,67.0,1.85,214.0,57.0
we00051,final:l2,C:\Users\Mahin\Thesis\render_validated_starter_kit\starter_kit\outputs\final_targets\webcode2m\we00051.html,2937,11612,1,1701,546,173.0,46.0,115.0,36.0,ok,13.0,13.0,24.0,11.0,0.0,288.0,82.0,16.93,82.0,2.79,,
we00052,final:l2,C:\Users\Mahin\Thesis\render_validated_starter_kit\starter_kit\outputs\final_targets\webcode2m\we00052.html,1584,6170,1,619,195,5.0,3.0,,,ok,8.0,8.0,10.0,2.0,0.0,5.0,3.0,0.81,3.0,0.19,,
we00053,original,C:\Users\Mahin\Thesis\render_validated_starter_kit\starter_kit\data\raw_webcode2m\we00053.html,3488,12399,1,1393,420,,,,,ok,10.0,10.0,11.0,0.0,0.0,62.0,20.0,4.45,20.0,0.57,62.0,20.0
we00054,final:l2,C:\Users\Mahin\Thesis\render_validated_starter_kit\starter_kit\outputs\final_targets\webcode2m\we00054.html,3143,10538,1,5169,1630,367.0,135.0,1609.0,497.0,ok,79.0,79.0,138.0,79.0,0.0,2226.0,709.0,43.06,709.0,22.56,250.0,77.0
we00055,final:l2,C:\Users\Mahin\Thesis\render_validated_starter_kit\starter_kit\outputs\final_targets\webcode2m\we00055.html,2717,8093,1,4206,1501,21.0,6.0,213.0,86.0,ok,50.0,50.0,54.0,5.0,0.0,248.0,95.0,5.9,95.0,3.5,14.0,3.0
we00056,final:l2,C:\Users\Mahin\Thesis\render_validated_starter_kit\starter_kit\outputs\final_targets\webcode2m\we00056.html,1217,3681,1,2238,773,,,313.0,111.0,ok,32.0,32.0,31.0,3.0,0.0,313.0,111.0,13.99,111.0,9.12,,
we00057,final:l2,C:\Users\Mahin\Thesis\render_validated_starter_kit\starter_kit\outputs\final_targets\webcode2m\we00057.html,3491,12877,1,5099,1379,471.0,112.0,1613.0,493.0,ok,51.0,51.0,67.0,29.0,0.0,2084.0,605.0,40.87,605.0,17.33,,
we00058,final:l2,C:\Users\Mahin\Thesis\render_validated_starter_kit\starter_kit\outputs\final_targets\webcode2m\we00058.html,1849,5917,1,665,212,,,,,ok,5.0,5.0,5.0,0.0,0.0,15.0,3.0,2.26,3.0,0.16,15.0,3.0
we00059,final:l2,C:\Users\Mahin\Thesis\render_validated_starter_kit\starter_kit\outputs\final_targets\webcode2m\we00059.html,2361,8843,1,645,204,70.0,16.0,,,ok,13.0,13.0,16.0,3.0,0.0,70.0,16.0,10.85,16.0,0.68,,
we00060,final:l2,C:\Users\Mahin\Thesis\render_validated_starter_kit\starter_kit\outputs\final_targets\webcode2m\we00060.html,2640,9283,1,1545,532,,,1096.0,372.0,ok,13.0,13.0,12.0,9.0,0.0,1096.0,372.0,70.94,372.0,14.09,,
we00061,final:l2,C:\Users\Mahin\Thesis\render_validated_starter_kit\starter_kit\outputs\final_targets\webcode2m\we00061.html,2360,7640,1,1237,507,,,,,ok,27.0,27.0,27.0,0.0,0.0,0.0,0.0,0.0,0.0,0.0,,
we00062,final:l1,C:\Users\Mahin\Thesis\render_validated_starter_kit\starter_kit\outputs\final_targets\webcode2m\we00062.html,1618,4945,1,1301,497,63.0,19.0,,,ok,18.0,18.0,27.0,7.0,0.0,63.0,19.0,4.84,19.0,1.17,,
we00063,final:l2,C:\Users\Mahin\Thesis\render_validated_starter_kit\starter_kit\outputs\final_targets\webcode2m\we00063.html,5410,18192,1,9315,2788,421.0,152.0,2177.0,681.0,ok,103.0,103.0,163.0,76.0,0.0,2683.0,856.0,28.8,856.0,15.82,85.0,23.0
we00064,final:l1,C:\Users\Mahin\Thesis\render_validated_starter_kit\starter_kit\outputs\final_targets\webcode2m\we00064.html,3547,11386,1,1513,570,61.0,18.0,,,ok,21.0,21.0,31.0,6.0,0.0,61.0,18.0,4.03,18.0,0.51,,
we00065,final:l2,C:\Users\Mahin\Thesis\render_validated_starter_kit\starter_kit\outputs\final_targets\webcode2m\we00065.html,3097,8405,1,4605,1446,218.0,85.0,1169.0,357.0,ok,62.0,62.0,89.0,45.0,0.0,1387.0,442.0,30.12,442.0,14.27,,
we00066,final:l2,C:\Users\Mahin\Thesis\render_validated_starter_kit\starter_kit\outputs\final_targets\webcode2m\we00066.html,954,3104,1,1213,419,245.0,100.0,66.0,31.0,ok,19.0,19.0,73.0,55.0,0.0,311.0,131.0,25.64,131.0,13.73,,
we00067,final:l2,C:\Users\Mahin\Thesis\render_validated_starter_kit\starter_kit\outputs\final_targets\webcode2m\we00067.html,3691,10075,1,3992,1465,421.0,140.0,167.0,58.0,ok,56.0,56.0,122.0,63.0,0.0,588.0,198.0,14.73,198.0,5.36,,
we00068,final:l2,C:\Users\Mahin\Thesis\render_validated_starter_kit\starter_kit\outputs\final_targets\webcode2m\we00068.html,3200,11527,1,6334,1890,429.0,150.0,2061.0,605.0,ok,86.0,86.0,145.0,84.0,0.0,2803.0,844.0,44.25,844.0,26.38,313.0,89.0
we00069,final:l2,C:\Users\Mahin\Thesis\render_validated_starter_kit\starter_kit\outputs\final_targets\webcode2m\we00069.html,2494,8268,1,1010,319,,,,,ok,12.0,12.0,12.0,0.0,0.0,0.0,0.0,0.0,0.0,0.0,,
we00070,final:l2,C:\Users\Mahin\Thesis\render_validated_starter_kit\starter_kit\outputs\final_targets\webcode2m\we00070.html,2392,9802,1,653,182,,,37.0,14.0,ok,8.0,8.0,8.0,1.0,0.0,37.0,14.0,5.67,14.0,0.59,,
we00071,original,C:\Users\Mahin\Thesis\render_validated_starter_kit\starter_kit\data\raw_webcode2m\we00071.html,2895,10417,1,820,265,,,,,"page_error: Page.goto: Timeout 30000ms exceeded.
Call log:
  - navigating to ""file:///C:/Users/Mahin/Thesis/render_validated_starter_kit/starter_kit/data/raw_webcode2m/we00071.html"", waiting until ""load""
",,,,,,,,,,,,
we00072,final:l2,C:\Users\Mahin\Thesis\render_validated_starter_kit\starter_kit\outputs\final_targets\webcode2m\we00072.html,2306,8791,1,3948,1098,394.0,109.0,2005.0,553.0,ok,53.0,53.0,89.0,63.0,0.0,2464.0,681.0,62.41,681.0,29.53,65.0,19.0
we00073,final:l2,C:\Users\Mahin\Thesis\render_validated_starter_kit\starter_kit\outputs\final_targets\webcode2m\we00073.html,3642,13763,1,4448,1273,86.0,51.0,820.0,231.0,ok,52.0,52.0,55.0,16.0,0.0,920.0,285.0,20.68,285.0,7.83,14.0,3.0
we00074,final:l2,C:\Users\Mahin\Thesis\render_validated_starter_kit\starter_kit\outputs\final_targets\webcode2m\we00074.html,2588,8977,1,1237,507,,,,,ok,27.0,27.0,27.0,0.0,0.0,0.0,0.0,0.0,0.0,0.0,,
we00075,final:l1,C:\Users\Mahin\Thesis\render_validated_starter_kit\starter_kit\outputs\final_targets\webcode2m\we00075.html,918,3200,1,528,189,,,,,ok,8.0,8.0,10.0,0.0,0.0,0.0,0.0,0.0,0.0,0.0,,
we00076,final:l2,C:\Users\Mahin\Thesis\render_validated_starter_kit\starter_kit\outputs\final_targets\webcode2m\we00076.html,2638,10258,1,3873,1084,462.0,122.0,1161.0,340.0,ok,53.0,53.0,85.0,48.0,0.0,1688.0,481.0,43.58,481.0,18.23,65.0,19.0
we00077,final:l2,C:\Users\Mahin\Thesis\render_validated_starter_kit\starter_kit\outputs\final_targets\webcode2m\we00077.html,2787,8246,1,1614,552,6.0,4.0,,,ok,28.0,28.0,33.0,2.0,0.0,6.0,4.0,0.37,4.0,0.14,,
we00078,final:l2,C:\Users\Mahin\Thesis\render_validated_starter_kit\starter_kit\outputs\final_targets\webcode2m\we00078.html,1807,6349,1,642,252,,,,,ok,7.0,7.0,7.0,0.0,0.0,0.0,0.0,0.0,0.0,0.0,,
we00079,final:l2,C:\Users\Mahin\Thesis\render_validated_starter_kit\starter_kit\outputs\final_targets\webcode2m\we00079.html,1695,5738,1,2929,946,197.0,46.0,845.0,243.0,ok,40.0,40.0,57.0,26.0,0.0,1095.0,303.0,37.38,303.0,17.88,53.0,14.0
we00080,final:l2,C:\Users\Mahin\Thesis\render_validated_starter_kit\starter_kit\outputs\final_targets\webcode2m\we00080.html,2100,7071,1,907,294,114.0,28.0,53.0,14.0,ok,12.0,12.0,21.0,8.0,0.0,167.0,42.0,18.41,42.0,2.0,,
we00081,final:l2,C:\Users\Mahin\Thesis\render_validated_starter_kit\starter_kit\outputs\final_targets\webcode2m\we00081.html,2465,6707,1,2505,866,225.0,62.0,68.0,20.0,ok,29.0,29.0,49.0,21.0,0.0,293.0,82.0,11.7,82.0,3.33,,
we00082,final:l2,C:\Users\Mahin\Thesis\render_validated_starter_kit\starter_kit\outputs\final_targets\webcode2m\we00082.html,1455,4650,1,982,331,9.0,6.0,,,ok,13.0,13.0,21.0,3.0,0.0,9.0,6.0,0.92,6.0,0.41,,
we00083,final:l2,C:\Users\Mahin\Thesis\render_validated_starter_kit\starter_kit\outputs\final_targets\webcode2m\we00083.html,4176,14353,1,4903,1457,629.0,194.0,680.0,180.0,ok,70.0,70.0,136.0,73.0,0.0,1536.0,444.0,31.33,444.0,10.63,227.0,70.0
we00084,final:l2,C:\Users\Mahin\Thesis\render_validated_starter_kit\starter_kit\outputs\final_targets\webcode2m\we00084.html,2465,6707,1,2505,866,225.0,62.0,68.0,20.0,ok,29.0,29.0,49.0,21.0,0.0,293.0,82.0,11.7,82.0,3.33,,
we00085,final:l2,C:\Users\Mahin\Thesis\render_validated_starter_kit\starter_kit\outputs\final_targets\webcode2m\we00085.html,1416,4404,1,1008,338,,,,,ok,13.0,13.0,13.0,0.0,0.0,0.0,0.0,0.0,0.0,0.0,,
we00086,final:l2,C:\Users\Mahin\Thesis\render_validated_starter_kit\starter_kit\outputs\final_targets\webcode2m\we00086.html,1217,3677,1,2238,773,,,313.0,111.0,ok,32.0,32.0,31.0,3.0,0.0,313.0,111.0,13.99,111.0,9.12,,
we00087,final:l2,C:\Users\Mahin\Thesis\render_validated_starter_kit\starter_kit\outputs\final_targets\webcode2m\we00087.html,2477,8306,1,682,207,,,,,ok,12.0,12.0,13.0,0.0,0.0,26.0,8.0,3.81,8.0,0.32,26.0,8.0
we00088,final:l2,C:\Users\Mahin\Thesis\render_validated_starter_kit\starter_kit\outputs\final_targets\webcode2m\we00088.html,2615,8052,1,4720,1536,6.0,4.0,1393.0,469.0,ok,59.0,59.0,62.0,18.0,0.0,1513.0,509.0,32.06,509.0,19.46,114.0,36.0
we00089,final:l1,C:\Users\Mahin\Thesis\render_validated_starter_kit\starter_kit\outputs\final_targets\webcode2m\we00089.html,1566,4476,1,512,174,,,,,ok,8.0,8.0,9.0,0.0,0.0,0.0,0.0,0.0,0.0,0.0,,
we00090,final:l2,C:\Users\Mahin\Thesis\render_validated_starter_kit\starter_kit\outputs\final_targets\webcode2m\we00090.html,4996,16327,1,8664,2811,959.0,353.0,603.0,184.0,ok,90.0,90.0,161.0,72.0,0.0,1662.0,563.0,19.18,563.0,11.27,100.0,26.0
we00091,final:l2,C:\Users\Mahin\Thesis\render_validated_starter_kit\starter_kit\outputs\final_targets\webcode2m\we00091.html,5971,17267,1,9717,3149,44.0,10.0,1861.0,607.0,ok,79.0,79.0,82.0,16.0,0.0,2071.0,658.0,21.31,658.0,11.02,166.0,41.0
we00092,final:l2,C:\Users\Mahin\Thesis\render_validated_starter_kit\starter_kit\outputs\final_targets\webcode2m\we00092.html,3265,12520,1,4622,1415,512.0,166.0,737.0,197.0,ok,64.0,64.0,127.0,71.0,0.0,1462.0,425.0,31.63,425.0,13.02,213.0,62.0
we00093,final:l2,C:\Users\Mahin\Thesis\render_validated_starter_kit\starter_kit\outputs\final_targets\webcode2m\we00093.html,2740,11428,1,2946,793,15.0,10.0,353.0,97.0,ok,35.0,35.0,39.0,9.0,0.0,368.0,107.0,12.49,107.0,3.91,,
we00094,final:l2,C:\Users\Mahin\Thesis\render_validated_starter_kit\starter_kit\outputs\final_targets\webcode2m\we00094.html,2316,8915,1,2476,779,,,611.0,194.0,ok,39.0,39.0,38.0,7.0,0.0,630.0,201.0,25.44,201.0,8.68,19.0,7.0
we00095,final:l2,C:\Users\Mahin\Thesis\render_validated_starter_kit\starter_kit\outputs\final_targets\webcode2m\we00095.html,3222,11826,1,6401,1840,118.0,26.0,2512.0,710.0,ok,99.0,99.0,86.0,28.0,0.0,2630.0,736.0,41.09,736.0,22.84,,
we00096,final:l2,C:\Users\Mahin\Thesis\render_validated_starter_kit\starter_kit\outputs\final_targets\webcode2m\we00096.html,2813,9719,1,6036,1793,825.0,257.0,909.0,246.0,ok,84.0,84.0,156.0,83.0,0.0,1990.0,579.0,32.97,579.0,20.58,256.0,76.0
we00097,final:l2,C:\Users\Mahin\Thesis\render_validated_starter_kit\starter_kit\outputs\final_targets\webcode2m\we00097.html,3191,11572,1,5901,1784,1117.0,353.0,1465.0,407.0,ok,80.0,80.0,139.0,88.0,0.0,2832.0,837.0,47.99,837.0,26.23,250.0,77.0
we00098,final:l2,C:\Users\Mahin\Thesis\render_validated_starter_kit\starter_kit\outputs\final_targets\webcode2m\we00098.html,2108,7695,1,1089,352,58.0,17.0,108.0,26.0,ok,18.0,18.0,22.0,5.0,0.0,166.0,43.0,15.24,43.0,2.04,,
we00099,final:l2,C:\Users\Mahin\Thesis\render_validated_starter_kit\starter_kit\outputs\final_targets\webcode2m\we00099.html,1455,5049,1,2828,885,188.0,51.0,284.0,82.0,ok,41.0,41.0,47.0,12.0,0.0,487.0,136.0,17.22,136.0,9.35,15.0,3.0
