page_id,source,dataset_png_path,html_path,level,tokens_orig,tokens_final,reduction_pct,l1_ok,l2_ok,l3_ok,l2_base,l3_base,ladder
we00000,webcode2m,C:\Users\Mahin\Thesis\render_validated_starter_kit\starter_kit\data\raw_webcode2m\we00000.png,C:\Users\Mahin\Thesis\render_validated_starter_kit\starter_kit\outputs\level2\webcode2m\we00000.html,l2,2371.0,1845.0,22.185,True,True,False,level1,,"[{""level"": ""l2"", ""html_path"": ""C:\\Users\\Mahin\\Thesis\\render_validated_starter_kit\\starter_kit\\outputs\\level2\\webcode2m\\we00000.html"", ""tokens"": 1845.0, ""base"": ""level1""}, {""level"": ""l1"", ""html_path"": ""C:\\Users\\Mahin\\Thesis\\render_validated_starter_kit\\starter_kit\\outputs\\level1\\webcode2m\\we00000.html"", ""tokens"": 1966.0, ""base"": ""original""}, {""level"": ""original"", ""html_path"": ""C:\\Users\\Mahin\\Thesis\\render_validated_starter_kit\\starter_kit\\data\\raw_webcode2m\\we00000.html"", ""tokens"": 2371.0, ""base"": """"}]"
we00001,webcode2m,C:\Users\Mahin\Thesis\render_validated_starter_kit\starter_kit\data\raw_webcode2m\we00001.png,C:\Users\Mahin\Thesis\render_validated_starter_kit\starter_kit\outputs\level2\webcode2m\we00001.html,l2,5544.0,4127.0,25.559,True,True,False,level1,,"[{""level"": ""l2"", ""html_path"": ""C:\\Users\\Mahin\\Thesis\\render_validated_starter_kit\\starter_kit\\outputs\\level2\\webcode2m\\we00001.html"", ""tokens"": 4127.0, ""base"": ""level1""}, {""level"": ""l1"", ""html_path"": ""C:\\Users\\Mahin\\Thesis\\render_validated_starter_kit\\starter_kit\\outputs\\level1\\webcode2m\\we00001.html"", ""tokens"": 4468.0, ""base"": ""original""}, {""level"": ""original"", ""html_path"": ""C:\\Users\\Mahin\\Thesis\\render_validated_starter_kit\\starter_kit\\data\\raw_webcode2m\\we00001.html"", ""tokens"": 5544.0, ""base"": """"}]"
we00002,webcode2m,C:\Users\Mahin\Thesis\render_validated_starter_kit\starter_kit\data\raw_webcode2m\we00002.png,C:\Users\Mahin\Thesis\render_validated_starter_kit\starter_kit\outputs\level2\webcode2m\we00002.html,l2,2609.0,2168.0,16.903,True,True,False,level1,,"[{""level"": ""l2"", ""html_path"": ""C:\\Users\\Mahin\\Thesis\\render_validated_starter_kit\\starter_kit\\outputs\\level2\\webcode2m\\we00002.html"", ""tokens"": 2168.0, ""base"": ""level1""}, {""level"": ""l1"", ""html_path"": ""C:\\Users\\Mahin\\Thesis\\render_validated_starter_kit\\starter_kit\\outputs\\level1\\webcode2m\\we00002.html"", ""tokens"": 2389.0, ""base"": ""original""}, {""level"": ""original"", ""html_path"": ""C:\\Users\\Mahin\\Thesis\\render_validated_starter_kit\\starter_kit\\data\\raw_webcode2m\\we00002.html"", ""tokens"": 2609.0, ""base"": """"}]"
we00003,webcode2m,C:\Users\Mahin\Thesis\render_validated_starter_kit\starter_kit\data\raw_webcode2m\we00003.png,C:\Users\Mahin\Thesis\render_validated_starter_kit\starter_kit\outputs\level2\webcode2m\we00003.html,l2,2641.0,1932.0,26.846,True,True,False,level1,,"[{""level"": ""l2"", ""html_path"": ""C:\\Users\\Mahin\\Thesis\\render_validated_starter_kit\\starter_kit\\outputs\\level2\\webcode2m\\we00003.html"", ""tokens"": 1932.0, ""base"": ""level1""}, {""level"": ""l1"", ""html_path"": ""C:\\Users\\Mahin\\Thesis\\render_validated_starter_kit\\starter_kit\\outputs\\level1\\webcode2m\\we00003.html"", ""tokens"": 2242.0, ""base"": ""original""}, {""level"": ""original"", ""html_path"": ""C:\\Users\\Mahin\\Thesis\\render_validated_starter_kit\\starter_kit\\data\\raw_webcode2m\\we00003.html"", ""tokens"": 2641.0, ""base"": """"}]"
we00004,webcode2m,C:\Users\Mahin\Thesis\render_validated_starter_kit\starter_kit\data\raw_webcode2m\we00004.png,C:\Users\Mahin\Thesis\render_validated_starter_kit\starter_kit\outputs\level2\webcode2m\we00004.html,l2,3802.0,1807.0,52.472,True,True,False,level1,,"[{""level"": ""l2"", ""html_path"": ""C:\\Users\\Mahin\\Thesis\\render_validated_starter_kit\\starter_kit\\outputs\\level2\\webcode2m\\we00004.html"", ""tokens"": 1807.0, ""base"": ""level1""}, {""level"": ""l1"", ""html_path"": ""C:\\Users\\Mahin\\Thesis\\render_validated_starter_kit\\starter_kit\\outputs\\level1\\webcode2m\\we00004.html"", ""tokens"": 3630.0, ""base"": ""original""}, {""level"": ""original"", ""html_path"": ""C:\\Users\\Mahin\\Thesis\\render_validated_starter_kit\\starter_kit\\data\\raw_webcode2m\\we00004.html"", ""tokens"": 3802.0, ""base"": """"}]"
we00005,webcode2m,C:\Users\Mahin\Thesis\render_validated_starter_kit\starter_kit\data\raw_webcode2m\we00005.png,C:\Users\Mahin\Thesis\render_validated_starter_kit\starter_kit\outputs\level2\webcode2m\we00005.html,l2,3501.0,2666.0,23.85,True,True,False,level1,,"[{""level"": ""l2"", ""html_path"": ""C:\\Users\\Mahin\\Thesis\\render_validated_starter_kit\\starter_kit\\outputs\\level2\\webcode2m\\we00005.html"", ""tokens"": 2666.0, ""base"": ""level1""}, {""level"": ""l1"", ""html_path"": ""C:\\Users\\Mahin\\Thesis\\render_validated_starter_kit\\starter_kit\\outputs\\level1\\webcode2m\\we00005.html"", ""tokens"": 2852.0, ""base"": ""original""}, {""level"": ""original"", ""html_path"": ""C:\\Users\\Mahin\\Thesis\\render_validated_starter_kit\\starter_kit\\data\\raw_webcode2m\\we00005.html"", ""tokens"": 3501.0, ""base"": """"}]"
we00006,webcode2m,C:\Users\Mahin\Thesis\render_validated_starter_kit\starter_kit\data\raw_webcode2m\we00006.png,C:\Users\Mahin\Thesis\render_validated_starter_kit\starter_kit\outputs\level2\webcode2m\we00006.html,l2,6634.0,5264.0,20.651,True,True,False,level1,,"[{""level"": ""l2"", ""html_path"": ""C:\\Users\\Mahin\\Thesis\\render_validated_starter_kit\\starter_kit\\outputs\\level2\\webcode2m\\we00006.html"", ""tokens"": 5264.0, ""base"": ""level1""}, {""level"": ""l1"", ""html_path"": ""C:\\Users\\Mahin\\Thesis\\render_validated_starter_kit\\starter_kit\\outputs\\level1\\webcode2m\\we00006.html"", ""tokens"": 5553.0, ""base"": ""original""}, {""level"": ""original"", ""html_path"": ""C:\\Users\\Mahin\\Thesis\\render_validated_starter_kit\\starter_kit\\data\\raw_webcode2m\\we00006.html"", ""tokens"": 6634.0, ""base"": """"}]"
we00007,webcode2m,C:\Users\Mahin\Thesis\render_validated_starter_kit\starter_kit\data\raw_webcode2m\we00007.png,C:\Users\Mahin\Thesis\render_validated_starter_kit\starter_kit\outputs\level2\webcode2m\we00007.html,l2,5269.0,4108.0,22.035,True,True,False,level1,,"[{""level"": ""l2"", ""html_path"": ""C:\\Users\\Mahin\\Thesis\\render_validated_starter_kit\\starter_kit\\outputs\\level2\\webcode2m\\we00007.html"", ""tokens"": 4108.0, ""base"": ""level1""}, {""level"": ""l1"", ""html_path"": ""C:\\Users\\Mahin\\Thesis\\render_validated_starter_kit\\starter_kit\\outputs\\level1\\webcode2m\\we00007.html"", ""tokens"": 4268.0, ""base"": ""original""}, {""level"": ""original"", ""html_path"": ""C:\\Users\\Mahin\\Thesis\\render_validated_starter_kit\\starter_kit\\data\\raw_webcode2m\\we00007.html"", ""tokens"": 5269.0, ""base"": """"}]"
we00008,webcode2m,C:\Users\Mahin\Thesis\render_validated_starter_kit\starter_kit\data\raw_webcode2m\we00008.png,C:\Users\Mahin\Thesis\render_validated_starter_kit\starter_kit\outputs\level2\webcode2m\we00008.html,l2,2999.0,2736.0,8.77,True,True,False,level1,,"[{""level"": ""l2"", ""html_path"": ""C:\\Users\\Mahin\\Thesis\\render_validated_starter_kit\\starter_kit\\outputs\\level2\\webcode2m\\we00008.html"", ""tokens"": 2736.0, ""base"": ""level1""}, {""level"": ""l1"", ""html_path"": ""C:\\Users\\Mahin\\Thesis\\render_validated_starter_kit\\starter_kit\\outputs\\level1\\webcode2m\\we00008.html"", ""tokens"": 2810.0, ""base"": ""original""}, {""level"": ""original"", ""html_path"": ""C:\\Users\\Mahin\\Thesis\\render_validated_starter_kit\\starter_kit\\data\\raw_webcode2m\\we00008.html"", ""tokens"": 2999.0, ""base"": """"}]"
we00009,webcode2m,C:\Users\Mahin\Thesis\render_validated_starter_kit\starter_kit\data\raw_webcode2m\we00009.png,C:\Users\Mahin\Thesis\render_validated_starter_kit\starter_kit\outputs\level2\webcode2m\we00009.html,l2,5385.0,3401.0,36.843,True,True,False,level1,,"[{""level"": ""l2"", ""html_path"": ""C:\\Users\\Mahin\\Thesis\\render_validated_starter_kit\\starter_kit\\outputs\\level2\\webcode2m\\we00009.html"", ""tokens"": 3401.0, ""base"": ""level1""}, {""level"": ""l1"", ""html_path"": ""C:\\Users\\Mahin\\Thesis\\render_validated_starter_kit\\starter_kit\\outputs\\level1\\webcode2m\\we00009.html"", ""tokens"": 4378.0, ""base"": ""original""}, {""level"": ""original"", ""html_path"": ""C:\\Users\\Mahin\\Thesis\\render_validated_starter_kit\\starter_kit\\data\\raw_webcode2m\\we00009.html"", ""tokens"": 5385.0, ""base"": """"}]"
we00010,webcode2m,C:\Users\Mahin\Thesis\render_validated_starter_kit\starter_kit\data\raw_webcode2m\we00010.png,C:\Users\Mahin\Thesis\render_validated_starter_kit\starter_kit\outputs\level2\webcode2m\we00010.html,l2,5063.0,4021.0,20.581,True,True,False,level1,,"[{""level"": ""l2"", ""html_path"": ""C:\\Users\\Mahin\\Thesis\\render_validated_starter_kit\\starter_kit\\outputs\\level2\\webcode2m\\we00010.html"", ""tokens"": 4021.0, ""base"": ""level1""}, {""level"": ""l1"", ""html_path"": ""C:\\Users\\Mahin\\Thesis\\render_validated_starter_kit\\starter_kit\\outputs\\level1\\webcode2m\\we00010.html"", ""tokens"": 4195.0, ""base"": ""original""}, {""level"": ""original"", ""html_path"": ""C:\\Users\\Mahin\\Thesis\\render_validated_starter_kit\\starter_kit\\data\\raw_webcode2m\\we00010.html"", ""tokens"": 5063.0, ""base"": """"}]"
we00011,webcode2m,C:\Users\Mahin\Thesis\render_validated_starter_kit\starter_kit\data\raw_webcode2m\we00011.png,C:\Users\Mahin\Thesis\render_validated_starter_kit\starter_kit\outputs\level2\webcode2m\we00011.html,l2,6945.0,5492.0,20.922,True,True,False,level1,,"[{""level"": ""l2"", ""html_path"": ""C:\\Users\\Mahin\\Thesis\\render_validated_starter_kit\\starter_kit\\outputs\\level2\\webcode2m\\we00011.html"", ""tokens"": 5492.0, ""base"": ""level1""}, {""level"": ""l1"", ""html_path"": ""C:\\Users\\Mahin\\Thesis\\render_validated_starter_kit\\starter_kit\\outputs\\level1\\webcode2m\\we00011.html"", ""tokens"": 5858.0, ""base"": ""original""}, {""level"": ""original"", ""html_path"": ""C:\\Users\\Mahin\\Thesis\\render_validated_starter_kit\\starter_kit\\data\\raw_webcode2m\\we00011.html"", ""tokens"": 6945.0, ""base"": """"}]"
we00012,webcode2m,C:\Users\Mahin\Thesis\render_validated_starter_kit\starter_kit\data\raw_webcode2m\we00012.png,C:\Users\Mahin\Thesis\render_validated_starter_kit\starter_kit\outputs\level2\webcode2m\we00012.html,l2,5271.0,3077.0,41.624,True,True,False,level1,,"[{""level"": ""l2"", ""html_path"": ""C:\\Users\\Mahin\\Thesis\\render_validated_starter_kit\\starter_kit\\outputs\\level2\\webcode2m\\we00012.html"", ""tokens"": 3077.0, ""base"": ""level1""}, {""level"": ""l1"", ""html_path"": ""C:\\Users\\Mahin\\Thesis\\render_validated_starter_kit\\starter_kit\\outputs\\level1\\webcode2m\\we00012.html"", ""tokens"": 4635.0, ""base"": ""original""}, {""level"": ""original"", ""html_path"": ""C:\\Users\\Mahin\\Thesis\\render_validated_starter_kit\\starter_kit\\data\\raw_webcode2m\\we00012.html"", ""tokens"": 5271.0, ""base"": """"}]"
we00013,webcode2m,C:\Users\Mahin\Thesis\render_validated_starter_kit\starter_kit\data\raw_webcode2m\we00013.png,C:\Users\Mahin\Thesis\render_validated_starter_kit\starter_kit\outputs\level1\webcode2m\we00013.html,l1,2593.0,2358.0,9.063,True,False,False,level1,,"[{""level"": ""l1"", ""html_path"": ""C:\\Users\\Mahin\\Thesis\\render_validated_starter_kit\\starter_kit\\outputs\\level1\\webcode2m\\we00013.html"", ""tokens"": 2358.0, ""base"": ""original""}, {""level"": ""original"", ""html_path"": ""C:\\Users\\Mahin\\Thesis\\render_validated_starter_kit\\starter_kit\\data\\raw_webcode2m\\we00013.html"", ""tokens"": 2593.0, ""base"": """"}]"
we00014,webcode2m,C:\Users\Mahin\Thesis\render_validated_starter_kit\starter_kit\data\raw_webcode2m\we00014.png,C:\Users\Mahin\Thesis\render_validated_starter_kit\starter_kit\outputs\level2\webcode2m\we00014.html,l2,8924.0,6969.0,21.907,True,True,False,level1,,"[{""level"": ""l2"", ""html_path"": ""C:\\Users\\Mahin\\Thesis\\render_validated_starter_kit\\starter_kit\\outputs\\level2\\webcode2m\\we00014.html"", ""tokens"": 6969.0, ""base"": ""level1""}, {""level"": ""l1"", ""html_path"": ""C:\\Users\\Mahin\\Thesis\\render_validated_starter_kit\\starter_kit\\outputs\\level1\\webcode2m\\we00014.html"", ""tokens"": 7427.0, ""base"": ""original""}, {""level"": ""original"", ""html_path"": ""C:\\Users\\Mahin\\Thesis\\render_validated_starter_kit\\starter_kit\\data\\raw_webcode2m\\we00014.html"", ""tokens"": 8924.0, ""base"": """"}]"
we00015,webcode2m,C:\Users\Mahin\Thesis\render_validated_starter_kit\starter_kit\data\raw_webcode2m\we00015.png,C:\Users\Mahin\Thesis\render_validated_starter_kit\starter_kit\outputs\level2\webcode2m\we00015.html,l2,7629.0,5561.0,27.107,True,True,False,level1,,"[{""level"": ""l2"", ""html_path"": ""C:\\Users\\Mahin\\Thesis\\render_validated_starter_kit\\starter_kit\\outputs\\level2\\webcode2m\\we00015.html"", ""tokens"": 5561.0, ""base"": ""level1""}, {""level"": ""l1"", ""html_path"": ""C:\\Users\\Mahin\\Thesis\\render_validated_starter_kit\\starter_kit\\outputs\\level1\\webcode2m\\we00015.html"", ""tokens"": 5967.0, ""base"": ""original""}, {""level"": ""original"", ""html_path"": ""C:\\Users\\Mahin\\Thesis\\render_validated_starter_kit\\starter_kit\\data\\raw_webcode2m\\we00015.html"", ""tokens"": 7629.0, ""base"": """"}]"
we00016,webcode2m,C:\Users\Mahin\Thesis\render_validated_starter_kit\starter_kit\data\raw_webcode2m\we00016.png,C:\Users\Mahin\Thesis\render_validated_starter_kit\starter_kit\outputs\level2\webcode2m\we00016.html,l2,5951.0,4436.0,25.458,True,True,False,level1,,"[{""level"": ""l2"", ""html_path"": ""C:\\Users\\Mahin\\Thesis\\render_validated_starter_kit\\starter_kit\\outputs\\level2\\webcode2m\\we00016.html"", ""tokens"": 4436.0, ""base"": ""level1""}, {""level"": ""l1"", ""html_path"": ""C:\\Users\\Mahin\\Thesis\\render_validated_starter_kit\\starter_kit\\outputs\\level1\\webcode2m\\we00016.html"", ""tokens"": 5008.0, ""base"": ""original""}, {""level"": ""original"", ""html_path"": ""C:\\Users\\Mahin\\Thesis\\render_validated_starter_kit\\starter_kit\\data\\raw_webcode2m\\we00016.html"", ""tokens"": 5951.0, ""base"": """"}]"
we00017,webcode2m,C:\Users\Mahin\Thesis\render_validated_starter_kit\starter_kit\data\raw_webcode2m\we00017.png,C:\Users\Mahin\Thesis\render_validated_starter_kit\starter_kit\outputs\level2\webcode2m\we00017.html,l2,1207.0,1123.0,6.959,True,True,False,level1,,"[{""level"": ""l2"", ""html_path"": ""C:\\Users\\Mahin\\Thesis\\render_validated_starter_kit\\starter_kit\\outputs\\level2\\webcode2m\\we00017.html"", ""tokens"": 1123.0, ""base"": ""level1""}, {""level"": ""l1"", ""html_path"": ""C:\\Users\\Mahin\\Thesis\\render_validated_starter_kit\\starter_kit\\outputs\\level1\\webcode2m\\we00017.html"", ""tokens"": 1150.0, ""base"": ""original""}, {""level"": ""original"", ""html_path"": ""C:\\Users\\Mahin\\Thesis\\render_validated_starter_kit\\starter_kit\\data\\raw_webcode2m\\we00017.html"", ""tokens"": 1207.0, ""base"": """"}]"
we00018,webcode2m,C:\Users\Mahin\Thesis\render_validated_starter_kit\starter_kit\data\raw_webcode2m\we00018.png,C:\Users\Mahin\Thesis\render_validated_starter_kit\starter_kit\outputs\level2\webcode2m\we00018.html,l2,4121.0,3251.0,21.111,True,True,False,level1,,"[{""level"": ""l2"", ""html_path"": ""C:\\Users\\Mahin\\Thesis\\render_validated_starter_kit\\starter_kit\\outputs\\level2\\webcode2m\\we00018.html"", ""tokens"": 3251.0, ""base"": ""level1""}, {""level"": ""l1"", ""html_path"": ""C:\\Users\\Mahin\\Thesis\\render_validated_starter_kit\\starter_kit\\outputs\\level1\\webcode2m\\we00018.html"", ""tokens"": 3428.0, ""base"": ""original""}, {""level"": ""original"", ""html_path"": ""C:\\Users\\Mahin\\Thesis\\render_validated_starter_kit\\starter_kit\\data\\raw_webcode2m\\we00018.html"", ""tokens"": 4121.0, ""base"": """"}]"
we00019,webcode2m,C:\Users\Mahin\Thesis\render_validated_starter_kit\starter_kit\data\raw_webcode2m\we00019.png,C:\Users\Mahin\Thesis\render_validated_starter_kit\starter_kit\outputs\level2\webcode2m\we00019.html,l2,6600.0,5230.0,20.758,True,True,False,level1,,"[{""level"": ""l2"", ""html_path"": ""C:\\Users\\Mahin\\Thesis\\render_validated_starter_kit\\starter_kit\\outputs\\level2\\webcode2m\\we00019.html"", ""tokens"": 5230.0, ""base"": ""level1""}, {""level"": ""l1"", ""html_path"": ""C:\\Users\\Mahin\\Thesis\\render_validated_starter_kit\\starter_kit\\outputs\\level1\\webcode2m\\we00019.html"", ""tokens"": 5519.0, ""base"": ""original""}, {""level"": ""original"", ""html_path"": ""C:\\Users\\Mahin\\Thesis\\render_validated_starter_kit\\starter_kit\\data\\raw_webcode2m\\we00019.html"", ""tokens"": 6600.0, ""base"": """"}]"
we00020,webcode2m,C:\Users\Mahin\Thesis\render_validated_starter_kit\starter_kit\data\raw_webcode2m\we00020.png,C:\Users\Mahin\Thesis\render_validated_starter_kit\starter_kit\outputs\level2\webcode2m\we00020.html,l2,4953.0,3468.0,29.982,True,True,False,level1,,"[{""level"": ""l2"", ""html_path"": ""C:\\Users\\Mahin\\Thesis\\render_validated_starter_kit\\starter_kit\\outputs\\level2\\webcode2m\\we00020.html"", ""tokens"": 3468.0, ""base"": ""level1""}, {""level"": ""l1"", ""html_path"": ""C:\\Users\\Mahin\\Thesis\\render_validated_starter_kit\\starter_kit\\outputs\\level1\\webcode2m\\we00020.html"", ""tokens"": 3657.0, ""base"": ""original""}, {""level"": ""original"", ""html_path"": ""C:\\Users\\Mahin\\Thesis\\render_validated_starter_kit\\starter_kit\\data\\raw_webcode2m\\we00020.html"", ""tokens"": 4953.0, ""base"": """"}]"
we00021,webcode2m,C:\Users\Mahin\Thesis\render_validated_starter_kit\starter_kit\data\raw_webcode2m\we00021.png,C:\Users\Mahin\Thesis\render_validated_starter_kit\starter_kit\outputs\level2\webcode2m\we00021.html,l2,5527.0,4040.0,26.904,True,True,False,level1,,"[{""level"": ""l2"", ""html_path"": ""C:\\Users\\Mahin\\Thesis\\render_validated_starter_kit\\starter_kit\\outputs\\level2\\webcode2m\\we00021.html"", ""tokens"": 4040.0, ""base"": ""level1""}, {""level"": ""l1"", ""html_path"": ""C:\\Users\\Mahin\\Thesis\\render_validated_starter_kit\\starter_kit\\outputs\\level1\\webcode2m\\we00021.html"", ""tokens"": 4284.0, ""base"": ""original""}, {""level"": ""original"", ""html_path"": ""C:\\Users\\Mahin\\Thesis\\render_validated_starter_kit\\starter_kit\\data\\raw_webcode2m\\we00021.html"", ""tokens"": 5527.0, ""base"": """"}]"
we00022,webcode2m,C:\Users\Mahin\Thesis\render_validated_starter_kit\starter_kit\data\raw_webcode2m\we00022.png,C:\Users\Mahin\Thesis\render_validated_starter_kit\starter_kit\outputs\level2\webcode2m\we00022.html,l2,4247.0,3389.0,20.202,True,True,False,level1,,"[{""level"": ""l2"", ""html_path"": ""C:\\Users\\Mahin\\Thesis\\render_validated_starter_kit\\starter_kit\\outputs\\level2\\webcode2m\\we00022.html"", ""tokens"": 3389.0, ""base"": ""level1""}, {""level"": ""l1"", ""html_path"": ""C:\\Users\\Mahin\\Thesis\\render_validated_starter_kit\\starter_kit\\outputs\\level1\\webcode2m\\we00022.html"", ""tokens"": 3634.0, ""base"": ""original""}, {""level"": ""original"", ""html_path"": ""C:\\Users\\Mahin\\Thesis\\render_validated_starter_kit\\starter_kit\\data\\raw_webcode2m\\we00022.html"", ""tokens"": 4247.0, ""base"": """"}]"
we00023,webcode2m,C:\Users\Mahin\Thesis\render_validated_starter_kit\starter_kit\data\raw_webcode2m\we00023.png,C:\Users\Mahin\Thesis\render_validated_starter_kit\starter_kit\outputs\level2\webcode2m\we00023.html,l2,3017.0,2409.0,20.152,True,True,False,level1,,"[{""level"": ""l2"", ""html_path"": ""C:\\Users\\Mahin\\Thesis\\render_validated_starter_kit\\starter_kit\\outputs\\level2\\webcode2m\\we00023.html"", ""tokens"": 2409.0, ""base"": ""level1""}, {""level"": ""l1"", ""html_path"": ""C:\\Users\\Mahin\\Thesis\\render_validated_starter_kit\\starter_kit\\outputs\\level1\\webcode2m\\we00023.html"", ""tokens"": 2706.0, ""base"": ""original""}, {""level"": ""original"", ""html_path"": ""C:\\Users\\Mahin\\Thesis\\render_validated_starter_kit\\starter_kit\\data\\raw_webcode2m\\we00023.html"", ""tokens"": 3017.0, ""base"": """"}]"
we00024,webcode2m,C:\Users\Mahin\Thesis\render_validated_starter_kit\starter_kit\data\raw_webcode2m\we00024.png,C:\Users\Mahin\Thesis\render_validated_starter_kit\starter_kit\outputs\level2\webcode2m\we00024.html,l2,2842.0,2637.0,7.213,True,True,False,level1,,"[{""level"": ""l2"", ""html_path"": ""C:\\Users\\Mahin\\Thesis\\render_validated_starter_kit\\starter_kit\\outputs\\level2\\webcode2m\\we00024.html"", ""tokens"": 2637.0, ""base"": ""level1""}, {""level"": ""l1"", ""html_path"": ""C:\\Users\\Mahin\\Thesis\\render_validated_starter_kit\\starter_kit\\outputs\\level1\\webcode2m\\we00024.html"", ""tokens"": 2674.0, ""base"": ""original""}, {""level"": ""original"", ""html_path"": ""C:\\Users\\Mahin\\Thesis\\render_validated_starter_kit\\starter_kit\\data\\raw_webcode2m\\we00024.html"", ""tokens"": 2842.0, ""base"": """"}]"
we00025,webcode2m,C:\Users\Mahin\Thesis\render_validated_starter_kit\starter_kit\data\raw_webcode2m\we00025.png,C:\Users\Mahin\Thesis\render_validated_starter_kit\starter_kit\outputs\level2\webcode2m\we00025.html,l2,6591.0,4486.0,31.937,True,True,False,level1,,"[{""level"": ""l2"", ""html_path"": ""C:\\Users\\Mahin\\Thesis\\render_validated_starter_kit\\starter_kit\\outputs\\level2\\webcode2m\\we00025.html"", ""tokens"": 4486.0, ""base"": ""level1""}, {""level"": ""l1"", ""html_path"": ""C:\\Users\\Mahin\\Thesis\\render_validated_starter_kit\\starter_kit\\outputs\\level1\\webcode2m\\we00025.html"", ""tokens"": 5621.0, ""base"": ""original""}, {""level"": ""original"", ""html_path"": ""C:\\Users\\Mahin\\Thesis\\render_validated_starter_kit\\starter_kit\\data\\raw_webcode2m\\we00025.html"", ""tokens"": 6591.0, ""base"": """"}]"
we00026,webcode2m,C:\Users\Mahin\Thesis\render_validated_starter_kit\starter_kit\data\raw_webcode2m\we00026.png,C:\Users\Mahin\Thesis\render_validated_starter_kit\starter_kit\outputs\level2\webcode2m\we00026.html,l2,2870.0,2274.0,20.767,True,True,False,level1,,"[{""level"": ""l2"", ""html_path"": ""C:\\Users\\Mahin\\Thesis\\render_validated_starter_kit\\starter_kit\\outputs\\level2\\webcode2m\\we00026.html"", ""tokens"": 2274.0, ""base"": ""level1""}, {""level"": ""l1"", ""html_path"": ""C:\\Users\\Mahin\\Thesis\\render_validated_starter_kit\\starter_kit\\outputs\\level1\\webcode2m\\we00026.html"", ""tokens"": 2727.0, ""base"": ""original""}, {""level"": ""original"", ""html_path"": ""C:\\Users\\Mahin\\Thesis\\render_validated_starter_kit\\starter_kit\\data\\raw_webcode2m\\we00026.html"", ""tokens"": 2870.0, ""base"": """"}]"
we00027,webcode2m,C:\Users\Mahin\Thesis\render_validated_starter_kit\starter_kit\data\raw_webcode2m\we00027.png,C:\Users\Mahin\Thesis\render_validated_starter_kit\starter_kit\outputs\level2\webcode2m\we00027.html,l2,4501.0,3111.0,30.882,True,True,False,level1,,"[{""level"": ""l2"", ""html_path"": ""C:\\Users\\Mahin\\Thesis\\render_validated_starter_kit\\starter_kit\\outputs\\level2\\webcode2m\\we00027.html"", ""tokens"": 3111.0, ""base"": ""level1""}, {""level"": ""l1"", ""html_path"": ""C:\\Users\\Mahin\\Thesis\\render_validated_starter_kit\\starter_kit\\outputs\\level1\\webcode2m\\we00027.html"", ""tokens"": 4194.0, ""base"": ""original""}, {""level"": ""original"", ""html_path"": ""C:\\Users\\Mahin\\Thesis\\render_validated_starter_kit\\starter_kit\\data\\raw_webcode2m\\we00027.html"", ""tokens"": 4501.0, ""base"": """"}]"
we00028,webcode2m,C:\Users\Mahin\Thesis\render_validated_starter_kit\starter_kit\data\raw_webcode2m\we00028.png,C:\Users\Mahin\Thesis\render_validated_starter_kit\starter_kit\outputs\level2\webcode2m\we00028.html,l2,2142.0,1638.0,23.529,True,True,False,level1,,"[{""level"": ""l2"", ""html_path"": ""C:\\Users\\Mahin\\Thesis\\render_validated_starter_kit\\starter_kit\\outputs\\level2\\webcode2m\\we00028.html"", ""tokens"": 1638.0, ""base"": ""level1""}, {""level"": ""l1"", ""html_path"": ""C:\\Users\\Mahin\\Thesis\\render_validated_starter_kit\\starter_kit\\outputs\\level1\\webcode2m\\we00028.html"", ""tokens"": 1710.0, ""base"": ""original""}, {""level"": ""original"", ""html_path"": ""C:\\Users\\Mahin\\Thesis\\render_validated_starter_kit\\starter_kit\\data\\raw_webcode2m\\we00028.html"", ""tokens"": 2142.0, ""base"": """"}]"
we00029,webcode2m,C:\Users\Mahin\Thesis\render_validated_starter_kit\starter_kit\data\raw_webcode2m\we00029.png,C:\Users\Mahin\Thesis\render_validated_starter_kit\starter_kit\outputs\level2\webcode2m\we00029.html,l2,3422.0,3047.0,10.959,True,True,False,level1,,"[{""level"": ""l2"", ""html_path"": ""C:\\Users\\Mahin\\Thesis\\render_validated_starter_kit\\starter_kit\\outputs\\level2\\webcode2m\\we00029.html"", ""tokens"": 3047.0, ""base"": ""level1""}, {""level"": ""l1"", ""html_path"": ""C:\\Users\\Mahin\\Thesis\\render_validated_starter_kit\\starter_kit\\outputs\\level1\\webcode2m\\we00029.html"", ""tokens"": 3314.0, ""base"": ""original""}, {""level"": ""original"", ""html_path"": ""C:\\Users\\Mahin\\Thesis\\render_validated_starter_kit\\starter_kit\\data\\raw_webcode2m\\we00029.html"", ""tokens"": 3422.0, ""base"": """"}]"
we00030,webcode2m,C:\Users\Mahin\Thesis\render_validated_starter_kit\starter_kit\data\raw_webcode2m\we00030.png,C:\Users\Mahin\Thesis\render_validated_starter_kit\starter_kit\outputs\level2\webcode2m\we00030.html,l2,4391.0,1136.0,74.129,True,True,False,level1,,"[{""level"": ""l2"", ""html_path"": ""C:\\Users\\Mahin\\Thesis\\render_validated_starter_kit\\starter_kit\\outputs\\level2\\webcode2m\\we00030.html"", ""tokens"": 1136.0, ""base"": ""level1""}, {""level"": ""l1"", ""html_path"": ""C:\\Users\\Mahin\\Thesis\\render_validated_starter_kit\\starter_kit\\outputs\\level1\\webcode2m\\we00030.html"", ""tokens"": 4256.0, ""base"": ""original""}, {""level"": ""original"", ""html_path"": ""C:\\Users\\Mahin\\Thesis\\render_validated_starter_kit\\starter_kit\\data\\raw_webcode2m\\we00030.html"", ""tokens"": 4391.0, ""base"": """"}]"
we00031,webcode2m,C:\Users\Mahin\Thesis\render_validated_starter_kit\starter_kit\data\raw_webcode2m\we00031.png,C:\Users\Mahin\Thesis\render_validated_starter_kit\starter_kit\outputs\level2\webcode2m\we00031.html,l2,7592.0,5779.0,23.88,True,True,False,level1,,"[{""level"": ""l2"", ""html_path"": ""C:\\Users\\Mahin\\Thesis\\render_validated_starter_kit\\starter_kit\\outputs\\level2\\webcode2m\\we00031.html"", ""tokens"": 5779.0, ""base"": ""level1""}, {""level"": ""l1"", ""html_path"": ""C:\\Users\\Mahin\\Thesis\\render_validated_starter_kit\\starter_kit\\outputs\\level1\\webcode2m\\we00031.html"", ""tokens"": 6187.0, ""base"": ""original""}, {""level"": ""original"", ""html_path"": ""C:\\Users\\Mahin\\Thesis\\render_validated_starter_kit\\starter_kit\\data\\raw_webcode2m\\we00031.html"", ""tokens"": 7592.0, ""base"": """"}]"
we00032,webcode2m,C:\Users\Mahin\Thesis\render_validated_starter_kit\starter_kit\data\raw_webcode2m\we00032.png,C:\Users\Mahin\Thesis\render_validated_starter_kit\starter_kit\outputs\level1\webcode2m\we00032.html,l1,2560.0,2269.0,11.367,True,False,False,level1,,"[{""level"": ""l1"", ""html_path"": ""C:\\Users\\Mahin\\Thesis\\render_validated_starter_kit\\starter_kit\\outputs\\level1\\webcode2m\\we00032.html"", ""tokens"": 2269.0, ""base"": ""original""}, {""level"": ""original"", ""html_path"": ""C:\\Users\\Mahin\\Thesis\\render_validated_starter_kit\\starter_kit\\data\\raw_webcode2m\\we00032.html"", ""tokens"": 2560.0, ""base"": """"}]"
we00033,webcode2m,C:\Users\Mahin\Thesis\render_validated_starter_kit\starter_kit\data\raw_webcode2m\we00033.png,C:\Users\Mahin\Thesis\render_validated_starter_kit\starter_kit\outputs\level1\webcode2m\we00033.html,l1,4997.0,4540.0,9.145,True,False,False,level1,,"[{""level"": ""l1"", ""html_path"": ""C:\\Users\\Mahin\\Thesis\\render_validated_starter_kit\\starter_kit\\outputs\\level1\\webcode2m\\we00033.html"", ""tokens"": 4540.0, ""base"": ""original""}, {""level"": ""original"", ""html_path"": ""C:\\Users\\Mahin\\Thesis\\render_validated_starter_kit\\starter_kit\\data\\raw_webcode2m\\we00033.html"", ""tokens"": 4997.0, ""base"": """"}]"
we00034,webcode2m,C:\Users\Mahin\Thesis\render_validated_starter_kit\starter_kit\data\raw_webcode2m\we00034.png,C:\Users\Mahin\Thesis\render_validated_starter_kit\starter_kit\outputs\level2\webcode2m\we00034.html,l2,2835.0,2488.0,12.24,True,True,False,level1,,"[{""level"": ""l2"", ""html_path"": ""C:\\Users\\Mahin\\Thesis\\render_validated_starter_kit\\starter_kit\\outputs\\level2\\webcode2m\\we00034.html"", ""tokens"": 2488.0, ""base"": ""level1""}, {""level"": ""l1"", ""html_path"": ""C:\\Users\\Mahin\\Thesis\\render_validated_starter_kit\\starter_kit\\outputs\\level1\\webcode2m\\we00034.html"", ""tokens"": 2600.0, ""base"": ""original""}, {""level"": ""original"", ""html_path"": ""C:\\Users\\Mahin\\Thesis\\render_validated_starter_kit\\starter_kit\\data\\raw_webcode2m\\we00034.html"", ""tokens"": 2835.0, ""base"": """"}]"
we00035,webcode2m,C:\Users\Mahin\Thesis\render_validated_starter_kit\starter_kit\data\raw_webcode2m\we00035.png,C:\Users\Mahin\Thesis\render_validated_starter_kit\starter_kit\outputs\level2\webcode2m\we00035.html,l2,2717.0,2492.0,8.281,True,True,False,level1,,"[{""level"": ""l2"", ""html_path"": ""C:\\Users\\Mahin\\Thesis\\render_validated_starter_kit\\starter_kit\\outputs\\level2\\webcode2m\\we00035.html"", ""tokens"": 2492.0, ""base"": ""level1""}, {""level"": ""l1"", ""html_path"": ""C:\\Users\\Mahin\\Thesis\\render_validated_starter_kit\\starter_kit\\outputs\\level1\\webcode2m\\we00035.html"", ""tokens"": 2578.0, ""base"": ""original""}, {""level"": ""original"", ""html_path"": ""C:\\Users\\Mahin\\Thesis\\render_validated_starter_kit\\starter_kit\\data\\raw_webcode2m\\we00035.html"", ""tokens"": 2717.0, ""base"": """"}]"
we00036,webcode2m,C:\Users\Mahin\Thesis\render_validated_starter_kit\starter_kit\data\raw_webcode2m\we00036.png,C:\Users\Mahin\Thesis\render_validated_starter_kit\starter_kit\outputs\level2\webcode2m\we00036.html,l2,2505.0,2030.0,18.962,True,True,False,level1,,"[{""level"": ""l2"", ""html_path"": ""C:\\Users\\Mahin\\Thesis\\render_validated_starter_kit\\starter_kit\\outputs\\level2\\webcode2m\\we00036.html"", ""tokens"": 2030.0, ""base"": ""level1""}, {""level"": ""l1"", ""html_path"": ""C:\\Users\\Mahin\\Thesis\\render_validated_starter_kit\\starter_kit\\outputs\\level1\\webcode2m\\we00036.html"", ""tokens"": 2378.0, ""base"": ""original""}, {""level"": ""original"", ""html_path"": ""C:\\Users\\Mahin\\Thesis\\render_validated_starter_kit\\starter_kit\\data\\raw_webcode2m\\we00036.html"", ""tokens"": 2505.0, ""base"": """"}]"
we00037,webcode2m,C:\Users\Mahin\Thesis\render_validated_starter_kit\starter_kit\data\raw_webcode2m\we00037.png,C:\Users\Mahin\Thesis\render_validated_starter_kit\starter_kit\outputs\level2\webcode2m\we00037.html,l2,3187.0,2499.0,21.588,True,True,False,level1,,"[{""level"": ""l2"", ""html_path"": ""C:\\Users\\Mahin\\Thesis\\render_validated_starter_kit\\starter_kit\\outputs\\level2\\webcode2m\\we00037.html"", ""tokens"": 2499.0, ""base"": ""level1""}, {""level"": ""l1"", ""html_path"": ""C:\\Users\\Mahin\\Thesis\\render_validated_starter_kit\\starter_kit\\outputs\\level1\\webcode2m\\we00037.html"", ""tokens"": 2618.0, ""base"": ""original""}, {""level"": ""original"", ""html_path"": ""C:\\Users\\Mahin\\Thesis\\render_validated_starter_kit\\starter_kit\\data\\raw_webcode2m\\we00037.html"", ""tokens"": 3187.0, ""base"": """"}]"
we00038,webcode2m,C:\Users\Mahin\Thesis\render_validated_starter_kit\starter_kit\data\raw_webcode2m\we00038.png,C:\Users\Mahin\Thesis\render_validated_starter_kit\starter_kit\outputs\level1\webcode2m\we00038.html,l1,2528.0,2237.0,11.511,True,False,False,level1,,"[{""level"": ""l1"", ""html_path"": ""C:\\Users\\Mahin\\Thesis\\render_validated_starter_kit\\starter_kit\\outputs\\level1\\webcode2m\\we00038.html"", ""tokens"": 2237.0, ""base"": ""original""}, {""level"": ""original"", ""html_path"": ""C:\\Users\\Mahin\\Thesis\\render_validated_starter_kit\\starter_kit\\data\\raw_webcode2m\\we00038.html"", ""tokens"": 2528.0, ""base"": """"}]"
we00039,webcode2m,C:\Users\Mahin\Thesis\render_validated_starter_kit\starter_kit\data\raw_webcode2m\we00039.png,C:\Users\Mahin\Thesis\render_validated_starter_kit\starter_kit\outputs\level2\webcode2m\we00039.html,l2,3022.0,2896.0,4.169,True,True,False,level1,,"[{""level"": ""l2"", ""html_path"": ""C:\\Users\\Mahin\\Thesis\\render_validated_starter_kit\\starter_kit\\outputs\\level2\\webcode2m\\we00039.html"", ""tokens"": 2896.0, ""base"": ""level1""}, {""level"": ""l1"", ""html_path"": ""C:\\Users\\Mahin\\Thesis\\render_validated_starter_kit\\starter_kit\\outputs\\level1\\webcode2m\\we00039.html"", ""tokens"": 2911.0, ""base"": ""original""}, {""level"": ""original"", ""html_path"": ""C:\\Users\\Mahin\\Thesis\\render_validated_starter_kit\\starter_kit\\data\\raw_webcode2m\\we00039.html"", ""tokens"": 3022.0, ""base"": """"}]"
we00040,webcode2m,C:\Users\Mahin\Thesis\render_validated_starter_kit\starter_kit\data\raw_webcode2m\we00040.png,C:\Users\Mahin\Thesis\render_validated_starter_kit\starter_kit\outputs\level2\webcode2m\we00040.html,l2,3075.0,2549.0,17.106,True,True,False,level1,,"[{""level"": ""l2"", ""html_path"": ""C:\\Users\\Mahin\\Thesis\\render_validated_starter_kit\\starter_kit\\outputs\\level2\\webcode2m\\we00040.html"", ""tokens"": 2549.0, ""base"": ""level1""}, {""level"": ""l1"", ""html_path"": ""C:\\Users\\Mahin\\Thesis\\render_validated_starter_kit\\starter_kit\\outputs\\level1\\webcode2m\\we00040.html"", ""tokens"": 2926.0, ""base"": ""original""}, {""level"": ""original"", ""html_path"": ""C:\\Users\\Mahin\\Thesis\\render_validated_starter_kit\\starter_kit\\data\\raw_webcode2m\\we00040.html"", ""tokens"": 3075.0, ""base"": """"}]"
we00041,webcode2m,C:\Users\Mahin\Thesis\render_validated_starter_kit\starter_kit\data\raw_webcode2m\we00041.png,C:\Users\Mahin\Thesis\render_validated_starter_kit\starter_kit\outputs\level2\webcode2m\we00041.html,l2,3819.0,2654.0,30.505,True,True,False,level1,,"[{""level"": ""l2"", ""html_path"": ""C:\\Users\\Mahin\\Thesis\\render_validated_starter_kit\\starter_kit\\outputs\\level2\\webcode2m\\we00041.html"", ""tokens"": 2654.0, ""base"": ""level1""}, {""level"": ""l1"", ""html_path"": ""C:\\Users\\Mahin\\Thesis\\render_validated_starter_kit\\starter_kit\\outputs\\level1\\webcode2m\\we00041.html"", ""tokens"": 2948.0, ""base"": ""original""}, {""level"": ""original"", ""html_path"": ""C:\\Users\\Mahin\\Thesis\\render_validated_starter_kit\\starter_kit\\data\\raw_webcode2m\\we00041.html"", ""tokens"": 3819.0, ""base"": """"}]"
we00042,webcode2m,C:\Users\Mahin\Thesis\render_validated_starter_kit\starter_kit\data\raw_webcode2m\we00042.png,C:\Users\Mahin\Thesis\render_validated_starter_kit\starter_kit\outputs\level2\webcode2m\we00042.html,l2,3565.0,2515.0,29.453,True,True,False,level1,,"[{""level"": ""l2"", ""html_path"": ""C:\\Users\\Mahin\\Thesis\\render_validated_starter_kit\\starter_kit\\outputs\\level2\\webcode2m\\we00042.html"", ""tokens"": 2515.0, ""base"": ""level1""}, {""level"": ""l1"", ""html_path"": ""C:\\Users\\Mahin\\Thesis\\render_validated_starter_kit\\starter_kit\\outputs\\level1\\webcode2m\\we00042.html"", ""tokens"": 3348.0, ""base"": ""original""}, {""level"": ""original"", ""html_path"": ""C:\\Users\\Mahin\\Thesis\\render_validated_starter_kit\\starter_kit\\data\\raw_webcode2m\\we00042.html"", ""tokens"": 3565.0, ""base"": """"}]"
we00043,webcode2m,C:\Users\Mahin\Thesis\render_validated_starter_kit\starter_kit\data\raw_webcode2m\we00043.png,C:\Users\Mahin\Thesis\render_validated_starter_kit\starter_kit\outputs\level2\webcode2m\we00043.html,l2,1527.0,1087.0,28.815,True,True,False,level1,,"[{""level"": ""l2"", ""html_path"": ""C:\\Users\\Mahin\\Thesis\\render_validated_starter_kit\\starter_kit\\outputs\\level2\\webcode2m\\we00043.html"", ""tokens"": 1087.0, ""base"": ""level1""}, {""level"": ""l1"", ""html_path"": ""C:\\Users\\Mahin\\Thesis\\render_validated_starter_kit\\starter_kit\\outputs\\level1\\webcode2m\\we00043.html"", ""tokens"": 1334.0, ""base"": ""original""}, {""level"": ""original"", ""html_path"": ""C:\\Users\\Mahin\\Thesis\\render_validated_starter_kit\\starter_kit\\data\\raw_webcode2m\\we00043.html"", ""tokens"": 1527.0, ""base"": """"}]"
we00044,webcode2m,C:\Users\Mahin\Thesis\render_validated_starter_kit\starter_kit\data\raw_webcode2m\we00044.png,C:\Users\Mahin\Thesis\render_validated_starter_kit\starter_kit\outputs\level2\webcode2m\we00044.html,l2,5874.0,3653.0,37.811,True,True,False,level1,,"[{""level"": ""l2"", ""html_path"": ""C:\\Users\\Mahin\\Thesis\\render_validated_starter_kit\\starter_kit\\outputs\\level2\\webcode2m\\we00044.html"", ""tokens"": 3653.0, ""base"": ""level1""}, {""level"": ""l1"", ""html_path"": ""C:\\Users\\Mahin\\Thesis\\render_validated_starter_kit\\starter_kit\\outputs\\level1\\webcode2m\\we00044.html"", ""tokens"": 4743.0, ""base"": ""original""}, {""level"": ""original"", ""html_path"": ""C:\\Users\\Mahin\\Thesis\\render_validated_starter_kit\\starter_kit\\data\\raw_webcode2m\\we00044.html"", ""tokens"": 5874.0, ""base"": """"}]"
we00045,webcode2m,C:\Users\Mahin\Thesis\render_validated_starter_kit\starter_kit\data\raw_webcode2m\we00045.png,C:\Users\Mahin\Thesis\render_validated_starter_kit\starter_kit\outputs\level2\webcode2m\we00045.html,l2,2542.0,1989.0,21.755,True,True,False,level1,,"[{""level"": ""l2"", ""html_path"": ""C:\\Users\\Mahin\\Thesis\\render_validated_starter_kit\\starter_kit\\outputs\\level2\\webcode2m\\we00045.html"", ""tokens"": 1989.0, ""base"": ""level1""}, {""level"": ""l1"", ""html_path"": ""C:\\Users\\Mahin\\Thesis\\render_validated_starter_kit\\starter_kit\\outputs\\level1\\webcode2m\\we00045.html"", ""tokens"": 2050.0, ""base"": ""original""}, {""level"": ""original"", ""html_path"": ""C:\\Users\\Mahin\\Thesis\\render_validated_starter_kit\\starter_kit\\data\\raw_webcode2m\\we00045.html"", ""tokens"": 2542.0, ""base"": """"}]"
we00046,webcode2m,C:\Users\Mahin\Thesis\render_validated_starter_kit\starter_kit\data\raw_webcode2m\we00046.png,C:\Users\Mahin\Thesis\render_validated_starter_kit\starter_kit\outputs\level2\webcode2m\we00046.html,l2,4561.0,4050.0,11.204,True,True,False,level1,,"[{""level"": ""l2"", ""html_path"": ""C:\\Users\\Mahin\\Thesis\\render_validated_starter_kit\\starter_kit\\outputs\\level2\\webcode2m\\we00046.html"", ""tokens"": 4050.0, ""base"": ""level1""}, {""level"": ""l1"", ""html_path"": ""C:\\Users\\Mahin\\Thesis\\render_validated_starter_kit\\starter_kit\\outputs\\level1\\webcode2m\\we00046.html"", ""tokens"": 4073.0, ""base"": ""original""}, {""level"": ""original"", ""html_path"": ""C:\\Users\\Mahin\\Thesis\\render_validated_starter_kit\\starter_kit\\data\\raw_webcode2m\\we00046.html"", ""tokens"": 4561.0, ""base"": """"}]"
we00047,webcode2m,C:\Users\Mahin\Thesis\render_validated_starter_kit\starter_kit\data\raw_webcode2m\we00047.png,C:\Users\Mahin\Thesis\render_validated_starter_kit\starter_kit\outputs\level2\webcode2m\we00047.html,l2,6557.0,4451.0,32.118,True,True,False,level1,,"[{""level"": ""l2"", ""html_path"": ""C:\\Users\\Mahin\\Thesis\\render_validated_starter_kit\\starter_kit\\outputs\\level2\\webcode2m\\we00047.html"", ""tokens"": 4451.0, ""base"": ""level1""}, {""level"": ""l1"", ""html_path"": ""C:\\Users\\Mahin\\Thesis\\render_validated_starter_kit\\starter_kit\\outputs\\level1\\webcode2m\\we00047.html"", ""tokens"": 5586.0, ""base"": ""original""}, {""level"": ""original"", ""html_path"": ""C:\\Users\\Mahin\\Thesis\\render_validated_starter_kit\\starter_kit\\data\\raw_webcode2m\\we00047.html"", ""tokens"": 6557.0, ""base"": """"}]"
we00048,webcode2m,C:\Users\Mahin\Thesis\render_validated_starter_kit\starter_kit\data\raw_webcode2m\we00048.png,C:\Users\Mahin\Thesis\render_validated_starter_kit\starter_kit\outputs\level2\webcode2m\we00048.html,l2,3090.0,1870.0,39.482,True,True,False,level1,,"[{""level"": ""l2"", ""html_path"": ""C:\\Users\\Mahin\\Thesis\\render_validated_starter_kit\\starter_kit\\outputs\\level2\\webcode2m\\we00048.html"", ""tokens"": 1870.0, ""base"": ""level1""}, {""level"": ""l1"", ""html_path"": ""C:\\Users\\Mahin\\Thesis\\render_validated_starter_kit\\starter_kit\\outputs\\level1\\webcode2m\\we00048.html"", ""tokens"": 2821.0, ""base"": ""original""}, {""level"": ""original"", ""html_path"": ""C:\\Users\\Mahin\\Thesis\\render_validated_starter_kit\\starter_kit\\data\\raw_webcode2m\\we00048.html"", ""tokens"": 3090.0, ""base"": """"}]"
we00049,webcode2m,C:\Users\Mahin\Thesis\render_validated_starter_kit\starter_kit\data\raw_webcode2m\we00049.png,C:\Users\Mahin\Thesis\render_validated_starter_kit\starter_kit\outputs\level2\webcode2m\we00049.html,l2,2989.0,2171.0,27.367,True,True,False,level1,,"[{""level"": ""l2"", ""html_path"": ""C:\\Users\\Mahin\\Thesis\\render_validated_starter_kit\\starter_kit\\outputs\\level2\\webcode2m\\we00049.html"", ""tokens"": 2171.0, ""base"": ""level1""}, {""level"": ""l1"", ""html_path"": ""C:\\Users\\Mahin\\Thesis\\render_validated_starter_kit\\starter_kit\\outputs\\level1\\webcode2m\\we00049.html"", ""tokens"": 2854.0, ""base"": ""original""}, {""level"": ""original"", ""html_path"": ""C:\\Users\\Mahin\\Thesis\\render_validated_starter_kit\\starter_kit\\data\\raw_webcode2m\\we00049.html"", ""tokens"": 2989.0, ""base"": """"}]"
we00050,webcode2m,C:\Users\Mahin\Thesis\render_validated_starter_kit\starter_kit\data\raw_webcode2m\we00050.png,C:\Users\Mahin\Thesis\render_validated_starter_kit\starter_kit\outputs\level2\webcode2m\we00050.html,l2,4327.0,3615.0,16.455,True,True,False,level1,,"[{""level"": ""l2"", ""html_path"": ""C:\\Users\\Mahin\\Thesis\\render_validated_starter_kit\\starter_kit\\outputs\\level2\\webcode2m\\we00050.html"", ""tokens"": 3615.0, ""base"": ""level1""}, {""level"": ""l1"", ""html_path"": ""C:\\Users\\Mahin\\Thesis\\render_validated_starter_kit\\starter_kit\\outputs\\level1\\webcode2m\\we00050.html"", ""tokens"": 3709.0, ""base"": ""original""}, {""level"": ""original"", ""html_path"": ""C:\\Users\\Mahin\\Thesis\\render_validated_starter_kit\\starter_kit\\data\\raw_webcode2m\\we00050.html"", ""tokens"": 4327.0, ""base"": """"}]"
we00051,webcode2m,C:\Users\Mahin\Thesis\render_validated_starter_kit\starter_kit\data\raw_webcode2m\we00051.png,C:\Users\Mahin\Thesis\render_validated_starter_kit\starter_kit\outputs\level2\webcode2m\we00051.html,l2,3336.0,2937.0,11.96,True,True,False,level1,,"[{""level"": ""l2"", ""html_path"": ""C:\\Users\\Mahin\\Thesis\\render_validated_starter_kit\\starter_kit\\outputs\\level2\\webcode2m\\we00051.html"", ""tokens"": 2937.0, ""base"": ""level1""}, {""level"": ""l1"", ""html_path"": ""C:\\Users\\Mahin\\Thesis\\render_validated_starter_kit\\starter_kit\\outputs\\level1\\webcode2m\\we00051.html"", ""tokens"": 3137.0, ""base"": ""original""}, {""level"": ""original"", ""html_path"": ""C:\\Users\\Mahin\\Thesis\\render_validated_starter_kit\\starter_kit\\data\\raw_webcode2m\\we00051.html"", ""tokens"": 3336.0, ""base"": """"}]"
we00052,webcode2m,C:\Users\Mahin\Thesis\render_validated_starter_kit\starter_kit\data\raw_webcode2m\we00052.png,C:\Users\Mahin\Thesis\render_validated_starter_kit\starter_kit\outputs\level2\webcode2m\we00052.html,l2,1956.0,1584.0,19.018,True,True,False,level1,,"[{""level"": ""l2"", ""html_path"": ""C:\\Users\\Mahin\\Thesis\\render_validated_starter_kit\\starter_kit\\outputs\\level2\\webcode2m\\we00052.html"", ""tokens"": 1584.0, ""base"": ""level1""}, {""level"": ""l1"", ""html_path"": ""C:\\Users\\Mahin\\Thesis\\render_validated_starter_kit\\starter_kit\\outputs\\level1\\webcode2m\\we00052.html"", ""tokens"": 1751.0, ""base"": ""original""}, {""level"": ""original"", ""html_path"": ""C:\\Users\\Mahin\\Thesis\\render_validated_starter_kit\\starter_kit\\data\\raw_webcode2m\\we00052.html"", ""tokens"": 1956.0, ""base"": """"}]"
we00053,webcode2m,C:\Users\Mahin\Thesis\render_validated_starter_kit\starter_kit\data\raw_webcode2m\we00053.png,C:\Users\Mahin\Thesis\render_validated_starter_kit\starter_kit\data\raw_webcode2m\we00053.html,original,,,0.0,False,False,False,original,,"[{""level"": ""original"", ""html_path"": ""C:\\Users\\Mahin\\Thesis\\render_validated_starter_kit\\starter_kit\\data\\raw_webcode2m\\we00053.html"", ""tokens"": NaN, ""base"": """"}]"
we00054,webcode2m,C:\Users\Mahin\Thesis\render_validated_starter_kit\starter_kit\data\raw_webcode2m\we00054.png,C:\Users\Mahin\Thesis\render_validated_starter_kit\starter_kit\outputs\level2\webcode2m\we00054.html,l2,5530.0,3143.0,43.165,True,True,False,level1,,"[{""level"": ""l2"", ""html_path"": ""C:\\Users\\Mahin\\Thesis\\render_validated_starter_kit\\starter_kit\\outputs\\level2\\webcode2m\\we00054.html"", ""tokens"": 3143.0, ""base"": ""level1""}, {""level"": ""l1"", ""html_path"": ""C:\\Users\\Mahin\\Thesis\\render_validated_starter_kit\\starter_kit\\outputs\\level1\\webcode2m\\we00054.html"", ""tokens"": 4646.0, ""base"": ""original""}, {""level"": ""original"", ""html_path"": ""C:\\Users\\Mahin\\Thesis\\render_validated_starter_kit\\starter_kit\\data\\raw_webcode2m\\we00054.html"", ""tokens"": 5530.0, ""base"": """"}]"
we00055,webcode2m,C:\Users\Mahin\Thesis\render_validated_starter_kit\starter_kit\data\raw_webcode2m\we00055.png,C:\Users\Mahin\Thesis\render_validated_starter_kit\starter_kit\outputs\level2\webcode2m\we00055.html,l2,4375.0,2717.0,37.897,True,True,False,level1,,"[{""level"": ""l2"", ""html_path"": ""C:\\Users\\Mahin\\Thesis\\render_validated_starter_kit\\starter_kit\\outputs\\level2\\webcode2m\\we00055.html"", ""tokens"": 2717.0, ""base"": ""level1""}, {""level"": ""l1"", ""html_path"": ""C:\\Users\\Mahin\\Thesis\\render_validated_starter_kit\\starter_kit\\outputs\\level1\\webcode2m\\we00055.html"", ""tokens"": 3228.0, ""base"": ""original""}, {""level"": ""original"", ""html_path"": ""C:\\Users\\Mahin\\Thesis\\render_validated_starter_kit\\starter_kit\\data\\raw_webcode2m\\we00055.html"", ""tokens"": 4375.0, ""base"": """"}]"
we00056,webcode2m,C:\Users\Mahin\Thesis\render_validated_starter_kit\starter_kit\data\raw_webcode2m\we00056.png,C:\Users\Mahin\Thesis\render_validated_starter_kit\starter_kit\outputs\level2\webcode2m\we00056.html,l2,1704.0,1217.0,28.58,True,True,False,level1,,"[{""level"": ""l2"", ""html_path"": ""C:\\Users\\Mahin\\Thesis\\render_validated_starter_kit\\starter_kit\\outputs\\level2\\webcode2m\\we00056.html"", ""tokens"": 1217.0, ""base"": ""level1""}, {""level"": ""l1"", ""html_path"": ""C:\\Users\\Mahin\\Thesis\\render_validated_starter_kit\\starter_kit\\outputs\\level1\\webcode2m\\we00056.html"", ""tokens"": 1298.0, ""base"": ""original""}, {""level"": ""original"", ""html_path"": ""C:\\Users\\Mahin\\Thesis\\render_validated_starter_kit\\starter_kit\\data\\raw_webcode2m\\we00056.html"", ""tokens"": 1704.0, ""base"": """"}]"
we00057,webcode2m,C:\Users\Mahin\Thesis\render_validated_starter_kit\starter_kit\data\raw_webcode2m\we00057.png,C:\Users\Mahin\Thesis\render_validated_starter_kit\starter_kit\outputs\level2\webcode2m\we00057.html,l2,4324.0,3491.0,19.265,True,True,False,level1,,"[{""level"": ""l2"", ""html_path"": ""C:\\Users\\Mahin\\Thesis\\render_validated_starter_kit\\starter_kit\\outputs\\level2\\webcode2m\\we00057.html"", ""tokens"": 3491.0, ""base"": ""level1""}, {""level"": ""l1"", ""html_path"": ""C:\\Users\\Mahin\\Thesis\\render_validated_starter_kit\\starter_kit\\outputs\\level1\\webcode2m\\we00057.html"", ""tokens"": 3751.0, ""base"": ""original""}, {""level"": ""original"", ""html_path"": ""C:\\Users\\Mahin\\Thesis\\render_validated_starter_kit\\starter_kit\\data\\raw_webcode2m\\we00057.html"", ""tokens"": 4324.0, ""base"": """"}]"
we00058,webcode2m,C:\Users\Mahin\Thesis\render_validated_starter_kit\starter_kit\data\raw_webcode2m\we00058.png,C:\Users\Mahin\Thesis\render_validated_starter_kit\starter_kit\outputs\level2\webcode2m\we00058.html,l2,2298.0,1849.0,19.539,True,True,False,level1,,"[{""level"": ""l2"", ""html_path"": ""C:\\Users\\Mahin\\Thesis\\render_validated_starter_kit\\starter_kit\\outputs\\level2\\webcode2m\\we00058.html"", ""tokens"": 1849.0, ""base"": ""level1""}, {""level"": ""l1"", ""html_path"": ""C:\\Users\\Mahin\\Thesis\\render_validated_starter_kit\\starter_kit\\outputs\\level1\\webcode2m\\we00058.html"", ""tokens"": 2113.0, ""base"": ""original""}, {""level"": ""original"", ""html_path"": ""C:\\Users\\Mahin\\Thesis\\render_validated_starter_kit\\starter_kit\\data\\raw_webcode2m\\we00058.html"", ""tokens"": 2298.0, ""base"": """"}]"
we00059,webcode2m,C:\Users\Mahin\Thesis\render_validated_starter_kit\starter_kit\data\raw_webcode2m\we00059.png,C:\Users\Mahin\Thesis\render_validated_starter_kit\starter_kit\outputs\level2\webcode2m\we00059.html,l2,2612.0,2361.0,9.609,True,True,False,level1,,"[{""level"": ""l2"", ""html_path"": ""C:\\Users\\Mahin\\Thesis\\render_validated_starter_kit\\starter_kit\\outputs\\level2\\webcode2m\\we00059.html"", ""tokens"": 2361.0, ""base"": ""level1""}, {""level"": ""l1"", ""html_path"": ""C:\\Users\\Mahin\\Thesis\\render_validated_starter_kit\\starter_kit\\outputs\\level1\\webcode2m\\we00059.html"", ""tokens"": 2523.0, ""base"": ""original""}, {""level"": ""original"", ""html_path"": ""C:\\Users\\Mahin\\Thesis\\render_validated_starter_kit\\starter_kit\\data\\raw_webcode2m\\we00059.html"", ""tokens"": 2612.0, ""base"": """"}]"
we00060,webcode2m,C:\Users\Mahin\Thesis\render_validated_starter_kit\starter_kit\data\raw_webcode2m\we00060.png,C:\Users\Mahin\Thesis\render_validated_starter_kit\starter_kit\outputs\level2\webcode2m\we00060.html,l2,3353.0,2640.0,21.265,True,True,False,level1,,"[{""level"": ""l2"", ""html_path"": ""C:\\Users\\Mahin\\Thesis\\render_validated_starter_kit\\starter_kit\\outputs\\level2\\webcode2m\\we00060.html"", ""tokens"": 2640.0, ""base"": ""level1""}, {""level"": ""l1"", ""html_path"": ""C:\\Users\\Mahin\\Thesis\\render_validated_starter_kit\\starter_kit\\outputs\\level1\\webcode2m\\we00060.html"", ""tokens"": 3057.0, ""base"": ""original""}, {""level"": ""original"", ""html_path"": ""C:\\Users\\Mahin\\Thesis\\render_validated_starter_kit\\starter_kit\\data\\raw_webcode2m\\we00060.html"", ""tokens"": 3353.0, ""base"": """"}]"
we00061,webcode2m,C:\Users\Mahin\Thesis\render_validated_starter_kit\starter_kit\data\raw_webcode2m\we00061.png,C:\Users\Mahin\Thesis\render_validated_starter_kit\starter_kit\outputs\level2\webcode2m\we00061.html,l2,2695.0,2360.0,12.43,True,True,False,level1,,"[{""level"": ""l2"", ""html_path"": ""C:\\Users\\Mahin\\Thesis\\render_validated_starter_kit\\starter_kit\\outputs\\level2\\webcode2m\\we00061.html"", ""tokens"": 2360.0, ""base"": ""level1""}, {""level"": ""l1"", ""html_path"": ""C:\\Users\\Mahin\\Thesis\\render_validated_starter_kit\\starter_kit\\outputs\\level1\\webcode2m\\we00061.html"", ""tokens"": 2460.0, ""base"": ""original""}, {""level"": ""original"", ""html_path"": ""C:\\Users\\Mahin\\Thesis\\render_validated_starter_kit\\starter_kit\\data\\raw_webcode2m\\we00061.html"", ""tokens"": 2695.0, ""base"": """"}]"
we00062,webcode2m,C:\Users\Mahin\Thesis\render_validated_starter_kit\starter_kit\data\raw_webcode2m\we00062.png,C:\Users\Mahin\Thesis\render_validated_starter_kit\starter_kit\outputs\level1\webcode2m\we00062.html,l1,1834.0,1618.0,11.778,True,False,False,level1,,"[{""level"": ""l1"", ""html_path"": ""C:\\Users\\Mahin\\Thesis\\render_validated_starter_kit\\starter_kit\\outputs\\level1\\webcode2m\\we00062.html"", ""tokens"": 1618.0, ""base"": ""original""}, {""level"": ""original"", ""html_path"": ""C:\\Users\\Mahin\\Thesis\\render_validated_starter_kit\\starter_kit\\data\\raw_webcode2m\\we00062.html"", ""tokens"": 1834.0, ""base"": """"}]"
we00063,webcode2m,C:\Users\Mahin\Thesis\render_validated_starter_kit\starter_kit\data\raw_webcode2m\we00063.png,C:\Users\Mahin\Thesis\render_validated_starter_kit\starter_kit\outputs\level2\webcode2m\we00063.html,l2,7104.0,5410.0,23.846,True,True,False,level1,,"[{""level"": ""l2"", ""html_path"": ""C:\\Users\\Mahin\\Thesis\\render_validated_starter_kit\\starter_kit\\outputs\\level2\\webcode2m\\we00063.html"", ""tokens"": 5410.0, ""base"": ""level1""}, {""level"": ""l1"", ""html_path"": ""C:\\Users\\Mahin\\Thesis\\render_validated_starter_kit\\starter_kit\\outputs\\level1\\webcode2m\\we00063.html"", ""tokens"": 5948.0, ""base"": ""original""}, {""level"": ""original"", ""html_path"": ""C:\\Users\\Mahin\\Thesis\\render_validated_starter_kit\\starter_kit\\data\\raw_webcode2m\\we00063.html"", ""tokens"": 7104.0, ""base"": """"}]"
we00064,webcode2m,C:\Users\Mahin\Thesis\render_validated_starter_kit\starter_kit\data\raw_webcode2m\we00064.png,C:\Users\Mahin\Thesis\render_validated_starter_kit\starter_kit\outputs\level1\webcode2m\we00064.html,l1,3941.0,3547.0,9.997,True,False,False,level1,,"[{""level"": ""l1"", ""html_path"": ""C:\\Users\\Mahin\\Thesis\\render_validated_starter_kit\\starter_kit\\outputs\\level1\\webcode2m\\we00064.html"", ""tokens"": 3547.0, ""base"": ""original""}, {""level"": ""original"", ""html_path"": ""C:\\Users\\Mahin\\Thesis\\render_validated_starter_kit\\starter_kit\\data\\raw_webcode2m\\we00064.html"", ""tokens"": 3941.0, ""base"": """"}]"
we00065,webcode2m,C:\Users\Mahin\Thesis\render_validated_starter_kit\starter_kit\data\raw_webcode2m\we00065.png,C:\Users\Mahin\Thesis\render_validated_starter_kit\starter_kit\outputs\level2\webcode2m\we00065.html,l2,4230.0,3097.0,26.785,True,True,False,level1,,"[{""level"": ""l2"", ""html_path"": ""C:\\Users\\Mahin\\Thesis\\render_validated_starter_kit\\starter_kit\\outputs\\level2\\webcode2m\\we00065.html"", ""tokens"": 3097.0, ""base"": ""level1""}, {""level"": ""l1"", ""html_path"": ""C:\\Users\\Mahin\\Thesis\\render_validated_starter_kit\\starter_kit\\outputs\\level1\\webcode2m\\we00065.html"", ""tokens"": 3568.0, ""base"": ""original""}, {""level"": ""original"", ""html_path"": ""C:\\Users\\Mahin\\Thesis\\render_validated_starter_kit\\starter_kit\\data\\raw_webcode2m\\we00065.html"", ""tokens"": 4230.0, ""base"": """"}]"
we00066,webcode2m,C:\Users\Mahin\Thesis\render_validated_starter_kit\starter_kit\data\raw_webcode2m\we00066.png,C:\Users\Mahin\Thesis\render_validated_starter_kit\starter_kit\outputs\level2\webcode2m\we00066.html,l2,1387.0,954.0,31.218,True,True,False,level1,,"[{""level"": ""l2"", ""html_path"": ""C:\\Users\\Mahin\\Thesis\\render_validated_starter_kit\\starter_kit\\outputs\\level2\\webcode2m\\we00066.html"", ""tokens"": 954.0, ""base"": ""level1""}, {""level"": ""l1"", ""html_path"": ""C:\\Users\\Mahin\\Thesis\\render_validated_starter_kit\\starter_kit\\outputs\\level1\\webcode2m\\we00066.html"", ""tokens"": 1158.0, ""base"": ""original""}, {""level"": ""original"", ""html_path"": ""C:\\Users\\Mahin\\Thesis\\render_validated_starter_kit\\starter_kit\\data\\raw_webcode2m\\we00066.html"", ""tokens"": 1387.0, ""base"": """"}]"
we00067,webcode2m,C:\Users\Mahin\Thesis\render_validated_starter_kit\starter_kit\data\raw_webcode2m\we00067.png,C:\Users\Mahin\Thesis\render_validated_starter_kit\starter_kit\outputs\level2\webcode2m\we00067.html,l2,4451.0,3691.0,17.075,True,True,False,level1,,"[{""level"": ""l2"", ""html_path"": ""C:\\Users\\Mahin\\Thesis\\render_validated_starter_kit\\starter_kit\\outputs\\level2\\webcode2m\\we00067.html"", ""tokens"": 3691.0, ""base"": ""level1""}, {""level"": ""l1"", ""html_path"": ""C:\\Users\\Mahin\\Thesis\\render_validated_starter_kit\\starter_kit\\outputs\\level1\\webcode2m\\we00067.html"", ""tokens"": 3803.0, ""base"": ""original""}, {""level"": ""original"", ""html_path"": ""C:\\Users\\Mahin\\Thesis\\render_validated_starter_kit\\starter_kit\\data\\raw_webcode2m\\we00067.html"", ""tokens"": 4451.0, ""base"": """"}]"
we00068,webcode2m,C:\Users\Mahin\Thesis\render_validated_starter_kit\starter_kit\data\raw_webcode2m\we00068.png,C:\Users\Mahin\Thesis\render_validated_starter_kit\starter_kit\outputs\level2\webcode2m\we00068.html,l2,4852.0,3200.0,34.048,True,True,False,level1,,"[{""level"": ""l2"", ""html_path"": ""C:\\Users\\Mahin\\Thesis\\render_validated_starter_kit\\starter_kit\\outputs\\level2\\webcode2m\\we00068.html"", ""tokens"": 3200.0, ""base"": ""level1""}, {""level"": ""l1"", ""html_path"": ""C:\\Users\\Mahin\\Thesis\\render_validated_starter_kit\\starter_kit\\outputs\\level1\\webcode2m\\we00068.html"", ""tokens"": 3818.0, ""base"": ""original""}, {""level"": ""original"", ""html_path"": ""C:\\Users\\Mahin\\Thesis\\render_validated_starter_kit\\starter_kit\\data\\raw_webcode2m\\we00068.html"", ""tokens"": 4852.0, ""base"": """"}]"
we00069,webcode2m,C:\Users\Mahin\Thesis\render_validated_starter_kit\starter_kit\data\raw_webcode2m\we00069.png,C:\Users\Mahin\Thesis\render_validated_starter_kit\starter_kit\outputs\level2\webcode2m\we00069.html,l2,2884.0,2494.0,13.523,True,True,False,level1,,"[{""level"": ""l2"", ""html_path"": ""C:\\Users\\Mahin\\Thesis\\render_validated_starter_kit\\starter_kit\\outputs\\level2\\webcode2m\\we00069.html"", ""tokens"": 2494.0, ""base"": ""level1""}, {""level"": ""l1"", ""html_path"": ""C:\\Users\\Mahin\\Thesis\\render_validated_starter_kit\\starter_kit\\outputs\\level1\\webcode2m\\we00069.html"", ""tokens"": 2599.0, ""base"": ""original""}, {""level"": ""original"", ""html_path"": ""C:\\Users\\Mahin\\Thesis\\render_validated_starter_kit\\starter_kit\\data\\raw_webcode2m\\we00069.html"", ""tokens"": 2884.0, ""base"": """"}]"
we00070,webcode2m,C:\Users\Mahin\Thesis\render_validated_starter_kit\starter_kit\data\raw_webcode2m\we00070.png,C:\Users\Mahin\Thesis\render_validated_starter_kit\starter_kit\outputs\level2\webcode2m\we00070.html,l2,2909.0,2392.0,17.772,True,True,False,level1,,"[{""level"": ""l2"", ""html_path"": ""C:\\Users\\Mahin\\Thesis\\render_validated_starter_kit\\starter_kit\\outputs\\level2\\webcode2m\\we00070.html"", ""tokens"": 2392.0, ""base"": ""level1""}, {""level"": ""l1"", ""html_path"": ""C:\\Users\\Mahin\\Thesis\\render_validated_starter_kit\\starter_kit\\outputs\\level1\\webcode2m\\we00070.html"", ""tokens"": 2685.0, ""base"": ""original""}, {""level"": ""original"", ""html_path"": ""C:\\Users\\Mahin\\Thesis\\render_validated_starter_kit\\starter_kit\\data\\raw_webcode2m\\we00070.html"", ""tokens"": 2909.0, ""base"": """"}]"
we00071,webcode2m,C:\Users\Mahin\Thesis\render_validated_starter_kit\starter_kit\data\raw_webcode2m\we00071.png,C:\Users\Mahin\Thesis\render_validated_starter_kit\starter_kit\data\raw_webcode2m\we00071.html,original,,,0.0,False,False,False,original,,"[{""level"": ""original"", ""html_path"": ""C:\\Users\\Mahin\\Thesis\\render_validated_starter_kit\\starter_kit\\data\\raw_webcode2m\\we00071.html"", ""tokens"": NaN, ""base"": """"}]"
we00072,webcode2m,C:\Users\Mahin\Thesis\render_validated_starter_kit\starter_kit\data\raw_webcode2m\we00072.png,C:\Users\Mahin\Thesis\render_validated_starter_kit\starter_kit\outputs\level2\webcode2m\we00072.html,l2,4006.0,2306.0,42.436,True,True,False,level1,,"[{""level"": ""l2"", ""html_path"": ""C:\\Users\\Mahin\\Thesis\\render_validated_starter_kit\\starter_kit\\outputs\\level2\\webcode2m\\we00072.html"", ""tokens"": 2306.0, ""base"": ""level1""}, {""level"": ""l1"", ""html_path"": ""C:\\Users\\Mahin\\Thesis\\render_validated_starter_kit\\starter_kit\\outputs\\level1\\webcode2m\\we00072.html"", ""tokens"": 3453.0, ""base"": ""original""}, {""level"": ""original"", ""html_path"": ""C:\\Users\\Mahin\\Thesis\\render_validated_starter_kit\\starter_kit\\data\\raw_webcode2m\\we00072.html"", ""tokens"": 4006.0, ""base"": """"}]"
we00073,webcode2m,C:\Users\Mahin\Thesis\render_validated_starter_kit\starter_kit\data\raw_webcode2m\we00073.png,C:\Users\Mahin\Thesis\render_validated_starter_kit\starter_kit\outputs\level2\webcode2m\we00073.html,l2,4570.0,3642.0,20.306,True,True,False,level1,,"[{""level"": ""l2"", ""html_path"": ""C:\\Users\\Mahin\\Thesis\\render_validated_starter_kit\\starter_kit\\outputs\\level2\\webcode2m\\we00073.html"", ""tokens"": 3642.0, ""base"": ""level1""}, {""level"": ""l1"", ""html_path"": ""C:\\Users\\Mahin\\Thesis\\render_validated_starter_kit\\starter_kit\\outputs\\level1\\webcode2m\\we00073.html"", ""tokens"": 4121.0, ""base"": ""original""}, {""level"": ""original"", ""html_path"": ""C:\\Users\\Mahin\\Thesis\\render_validated_starter_kit\\starter_kit\\data\\raw_webcode2m\\we00073.html"", ""tokens"": 4570.0, ""base"": """"}]"
we00074,webcode2m,C:\Users\Mahin\Thesis\render_validated_starter_kit\starter_kit\data\raw_webcode2m\we00074.png,C:\Users\Mahin\Thesis\render_validated_starter_kit\starter_kit\outputs\level2\webcode2m\we00074.html,l2,2923.0,2588.0,11.461,True,True,False,level1,,"[{""level"": ""l2"", ""html_path"": ""C:\\Users\\Mahin\\Thesis\\render_validated_starter_kit\\starter_kit\\outputs\\level2\\webcode2m\\we00074.html"", ""tokens"": 2588.0, ""base"": ""level1""}, {""level"": ""l1"", ""html_path"": ""C:\\Users\\Mahin\\Thesis\\render_validated_starter_kit\\starter_kit\\outputs\\level1\\webcode2m\\we00074.html"", ""tokens"": 2688.0, ""base"": ""original""}, {""level"": ""original"", ""html_path"": ""C:\\Users\\Mahin\\Thesis\\render_validated_starter_kit\\starter_kit\\data\\raw_webcode2m\\we00074.html"", ""tokens"": 2923.0, ""base"": """"}]"
we00075,webcode2m,C:\Users\Mahin\Thesis\render_validated_starter_kit\starter_kit\data\raw_webcode2m\we00075.png,C:\Users\Mahin\Thesis\render_validated_starter_kit\starter_kit\outputs\level1\webcode2m\we00075.html,l1,1136.0,918.0,19.19,True,False,False,level1,,"[{""level"": ""l1"", ""html_path"": ""C:\\Users\\Mahin\\Thesis\\render_validated_starter_kit\\starter_kit\\outputs\\level1\\webcode2m\\we00075.html"", ""tokens"": 918.0, ""base"": ""original""}, {""level"": ""original"", ""html_path"": ""C:\\Users\\Mahin\\Thesis\\render_validated_starter_kit\\starter_kit\\data\\raw_webcode2m\\we00075.html"", ""tokens"": 1136.0, ""base"": """"}]"
we00076,webcode2m,C:\Users\Mahin\Thesis\render_validated_starter_kit\starter_kit\data\raw_webcode2m\we00076.png,C:\Users\Mahin\Thesis\render_validated_starter_kit\starter_kit\outputs\level2\webcode2m\we00076.html,l2,3386.0,2638.0,22.091,True,True,False,level1,,"[{""level"": ""l2"", ""html_path"": ""C:\\Users\\Mahin\\Thesis\\render_validated_starter_kit\\starter_kit\\outputs\\level2\\webcode2m\\we00076.html"", ""tokens"": 2638.0, ""base"": ""level1""}, {""level"": ""l1"", ""html_path"": ""C:\\Users\\Mahin\\Thesis\\render_validated_starter_kit\\starter_kit\\outputs\\level1\\webcode2m\\we00076.html"", ""tokens"": 2913.0, ""base"": ""original""}, {""level"": ""original"", ""html_path"": ""C:\\Users\\Mahin\\Thesis\\render_validated_starter_kit\\starter_kit\\data\\raw_webcode2m\\we00076.html"", ""tokens"": 3386.0, ""base"": """"}]"
we00077,webcode2m,C:\Users\Mahin\Thesis\render_validated_starter_kit\starter_kit\data\raw_webcode2m\we00077.png,C:\Users\Mahin\Thesis\render_validated_starter_kit\starter_kit\outputs\level2\webcode2m\we00077.html,l2,4958.0,2787.0,43.788,True,True,False,level1,,"[{""level"": ""l2"", ""html_path"": ""C:\\Users\\Mahin\\Thesis\\render_validated_starter_kit\\starter_kit\\outputs\\level2\\webcode2m\\we00077.html"", ""tokens"": 2787.0, ""base"": ""level1""}, {""level"": ""l1"", ""html_path"": ""C:\\Users\\Mahin\\Thesis\\render_validated_starter_kit\\starter_kit\\outputs\\level1\\webcode2m\\we00077.html"", ""tokens"": 4066.0, ""base"": ""original""}, {""level"": ""original"", ""html_path"": ""C:\\Users\\Mahin\\Thesis\\render_validated_starter_kit\\starter_kit\\data\\raw_webcode2m\\we00077.html"", ""tokens"": 4958.0, ""base"": """"}]"
we00078,webcode2m,C:\Users\Mahin\Thesis\render_validated_starter_kit\starter_kit\data\raw_webcode2m\we00078.png,C:\Users\Mahin\Thesis\render_validated_starter_kit\starter_kit\outputs\level2\webcode2m\we00078.html,l2,1812.0,1807.0,0.276,False,True,False,original,,"[{""level"": ""l2"", ""html_path"": ""C:\\Users\\Mahin\\Thesis\\render_validated_starter_kit\\starter_kit\\outputs\\level2\\webcode2m\\we00078.html"", ""tokens"": 1807.0, ""base"": ""original""}, {""level"": ""original"", ""html_path"": ""C:\\Users\\Mahin\\Thesis\\render_validated_starter_kit\\starter_kit\\data\\raw_webcode2m\\we00078.html"", ""tokens"": 1812.0, ""base"": """"}]"
we00079,webcode2m,C:\Users\Mahin\Thesis\render_validated_starter_kit\starter_kit\data\raw_webcode2m\we00079.png,C:\Users\Mahin\Thesis\render_validated_starter_kit\starter_kit\outputs\level2\webcode2m\we00079.html,l2,3327.0,1695.0,49.053,True,True,False,level1,,"[{""level"": ""l2"", ""html_path"": ""C:\\Users\\Mahin\\Thesis\\render_validated_starter_kit\\starter_kit\\outputs\\level2\\webcode2m\\we00079.html"", ""tokens"": 1695.0, ""base"": ""level1""}, {""level"": ""l1"", ""html_path"": ""C:\\Users\\Mahin\\Thesis\\render_validated_starter_kit\\starter_kit\\outputs\\level1\\webcode2m\\we00079.html"", ""tokens"": 2830.0, ""base"": ""original""}, {""level"": ""original"", ""html_path"": ""C:\\Users\\Mahin\\Thesis\\render_validated_starter_kit\\starter_kit\\data\\raw_webcode2m\\we00079.html"", ""tokens"": 3327.0, ""base"": """"}]"
we00080,webcode2m,C:\Users\Mahin\Thesis\render_validated_starter_kit\starter_kit\data\raw_webcode2m\we00080.png,C:\Users\Mahin\Thesis\render_validated_starter_kit\starter_kit\outputs\level2\webcode2m\we00080.html,l2,2909.0,2100.0,27.81,True,True,False,level1,,"[{""level"": ""l2"", ""html_path"": ""C:\\Users\\Mahin\\Thesis\\render_validated_starter_kit\\starter_kit\\outputs\\level2\\webcode2m\\we00080.html"", ""tokens"": 2100.0, ""base"": ""level1""}, {""level"": ""l1"", ""html_path"": ""C:\\Users\\Mahin\\Thesis\\render_validated_starter_kit\\starter_kit\\outputs\\level1\\webcode2m\\we00080.html"", ""tokens"": 2754.0, ""base"": ""original""}, {""level"": ""original"", ""html_path"": ""C:\\Users\\Mahin\\Thesis\\render_validated_starter_kit\\starter_kit\\data\\raw_webcode2m\\we00080.html"", ""tokens"": 2909.0, ""base"": """"}]"
we00081,webcode2m,C:\Users\Mahin\Thesis\render_validated_starter_kit\starter_kit\data\raw_webcode2m\we00081.png,C:\Users\Mahin\Thesis\render_validated_starter_kit\starter_kit\outputs\level2\webcode2m\we00081.html,l2,3368.0,2465.0,26.811,True,True,False,level1,,"[{""level"": ""l2"", ""html_path"": ""C:\\Users\\Mahin\\Thesis\\render_validated_starter_kit\\starter_kit\\outputs\\level2\\webcode2m\\we00081.html"", ""tokens"": 2465.0, ""base"": ""level1""}, {""level"": ""l1"", ""html_path"": ""C:\\Users\\Mahin\\Thesis\\render_validated_starter_kit\\starter_kit\\outputs\\level1\\webcode2m\\we00081.html"", ""tokens"": 2538.0, ""base"": ""original""}, {""level"": ""original"", ""html_path"": ""C:\\Users\\Mahin\\Thesis\\render_validated_starter_kit\\starter_kit\\data\\raw_webcode2m\\we00081.html"", ""tokens"": 3368.0, ""base"": """"}]"
we00082,webcode2m,C:\Users\Mahin\Thesis\render_validated_starter_kit\starter_kit\data\raw_webcode2m\we00082.png,C:\Users\Mahin\Thesis\render_validated_starter_kit\starter_kit\outputs\level2\webcode2m\we00082.html,l2,1910.0,1455.0,23.822,True,True,False,level1,,"[{""level"": ""l2"", ""html_path"": ""C:\\Users\\Mahin\\Thesis\\render_validated_starter_kit\\starter_kit\\outputs\\level2\\webcode2m\\we00082.html"", ""tokens"": 1455.0, ""base"": ""level1""}, {""level"": ""l1"", ""html_path"": ""C:\\Users\\Mahin\\Thesis\\render_validated_starter_kit\\starter_kit\\outputs\\level1\\webcode2m\\we00082.html"", ""tokens"": 1624.0, ""base"": ""original""}, {""level"": ""original"", ""html_path"": ""C:\\Users\\Mahin\\Thesis\\render_validated_starter_kit\\starter_kit\\data\\raw_webcode2m\\we00082.html"", ""tokens"": 1910.0, ""base"": """"}]"
we00083,webcode2m,C:\Users\Mahin\Thesis\render_validated_starter_kit\starter_kit\data\raw_webcode2m\we00083.png,C:\Users\Mahin\Thesis\render_validated_starter_kit\starter_kit\outputs\level2\webcode2m\we00083.html,l2,5228.0,4176.0,20.122,True,True,False,level1,,"[{""level"": ""l2"", ""html_path"": ""C:\\Users\\Mahin\\Thesis\\render_validated_starter_kit\\starter_kit\\outputs\\level2\\webcode2m\\we00083.html"", ""tokens"": 4176.0, ""base"": ""level1""}, {""level"": ""l1"", ""html_path"": ""C:\\Users\\Mahin\\Thesis\\render_validated_starter_kit\\starter_kit\\outputs\\level1\\webcode2m\\we00083.html"", ""tokens"": 4397.0, ""base"": ""original""}, {""level"": ""original"", ""html_path"": ""C:\\Users\\Mahin\\Thesis\\render_validated_starter_kit\\starter_kit\\data\\raw_webcode2m\\we00083.html"", ""tokens"": 5228.0, ""base"": """"}]"
we00084,webcode2m,C:\Users\Mahin\Thesis\render_validated_starter_kit\starter_kit\data\raw_webcode2m\we00084.png,C:\Users\Mahin\Thesis\render_validated_starter_kit\starter_kit\outputs\level2\webcode2m\we00084.html,l2,3368.0,2465.0,26.811,True,True,False,level1,,"[{""level"": ""l2"", ""html_path"": ""C:\\Users\\Mahin\\Thesis\\render_validated_starter_kit\\starter_kit\\outputs\\level2\\webcode2m\\we00084.html"", ""tokens"": 2465.0, ""base"": ""level1""}, {""level"": ""l1"", ""html_path"": ""C:\\Users\\Mahin\\Thesis\\render_validated_starter_kit\\starter_kit\\outputs\\level1\\webcode2m\\we00084.html"", ""tokens"": 2538.0, ""base"": ""original""}, {""level"": ""original"", ""html_path"": ""C:\\Users\\Mahin\\Thesis\\render_validated_starter_kit\\starter_kit\\data\\raw_webcode2m\\we00084.html"", ""tokens"": 3368.0, ""base"": """"}]"
we00085,webcode2m,C:\Users\Mahin\Thesis\render_validated_starter_kit\starter_kit\data\raw_webcode2m\we00085.png,C:\Users\Mahin\Thesis\render_validated_starter_kit\starter_kit\outputs\level2\webcode2m\we00085.html,l2,1999.0,1416.0,29.165,True,True,False,level1,,"[{""level"": ""l2"", ""html_path"": ""C:\\Users\\Mahin\\Thesis\\render_validated_starter_kit\\starter_kit\\outputs\\level2\\webcode2m\\we00085.html"", ""tokens"": 1416.0, ""base"": ""level1""}, {""level"": ""l1"", ""html_path"": ""C:\\Users\\Mahin\\Thesis\\render_validated_starter_kit\\starter_kit\\outputs\\level1\\webcode2m\\we00085.html"", ""tokens"": 1437.0, ""base"": ""original""}, {""level"": ""original"", ""html_path"": ""C:\\Users\\Mahin\\Thesis\\render_validated_starter_kit\\starter_kit\\data\\raw_webcode2m\\we00085.html"", ""tokens"": 1999.0, ""base"": """"}]"
we00086,webcode2m,C:\Users\Mahin\Thesis\render_validated_starter_kit\starter_kit\data\raw_webcode2m\we00086.png,C:\Users\Mahin\Thesis\render_validated_starter_kit\starter_kit\outputs\level2\webcode2m\we00086.html,l2,1704.0,1217.0,28.58,True,True,False,level1,,"[{""level"": ""l2"", ""html_path"": ""C:\\Users\\Mahin\\Thesis\\render_validated_starter_kit\\starter_kit\\outputs\\level2\\webcode2m\\we00086.html"", ""tokens"": 1217.0, ""base"": ""level1""}, {""level"": ""l1"", ""html_path"": ""C:\\Users\\Mahin\\Thesis\\render_validated_starter_kit\\starter_kit\\outputs\\level1\\webcode2m\\we00086.html"", ""tokens"": 1300.0, ""base"": ""original""}, {""level"": ""original"", ""html_path"": ""C:\\Users\\Mahin\\Thesis\\render_validated_starter_kit\\starter_kit\\data\\raw_webcode2m\\we00086.html"", ""tokens"": 1704.0, ""base"": """"}]"
we00087,webcode2m,C:\Users\Mahin\Thesis\render_validated_starter_kit\starter_kit\data\raw_webcode2m\we00087.png,C:\Users\Mahin\Thesis\render_validated_starter_kit\starter_kit\outputs\level2\webcode2m\we00087.html,l2,2647.0,2477.0,6.422,True,True,False,level1,,"[{""level"": ""l2"", ""html_path"": ""C:\\Users\\Mahin\\Thesis\\render_validated_starter_kit\\starter_kit\\outputs\\level2\\webcode2m\\we00087.html"", ""tokens"": 2477.0, ""base"": ""level1""}, {""level"": ""l1"", ""html_path"": ""C:\\Users\\Mahin\\Thesis\\render_validated_starter_kit\\starter_kit\\outputs\\level1\\webcode2m\\we00087.html"", ""tokens"": 2503.0, ""base"": ""original""}, {""level"": ""original"", ""html_path"": ""C:\\Users\\Mahin\\Thesis\\render_validated_starter_kit\\starter_kit\\data\\raw_webcode2m\\we00087.html"", ""tokens"": 2647.0, ""base"": """"}]"
we00088,webcode2m,C:\Users\Mahin\Thesis\render_validated_starter_kit\starter_kit\data\raw_webcode2m\we00088.png,C:\Users\Mahin\Thesis\render_validated_starter_kit\starter_kit\outputs\level2\webcode2m\we00088.html,l2,3645.0,2615.0,28.258,True,True,False,level1,,"[{""level"": ""l2"", ""html_path"": ""C:\\Users\\Mahin\\Thesis\\render_validated_starter_kit\\starter_kit\\outputs\\level2\\webcode2m\\we00088.html"", ""tokens"": 2615.0, ""base"": ""level1""}, {""level"": ""l1"", ""html_path"": ""C:\\Users\\Mahin\\Thesis\\render_validated_starter_kit\\starter_kit\\outputs\\level1\\webcode2m\\we00088.html"", ""tokens"": 2967.0, ""base"": ""original""}, {""level"": ""original"", ""html_path"": ""C:\\Users\\Mahin\\Thesis\\render_validated_starter_kit\\starter_kit\\data\\raw_webcode2m\\we00088.html"", ""tokens"": 3645.0, ""base"": """"}]"
we00089,webcode2m,C:\Users\Mahin\Thesis\render_validated_starter_kit\starter_kit\data\raw_webcode2m\we00089.png,C:\Users\Mahin\Thesis\render_validated_starter_kit\starter_kit\outputs\level1\webcode2m\we00089.html,l1,1700.0,1566.0,7.882,True,False,False,level1,,"[{""level"": ""l1"", ""html_path"": ""C:\\Users\\Mahin\\Thesis\\render_validated_starter_kit\\starter_kit\\outputs\\level1\\webcode2m\\we00089.html"", ""tokens"": 1566.0, ""base"": ""original""}, {""level"": ""original"", ""html_path"": ""C:\\Users\\Mahin\\Thesis\\render_validated_starter_kit\\starter_kit\\data\\raw_webcode2m\\we00089.html"", ""tokens"": 1700.0, ""base"": """"}]"
we00090,webcode2m,C:\Users\Mahin\Thesis\render_validated_starter_kit\starter_kit\data\raw_webcode2m\we00090.png,C:\Users\Mahin\Thesis\render_validated_starter_kit\starter_kit\outputs\level2\webcode2m\we00090.html,l2,6864.0,4996.0,27.214,True,True,False,level1,,"[{""level"": ""l2"", ""html_path"": ""C:\\Users\\Mahin\\Thesis\\render_validated_starter_kit\\starter_kit\\outputs\\level2\\webcode2m\\we00090.html"", ""tokens"": 4996.0, ""base"": ""level1""}, {""level"": ""l1"", ""html_path"": ""C:\\Users\\Mahin\\Thesis\\render_validated_starter_kit\\starter_kit\\outputs\\level1\\webcode2m\\we00090.html"", ""tokens"": 5927.0, ""base"": ""original""}, {""level"": ""original"", ""html_path"": ""C:\\Users\\Mahin\\Thesis\\render_validated_starter_kit\\starter_kit\\data\\raw_webcode2m\\we00090.html"", ""tokens"": 6864.0, ""base"": """"}]"
we00091,webcode2m,C:\Users\Mahin\Thesis\render_validated_starter_kit\starter_kit\data\raw_webcode2m\we00091.png,C:\Users\Mahin\Thesis\render_validated_starter_kit\starter_kit\outputs\level2\webcode2m\we00091.html,l2,8292.0,5971.0,27.991,True,True,False,level1,,"[{""level"": ""l2"", ""html_path"": ""C:\\Users\\Mahin\\Thesis\\render_validated_starter_kit\\starter_kit\\outputs\\level2\\webcode2m\\we00091.html"", ""tokens"": 5971.0, ""base"": ""level1""}, {""level"": ""l1"", ""html_path"": ""C:\\Users\\Mahin\\Thesis\\render_validated_starter_kit\\starter_kit\\outputs\\level1\\webcode2m\\we00091.html"", ""tokens"": 6587.0, ""base"": ""original""}, {""level"": ""original"", ""html_path"": ""C:\\Users\\Mahin\\Thesis\\render_validated_starter_kit\\starter_kit\\data\\raw_webcode2m\\we00091.html"", ""tokens"": 8292.0, ""base"": """"}]"
we00092,webcode2m,C:\Users\Mahin\Thesis\render_validated_starter_kit\starter_kit\data\raw_webcode2m\we00092.png,C:\Users\Mahin\Thesis\render_validated_starter_kit\starter_kit\outputs\level2\webcode2m\we00092.html,l2,4239.0,3265.0,22.977,True,True,False,level1,,"[{""level"": ""l2"", ""html_path"": ""C:\\Users\\Mahin\\Thesis\\render_validated_starter_kit\\starter_kit\\outputs\\level2\\webcode2m\\we00092.html"", ""tokens"": 3265.0, ""base"": ""level1""}, {""level"": ""l1"", ""html_path"": ""C:\\Users\\Mahin\\Thesis\\render_validated_starter_kit\\starter_kit\\outputs\\level1\\webcode2m\\we00092.html"", ""tokens"": 3485.0, ""base"": ""original""}, {""level"": ""original"", ""html_path"": ""C:\\Users\\Mahin\\Thesis\\render_validated_starter_kit\\starter_kit\\data\\raw_webcode2m\\we00092.html"", ""tokens"": 4239.0, ""base"": """"}]"
we00093,webcode2m,C:\Users\Mahin\Thesis\render_validated_starter_kit\starter_kit\data\raw_webcode2m\we00093.png,C:\Users\Mahin\Thesis\render_validated_starter_kit\starter_kit\outputs\level2\webcode2m\we00093.html,l2,3348.0,2740.0,18.16,True,True,False,level1,,"[{""level"": ""l2"", ""html_path"": ""C:\\Users\\Mahin\\Thesis\\render_validated_starter_kit\\starter_kit\\outputs\\level2\\webcode2m\\we00093.html"", ""tokens"": 2740.0, ""base"": ""level1""}, {""level"": ""l1"", ""html_path"": ""C:\\Users\\Mahin\\Thesis\\render_validated_starter_kit\\starter_kit\\outputs\\level1\\webcode2m\\we00093.html"", ""tokens"": 3037.0, ""base"": ""original""}, {""level"": ""original"", ""html_path"": ""C:\\Users\\Mahin\\Thesis\\render_validated_starter_kit\\starter_kit\\data\\raw_webcode2m\\we00093.html"", ""tokens"": 3348.0, ""base"": """"}]"
we00094,webcode2m,C:\Users\Mahin\Thesis\render_validated_starter_kit\starter_kit\data\raw_webcode2m\we00094.png,C:\Users\Mahin\Thesis\render_validated_starter_kit\starter_kit\outputs\level2\webcode2m\we00094.html,l2,2966.0,2316.0,21.915,True,True,False,level1,,"[{""level"": ""l2"", ""html_path"": ""C:\\Users\\Mahin\\Thesis\\render_validated_starter_kit\\starter_kit\\outputs\\level2\\webcode2m\\we00094.html"", ""tokens"": 2316.0, ""base"": ""level1""}, {""level"": ""l1"", ""html_path"": ""C:\\Users\\Mahin\\Thesis\\render_validated_starter_kit\\starter_kit\\outputs\\level1\\webcode2m\\we00094.html"", ""tokens"": 2546.0, ""base"": ""original""}, {""level"": ""original"", ""html_path"": ""C:\\Users\\Mahin\\Thesis\\render_validated_starter_kit\\starter_kit\\data\\raw_webcode2m\\we00094.html"", ""tokens"": 2966.0, ""base"": """"}]"
we00095,webcode2m,C:\Users\Mahin\Thesis\render_validated_starter_kit\starter_kit\data\raw_webcode2m\we00095.png,C:\Users\Mahin\Thesis\render_validated_starter_kit\starter_kit\outputs\level2\webcode2m\we00095.html,l2,4842.0,3222.0,33.457,True,True,False,level1,,"[{""level"": ""l2"", ""html_path"": ""C:\\Users\\Mahin\\Thesis\\render_validated_starter_kit\\starter_kit\\outputs\\level2\\webcode2m\\we00095.html"", ""tokens"": 3222.0, ""base"": ""level1""}, {""level"": ""l1"", ""html_path"": ""C:\\Users\\Mahin\\Thesis\\render_validated_starter_kit\\starter_kit\\outputs\\level1\\webcode2m\\we00095.html"", ""tokens"": 3927.0, ""base"": ""original""}, {""level"": ""original"", ""html_path"": ""C:\\Users\\Mahin\\Thesis\\render_validated_starter_kit\\starter_kit\\data\\raw_webcode2m\\we00095.html"", ""tokens"": 4842.0, ""base"": """"}]"
we00096,webcode2m,C:\Users\Mahin\Thesis\render_validated_starter_kit\starter_kit\data\raw_webcode2m\we00096.png,C:\Users\Mahin\Thesis\render_validated_starter_kit\starter_kit\outputs\level2\webcode2m\we00096.html,l2,3920.0,2813.0,28.24,True,True,False,level1,,"[{""level"": ""l2"", ""html_path"": ""C:\\Users\\Mahin\\Thesis\\render_validated_starter_kit\\starter_kit\\outputs\\level2\\webcode2m\\we00096.html"", ""tokens"": 2813.0, ""base"": ""level1""}, {""level"": ""l1"", ""html_path"": ""C:\\Users\\Mahin\\Thesis\\render_validated_starter_kit\\starter_kit\\outputs\\level1\\webcode2m\\we00096.html"", ""tokens"": 2969.0, ""base"": ""original""}, {""level"": ""original"", ""html_path"": ""C:\\Users\\Mahin\\Thesis\\render_validated_starter_kit\\starter_kit\\data\\raw_webcode2m\\we00096.html"", ""tokens"": 3920.0, ""base"": """"}]"
we00097,webcode2m,C:\Users\Mahin\Thesis\render_validated_starter_kit\starter_kit\data\raw_webcode2m\we00097.png,C:\Users\Mahin\Thesis\render_validated_starter_kit\starter_kit\outputs\level2\webcode2m\we00097.html,l2,4418.0,3191.0,27.773,True,True,False,level1,,"[{""level"": ""l2"", ""html_path"": ""C:\\Users\\Mahin\\Thesis\\render_validated_starter_kit\\starter_kit\\outputs\\level2\\webcode2m\\we00097.html"", ""tokens"": 3191.0, ""base"": ""level1""}, {""level"": ""l1"", ""html_path"": ""C:\\Users\\Mahin\\Thesis\\render_validated_starter_kit\\starter_kit\\outputs\\level1\\webcode2m\\we00097.html"", ""tokens"": 3527.0, ""base"": ""original""}, {""level"": ""original"", ""html_path"": ""C:\\Users\\Mahin\\Thesis\\render_validated_starter_kit\\starter_kit\\data\\raw_webcode2m\\we00097.html"", ""tokens"": 4418.0, ""base"": """"}]"
we00098,webcode2m,C:\Users\Mahin\Thesis\render_validated_starter_kit\starter_kit\data\raw_webcode2m\we00098.png,C:\Users\Mahin\Thesis\render_validated_starter_kit\starter_kit\outputs\level2\webcode2m\we00098.html,l2,2729.0,2108.0,22.756,True,True,False,level1,,"[{""level"": ""l2"", ""html_path"": ""C:\\Users\\Mahin\\Thesis\\render_validated_starter_kit\\starter_kit\\outputs\\level2\\webcode2m\\we00098.html"", ""tokens"": 2108.0, ""base"": ""level1""}, {""level"": ""l1"", ""html_path"": ""C:\\Users\\Mahin\\Thesis\\render_validated_starter_kit\\starter_kit\\outputs\\level1\\webcode2m\\we00098.html"", ""tokens"": 2465.0, ""base"": ""original""}, {""level"": ""original"", ""html_path"": ""C:\\Users\\Mahin\\Thesis\\render_validated_starter_kit\\starter_kit\\data\\raw_webcode2m\\we00098.html"", ""tokens"": 2729.0, ""base"": """"}]"
we00099,webcode2m,C:\Users\Mahin\Thesis\render_validated_starter_kit\starter_kit\data\raw_webcode2m\we00099.png,C:\Users\Mahin\Thesis\render_validated_starter_kit\starter_kit\outputs\level2\webcode2m\we00099.html,l2,2025.0,1455.0,28.148,True,True,False,level1,,"[{""level"": ""l2"", ""html_path"": ""C:\\Users\\Mahin\\Thesis\\render_validated_starter_kit\\starter_kit\\outputs\\level2\\webcode2m\\we00099.html"", ""tokens"": 1455.0, ""base"": ""level1""}, {""level"": ""l1"", ""html_path"": ""C:\\Users\\Mahin\\Thesis\\render_validated_starter_kit\\starter_kit\\outputs\\level1\\webcode2m\\we00099.html"", ""tokens"": 1556.0, ""base"": ""original""}, {""level"": ""original"", ""html_path"": ""C:\\Users\\Mahin\\Thesis\\render_validated_starter_kit\\starter_kit\\data\\raw_webcode2m\\we00099.html"", ""tokens"": 2025.0, ""base"": """"}]"
