page_id,source,base,n_invisible,n_wrappers,n_candidate_edits,tokens_base,status,accepted,reduction_pct,gate_calls,n_kept,n_kept_invisible,n_kept_wrappers,n_blacklisted,tokens_saved_invisible,tokens_saved_wrappers,tokenizer,g0_parse,tokens_orig,tokens_comp,g1_tokens,docH_orig,docH_comp,height_delta_px,g2_height,text_ratio,g3_text,n_boxes_orig,n_boxes_comp,iou_mean,center_shift_max,n_unmatched,g4_blocks,deltae_p95,deltae_max,g5_color,ssim_diag,g6_lpips,pixel_identical
we00000,webcode2m,level1,4.0,19.0,23.0,2289.0,all_edits_rejected,False,0.0,40.0,,,,,,,,,,,,,,,,,,,,,,,,,,,,,
we00001,webcode2m,original,9.0,11.0,20.0,5544.0,ok,True,8.333,15.0,19.0,9.0,10.0,1.0,375.0,96.0,qwen2.5-vl,True,5544.0,5082.0,True,2107.0,2107.0,0.0,True,1.0,True,39.0,39.0,1.0,0.0,0.0,True,0.0,0.0,True,1.0,True,True
we00002,webcode2m,level1,15.0,13.0,28.0,2518.0,ok,True,4.845,29.0,14.0,14.0,0.0,14.0,122.0,0.0,qwen2.5-vl,True,2518.0,2396.0,True,1249.0,1249.0,0.0,True,1.0,True,79.0,79.0,1.0,0.0,0.0,True,0.0,0.0,True,1.0,True,True
we00003,webcode2m,level1,27.0,21.0,48.0,2280.0,all_edits_rejected,False,0.0,40.0,,,,,,,,,,,,,,,,,,,,,,,,,,,,,
we00004,webcode2m,original,14.0,71.0,85.0,3802.0,ok,True,34.087,40.0,40.0,14.0,26.0,2.0,970.0,326.0,qwen2.5-vl,True,3802.0,2506.0,True,1420.0,1420.0,0.0,True,1.0,True,50.0,50.0,1.0,0.0,0.0,True,0.0,0.0,True,1.0,True,True
we00005,webcode2m,level1,23.0,12.0,35.0,3349.0,all_edits_rejected,False,0.0,40.0,,,,,,,,,,,,,,,,,,,,,,,,,,,,,
we00006,webcode2m,level1,11.0,25.0,36.0,6351.0,ok,True,0.205,37.0,18.0,0.0,18.0,18.0,0.0,13.0,qwen2.5-vl,True,6351.0,6338.0,True,2528.0,2528.0,0.0,True,1.0,True,59.0,59.0,1.0,0.0,0.0,True,0.0,0.0,True,1.0,True,True
we00007,webcode2m,level1,43.0,6.0,49.0,5082.0,all_edits_rejected,False,0.0,40.0,,,,,,,,,,,,,,,,,,,,,,,,,,,,,
we00008,webcode2m,original,25.0,18.0,43.0,2999.0,ok,True,2.234,40.0,5.0,5.0,0.0,12.0,67.0,0.0,qwen2.5-vl,True,2999.0,2932.0,True,1458.0,1458.0,0.0,True,1.0,True,134.0,134.0,1.0,0.0,0.0,True,0.0,0.0,True,1.0,True,True
we00009,webcode2m,level1,12.0,6.0,18.0,5222.0,ok,True,14.899,29.0,4.0,4.0,0.0,14.0,778.0,0.0,qwen2.5-vl,True,5222.0,4444.0,True,802.0,802.0,0.0,True,1.0,True,55.0,55.0,1.0,0.0,0.0,True,0.0,0.0,True,1.0,True,True
we00010,webcode2m,level1,8.0,15.0,23.0,4936.0,ok,True,3.039,25.0,11.0,8.0,3.0,12.0,121.0,-91.0,qwen2.5-vl,True,4936.0,4786.0,True,2963.0,2963.0,0.0,True,1.0,True,59.0,59.0,1.0,0.0,0.0,True,0.0,0.0,True,1.0,True,True
we00011,webcode2m,level1,5.0,8.0,13.0,6869.0,ok,True,3.945,21.0,3.0,3.0,0.0,10.0,271.0,0.0,qwen2.5-vl,True,6869.0,6598.0,True,1748.0,1748.0,0.0,True,1.0,True,21.0,21.0,1.0,0.0,0.0,True,0.0,0.0,True,1.0,True,True
we00012,webcode2m,level1,16.0,11.0,27.0,5135.0,ok,True,30.341,18.0,20.0,16.0,4.0,7.0,1501.0,-26.0,qwen2.5-vl,True,5135.0,3577.0,True,2185.0,2185.0,0.0,True,1.0,True,44.0,44.0,1.0,0.0,0.0,True,0.0,0.0,True,1.0,True,True
we00013,webcode2m,original,43.0,1.0,44.0,2593.0,ok,True,0.077,40.0,1.0,1.0,0.0,17.0,2.0,0.0,qwen2.5-vl,True,2593.0,2591.0,True,1217.0,1217.0,0.0,True,0.99986,True,87.0,87.0,1.0,0.0,0.0,True,0.0,0.0,True,1.0,True,True
we00014,webcode2m,level1,11.0,8.0,19.0,8737.0,ok,True,2.415,31.0,4.0,4.0,0.0,15.0,211.0,0.0,qwen2.5-vl,True,8737.0,8526.0,True,1735.0,1735.0,0.0,True,1.0,True,71.0,71.0,1.0,0.0,0.0,True,0.0,0.0,True,1.0,True,True
we00015,webcode2m,original,9.0,12.0,21.0,7629.0,ok,True,6.423,31.0,18.0,8.0,10.0,3.0,412.0,96.0,qwen2.5-vl,True,7629.0,7139.0,True,1809.0,1809.0,0.0,True,1.0,True,34.0,34.0,1.0,0.0,0.0,True,0.0,0.0,True,1.0,True,True
we00016,webcode2m,level1,14.0,38.0,52.0,5885.0,ok,True,3.297,40.0,13.0,0.0,13.0,14.0,0.0,194.0,qwen2.5-vl,True,5885.0,5691.0,True,1600.0,1600.0,0.0,True,1.0,True,31.0,31.0,1.0,0.0,0.0,True,0.0,0.0,True,1.0,True,True
we00017,webcode2m,original,2.0,1.0,3.0,1207.0,all_edits_rejected,False,0.0,5.0,,,,,,,,,,,,,,,,,,,,,,,,,,,,,
we00018,webcode2m,original,59.0,22.0,81.0,4121.0,ok,True,0.534,40.0,3.0,3.0,0.0,17.0,22.0,0.0,qwen2.5-vl,True,4121.0,4099.0,True,2199.0,2199.0,0.0,True,1.0,True,65.0,65.0,1.0,0.0,0.0,True,0.0,0.0,True,1.0,True,True
we00019,webcode2m,level1,11.0,25.0,36.0,6317.0,ok,True,0.206,37.0,18.0,0.0,18.0,18.0,0.0,13.0,qwen2.5-vl,True,6317.0,6304.0,True,2528.0,2528.0,0.0,True,1.0,True,59.0,59.0,1.0,0.0,0.0,True,0.0,0.0,True,1.0,True,True
we00020,webcode2m,level1,6.0,5.0,11.0,4886.0,ok,True,1.944,13.0,5.0,5.0,0.0,6.0,95.0,0.0,qwen2.5-vl,True,4886.0,4791.0,True,1262.0,1262.0,0.0,True,1.0,True,26.0,26.0,1.0,0.0,0.0,True,0.0,0.0,True,1.0,True,True
we00021,webcode2m,original,19.0,8.0,27.0,5527.0,ok,True,5.301,40.0,16.0,12.0,4.0,9.0,273.0,22.0,qwen2.5-vl,True,5527.0,5234.0,True,965.0,965.0,0.0,True,0.99635,True,84.0,84.0,1.0,0.0,0.0,True,0.0,0.0,True,1.0,True,True
we00022,webcode2m,level1,16.0,33.0,49.0,4087.0,all_edits_rejected,False,0.0,40.0,,,,,,,,,,,,,,,,,,,,,,,,,,,,,
we00023,webcode2m,level1,4.0,9.0,13.0,2932.0,ok,True,8.424,1.0,13.0,4.0,9.0,0.0,67.0,115.0,qwen2.5-vl,True,2932.0,2685.0,True,1422.0,1422.0,0.0,True,1.0,True,27.0,27.0,1.0,0.0,0.0,True,0.0,0.0,True,1.0,True,True
we00024,webcode2m,level1,29.0,7.0,36.0,2792.0,all_edits_rejected,False,0.0,40.0,,,,,,,,,,,,,,,,,,,,,,,,,,,,,
we00025,webcode2m,original,,,,,skipped_data_selector,,,,,,,,,,,,,,,,,,,,,,,,,,,,,,,,
we00026,webcode2m,original,21.0,20.0,41.0,2870.0,ok,True,5.61,40.0,13.0,13.0,0.0,9.0,161.0,0.0,qwen2.5-vl,True,2870.0,2709.0,True,2124.0,2124.0,0.0,True,1.0,True,38.0,38.0,1.0,0.0,0.0,True,0.0,0.0,True,1.0,True,True
we00027,webcode2m,level1,60.0,48.0,108.0,4176.0,ok,True,6.226,40.0,13.0,13.0,0.0,17.0,260.0,0.0,qwen2.5-vl,True,4176.0,3916.0,True,1854.0,1854.0,0.0,True,1.0,True,86.0,86.0,1.0,0.0,0.0,True,0.0,0.0,True,1.0,True,True
we00028,webcode2m,level1,14.0,2.0,16.0,2115.0,ok,True,7.565,25.0,7.0,7.0,0.0,9.0,160.0,0.0,qwen2.5-vl,True,2115.0,1955.0,True,918.0,917.0,1.0,True,1.0,True,36.0,36.0,0.9997,0.5,0.0,True,0.0,0.013,True,1.0,True,False
we00029,webcode2m,original,16.0,36.0,52.0,3422.0,ok,True,8.416,40.0,26.0,16.0,10.0,4.0,207.0,105.0,qwen2.5-vl,True,3422.0,3134.0,True,2223.0,2223.0,0.0,True,1.0,True,78.0,78.0,0.9987,1.0,0.0,True,0.0,0.879,True,1.0,True,True
we00030,webcode2m,original,24.0,8.0,32.0,4391.0,ok,True,71.624,27.0,28.0,21.0,7.0,4.0,3092.0,53.0,qwen2.5-vl,True,4391.0,1246.0,True,1767.0,1767.0,0.0,True,1.0,True,47.0,47.0,1.0,0.0,0.0,True,0.0,0.0,True,1.0,True,True
we00031,webcode2m,level1,10.0,7.0,17.0,7496.0,ok,True,4.416,27.0,7.0,7.0,0.0,10.0,331.0,0.0,qwen2.5-vl,True,7496.0,7165.0,True,2970.0,2970.0,0.0,True,1.0,True,29.0,29.0,1.0,0.0,0.0,True,0.0,0.0,True,1.0,True,True
we00032,webcode2m,level1,15.0,6.0,21.0,2272.0,all_edits_rejected,False,0.0,40.0,,,,,,,,,,,,,,,,,,,,,,,,,,,,,
we00033,webcode2m,level1,129.0,20.0,149.0,4517.0,all_edits_rejected,False,0.0,40.0,,,,,,,,,,,,,,,,,,,,,,,,,,,,,
we00034,webcode2m,original,32.0,16.0,48.0,2835.0,ok,True,0.705,40.0,4.0,4.0,0.0,12.0,20.0,0.0,qwen2.5-vl,True,2835.0,2815.0,True,1998.0,1998.0,0.0,True,1.0,True,66.0,66.0,1.0,0.0,0.0,True,0.0,0.0,True,1.0,True,True
we00035,webcode2m,original,10.0,0.0,10.0,2717.0,ok,True,3.865,21.0,5.0,5.0,0.0,4.0,105.0,0.0,qwen2.5-vl,True,2717.0,2612.0,True,800.0,800.0,0.0,True,1.0,True,33.0,33.0,1.0,0.0,0.0,True,0.0,0.0,True,1.0,True,True
we00036,webcode2m,level1,9.0,27.0,36.0,2369.0,ok,True,0.211,40.0,9.0,9.0,0.0,18.0,5.0,0.0,qwen2.5-vl,True,2369.0,2364.0,True,1908.0,1908.0,0.0,True,0.99898,True,84.0,84.0,1.0,0.0,0.0,True,0.0,0.0,True,1.0,True,True
we00037,webcode2m,level1,37.0,11.0,48.0,3104.0,all_edits_rejected,False,0.0,40.0,,,,,,,,,,,,,,,,,,,,,,,,,,,,,
we00038,webcode2m,level1,14.0,6.0,20.0,2218.0,all_edits_rejected,False,0.0,39.0,,,,,,,,,,,,,,,,,,,,,,,,,,,,,
we00039,webcode2m,original,2.0,2.0,4.0,3022.0,ok,True,0.563,6.0,3.0,2.0,1.0,1.0,10.0,7.0,qwen2.5-vl,True,3022.0,3005.0,True,2188.0,2188.0,0.0,True,1.0,True,14.0,14.0,0.9998,0.89,0.0,True,0.003,0.009,True,0.98953,True,False
we00040,webcode2m,original,23.0,30.0,53.0,3075.0,ok,True,1.691,40.0,6.0,6.0,0.0,9.0,52.0,0.0,qwen2.5-vl,True,3075.0,3023.0,True,2636.0,2636.0,0.0,True,1.0,True,97.0,97.0,1.0,0.0,0.0,True,0.0,0.0,True,1.0,True,True
we00041,webcode2m,level1,16.0,26.0,42.0,3717.0,all_edits_rejected,False,0.0,40.0,,,,,,,,,,,,,,,,,,,,,,,,,,,,,
we00042,webcode2m,original,10.0,57.0,67.0,3565.0,ok,True,10.154,40.0,26.0,7.0,19.0,9.0,109.0,253.0,qwen2.5-vl,True,3565.0,3203.0,True,1991.0,1991.0,0.0,True,1.0,True,72.0,72.0,1.0,0.0,0.0,True,0.0,0.0,True,1.0,True,True
we00043,webcode2m,level1,14.0,9.0,23.0,1472.0,ok,True,1.834,40.0,2.0,2.0,0.0,19.0,27.0,0.0,qwen2.5-vl,True,1472.0,1445.0,True,1040.0,1040.0,0.0,True,1.0,True,33.0,33.0,1.0,0.0,0.0,True,0.0,0.0,True,1.0,True,True
we00044,webcode2m,level1,12.0,5.0,17.0,5447.0,ok,True,13.2,32.0,3.0,3.0,0.0,14.0,719.0,0.0,qwen2.5-vl,True,5447.0,4728.0,True,844.0,844.0,0.0,True,1.0,True,23.0,23.0,1.0,0.0,0.0,True,0.0,0.0,True,1.0,True,True
we00045,webcode2m,level1,3.0,0.0,3.0,2456.0,ok,True,0.733,5.0,1.0,1.0,0.0,2.0,18.0,0.0,qwen2.5-vl,True,2456.0,2438.0,True,808.0,808.0,0.0,True,1.0,True,68.0,68.0,1.0,0.0,0.0,True,0.0,0.0,True,1.0,True,True
we00046,webcode2m,level1,15.0,14.0,29.0,4249.0,all_edits_rejected,False,0.0,40.0,,,,,,,,,,,,,,,,,,,,,,,,,,,,,
we00047,webcode2m,original,,,,,skipped_data_selector,,,,,,,,,,,,,,,,,,,,,,,,,,,,,,,,
we00048,webcode2m,level1,7.0,1.0,8.0,2725.0,ok,True,26.092,1.0,8.0,7.0,1.0,0.0,707.0,-231.0,qwen2.5-vl,True,2725.0,2014.0,True,1616.0,1616.0,0.0,True,1.0,True,54.0,54.0,1.0,0.0,0.0,True,0.0,0.0,True,1.0,True,True
we00049,webcode2m,level1,7.0,44.0,51.0,2888.0,ok,True,17.555,30.0,38.0,7.0,31.0,13.0,-8.0,425.0,qwen2.5-vl,True,2888.0,2381.0,True,1768.0,1768.0,0.0,True,1.0,True,46.0,46.0,1.0,0.0,0.0,True,0.0,0.0,True,1.0,True,True
we00050,webcode2m,original,14.0,11.0,25.0,4327.0,ok,True,1.618,40.0,9.0,1.0,8.0,14.0,4.0,66.0,qwen2.5-vl,True,4327.0,4257.0,True,2485.0,2485.0,0.0,True,1.0,True,162.0,162.0,1.0,0.0,0.0,True,0.0,0.0,True,1.0,True,True
we00051,webcode2m,level1,13.0,11.0,24.0,3219.0,all_edits_rejected,False,0.0,40.0,,,,,,,,,,,,,,,,,,,,,,,,,,,,,
we00052,webcode2m,original,29.0,12.0,41.0,1956.0,ok,True,2.147,40.0,4.0,4.0,0.0,16.0,42.0,0.0,qwen2.5-vl,True,1956.0,1914.0,True,917.0,917.0,0.0,True,1.0,True,42.0,42.0,1.0,0.0,0.0,True,0.0,0.0,True,1.0,True,True
we00053,webcode2m,level1,,,,,"page_error: Page.goto: Timeout 30000ms exceeded.
Call log:
  - navigating to ""file:///C:/Users/Mahin/Thesis/render_validated_starter_kit/starter_kit/outputs/level2/webcode2m/we00053__stamped.html"", waiting until ""load""
",,,,,,,,,,,,,,,,,,,,,,,,,,,,,,,,
we00054,webcode2m,level1,7.0,36.0,43.0,5410.0,ok,True,26.95,26.0,32.0,7.0,25.0,11.0,1361.0,164.0,qwen2.5-vl,True,5410.0,3952.0,True,1183.0,1183.0,0.0,True,1.0,True,36.0,36.0,1.0,0.0,0.0,True,0.0,0.0,True,1.0,True,True
we00055,webcode2m,level1,23.0,5.0,28.0,4227.0,ok,True,5.252,38.0,11.0,11.0,0.0,17.0,222.0,0.0,qwen2.5-vl,True,4227.0,4005.0,True,1579.0,1579.0,0.0,True,1.0,True,74.0,74.0,1.0,0.0,0.0,True,0.0,0.0,True,1.0,True,True
we00056,webcode2m,level1,4.0,2.0,6.0,1643.0,ok,True,1.704,7.0,3.0,3.0,0.0,3.0,28.0,0.0,qwen2.5-vl,True,1643.0,1615.0,True,970.0,970.0,0.0,True,1.0,True,32.0,32.0,1.0,0.0,0.0,True,0.0,0.0,True,1.0,True,True
we00057,webcode2m,level1,8.0,8.0,16.0,4216.0,ok,True,5.266,18.0,9.0,1.0,8.0,7.0,72.0,51.0,qwen2.5-vl,True,4216.0,3994.0,True,3202.0,3202.0,0.0,True,0.90688,True,41.0,40.0,1.0,0.0,1.0,True,0.0,0.0,True,1.0,True,True
we00058,webcode2m,level1,9.0,41.0,50.0,2226.0,all_edits_rejected,False,0.0,40.0,,,,,,,,,,,,,,,,,,,,,,,,,,,,,
we00059,webcode2m,original,13.0,15.0,28.0,2612.0,ok,True,7.619,38.0,16.0,5.0,11.0,8.0,94.0,105.0,qwen2.5-vl,True,2612.0,2413.0,True,1090.0,1090.0,0.0,True,1.0,True,67.0,67.0,1.0,0.0,0.0,True,0.0,0.0,True,1.0,True,True
we00060,webcode2m,original,12.0,27.0,39.0,3353.0,ok,True,7.814,40.0,16.0,11.0,5.0,4.0,217.0,44.0,qwen2.5-vl,True,3353.0,3091.0,True,1767.0,1767.0,0.0,True,1.0,True,82.0,82.0,1.0,0.0,0.0,True,0.0,0.0,True,1.0,True,True
we00061,webcode2m,original,32.0,16.0,48.0,2695.0,ok,True,0.742,40.0,4.0,4.0,0.0,12.0,20.0,0.0,qwen2.5-vl,True,2695.0,2675.0,True,1956.0,1956.0,0.0,True,1.0,True,66.0,66.0,1.0,0.0,0.0,True,0.0,0.0,True,1.0,True,True
we00062,webcode2m,level1,14.0,7.0,21.0,1707.0,all_edits_rejected,False,0.0,40.0,,,,,,,,,,,,,,,,,,,,,,,,,,,,,
we00063,webcode2m,level1,11.0,7.0,18.0,7014.0,ok,True,6.387,14.0,13.0,6.0,7.0,5.0,390.0,-6.0,qwen2.5-vl,True,7014.0,6566.0,True,1538.0,1538.0,0.0,True,1.0,True,54.0,54.0,1.0,0.0,0.0,True,0.0,0.0,True,,True,True
we00064,webcode2m,level1,14.0,7.0,21.0,3412.0,all_edits_rejected,False,0.0,40.0,,,,,,,,,,,,,,,,,,,,,,,,,,,,,
we00065,webcode2m,level1,15.0,8.0,23.0,4042.0,ok,True,4.948,25.0,11.0,11.0,0.0,12.0,200.0,0.0,qwen2.5-vl,True,4042.0,3842.0,True,1527.0,1527.0,0.0,True,1.0,True,67.0,67.0,1.0,0.0,0.0,True,0.0,0.0,True,1.0,True,True
we00066,webcode2m,level1,6.0,19.0,25.0,1341.0,ok,True,16.779,16.0,19.0,6.0,13.0,6.0,133.0,82.0,qwen2.5-vl,True,1341.0,1116.0,True,1627.0,1627.0,0.0,True,1.0,True,13.0,13.0,1.0,0.0,0.0,True,0.0,0.0,True,1.0,True,True
we00067,webcode2m,original,10.0,6.0,16.0,4451.0,ok,True,2.449,26.0,11.0,5.0,6.0,5.0,64.0,73.0,qwen2.5-vl,True,4451.0,4342.0,True,2128.0,2128.0,0.0,True,1.0,True,92.0,92.0,1.0,0.0,0.0,True,0.0,0.0,True,1.0,True,True
we00068,webcode2m,level1,10.0,8.0,18.0,4717.0,ok,True,9.879,19.0,9.0,9.0,0.0,9.0,466.0,0.0,qwen2.5-vl,True,4717.0,4251.0,True,800.0,800.0,0.0,True,1.0,True,27.0,27.0,1.0,0.0,0.0,True,0.0,0.0,True,1.0,True,True
we00069,webcode2m,original,48.0,9.0,57.0,2884.0,ok,True,0.659,40.0,5.0,5.0,0.0,12.0,19.0,0.0,qwen2.5-vl,True,2884.0,2865.0,True,1051.0,1051.0,0.0,True,1.0,True,62.0,62.0,1.0,0.0,0.0,True,0.0,0.0,True,1.0,True,True
we00070,webcode2m,level1,9.0,19.0,28.0,2731.0,ok,True,6.371,18.0,21.0,9.0,12.0,7.0,37.0,72.0,qwen2.5-vl,True,2731.0,2557.0,True,1710.0,1710.0,0.0,True,1.0,True,48.0,48.0,1.0,0.0,0.0,True,0.0,0.0,True,1.0,True,True
we00071,webcode2m,original,,,,,"page_error: Page.goto: Timeout 30000ms exceeded.
Call log:
  - navigating to ""file:///C:/Users/Mahin/Thesis/render_validated_starter_kit/starter_kit/outputs/level2/webcode2m/we00071__stamped.html"", waiting until ""load""
",,,,,,,,,,,,,,,,,,,,,,,,,,,,,,,,
we00072,webcode2m,original,15.0,9.0,24.0,4006.0,ok,True,30.854,16.0,23.0,15.0,8.0,0.0,1172.0,64.0,qwen2.5-vl,True,4006.0,2770.0,True,1053.0,1053.0,0.0,True,0.99741,True,21.0,20.0,1.0,0.0,1.0,True,0.0,0.0,True,1.0,True,True
we00073,webcode2m,level1,5.0,10.0,15.0,4467.0,ok,True,8.955,1.0,15.0,5.0,10.0,0.0,111.0,222.0,qwen2.5-vl,True,4467.0,4067.0,True,1634.0,1634.0,0.0,True,1.0,True,49.0,49.0,1.0,0.0,0.0,True,0.0,0.0,True,1.0,True,True
we00074,webcode2m,original,36.0,16.0,52.0,2923.0,ok,True,0.65,40.0,3.0,3.0,0.0,14.0,19.0,0.0,qwen2.5-vl,True,2923.0,2904.0,True,1942.0,1942.0,0.0,True,1.0,True,66.0,66.0,1.0,0.0,0.0,True,0.0,0.0,True,1.0,True,True
we00075,webcode2m,level1,0.0,0.0,0.0,980.0,no_candidates,False,0.0,,,,,,,,,,,,,,,,,,,,,,,,,,,,,,
we00076,webcode2m,original,8.0,8.0,16.0,3386.0,ok,True,8.151,13.0,15.0,8.0,7.0,0.0,220.0,56.0,qwen2.5-vl,True,3386.0,3110.0,True,1298.0,1298.0,0.0,True,0.99788,True,26.0,25.0,1.0,0.0,1.0,True,0.0,0.0,True,1.0,True,True
we00077,webcode2m,level1,45.0,113.0,158.0,4724.0,all_edits_rejected,False,0.0,40.0,,,,,,,,,,,,,,,,,,,,,,,,,,,,,
we00078,webcode2m,level1,10.0,0.0,10.0,1767.0,all_edits_rejected,False,0.0,19.0,,,,,,,,,,,,,,,,,,,,,,,,,,,,,
we00079,webcode2m,level1,23.0,16.0,39.0,3222.0,ok,True,27.002,40.0,9.0,9.0,0.0,17.0,870.0,0.0,qwen2.5-vl,True,3222.0,2352.0,True,1305.0,1305.0,0.0,True,1.0,True,16.0,16.0,1.0,0.0,0.0,True,0.0,0.0,True,1.0,True,True
we00080,webcode2m,level1,25.0,45.0,70.0,2793.0,ok,True,0.394,40.0,2.0,2.0,0.0,17.0,11.0,0.0,qwen2.5-vl,True,2793.0,2782.0,True,1331.0,1331.0,0.0,True,1.0,True,66.0,66.0,1.0,0.0,0.0,True,0.0,0.0,True,1.0,True,True
we00081,webcode2m,level1,20.0,1.0,21.0,3001.0,all_edits_rejected,False,0.0,40.0,,,,,,,,,,,,,,,,,,,,,,,,,,,,,
we00082,webcode2m,level1,15.0,20.0,35.0,1816.0,ok,True,5.507,35.0,18.0,0.0,18.0,17.0,0.0,100.0,qwen2.5-vl,True,1816.0,1716.0,True,1344.0,1344.0,0.0,True,1.0,True,32.0,32.0,1.0,0.0,0.0,True,0.0,0.0,True,1.0,True,True
we00083,webcode2m,level1,6.0,31.0,37.0,5033.0,all_edits_rejected,False,0.0,40.0,,,,,,,,,,,,,,,,,,,,,,,,,,,,,
we00084,webcode2m,level1,20.0,1.0,21.0,3001.0,all_edits_rejected,False,0.0,40.0,,,,,,,,,,,,,,,,,,,,,,,,,,,,,
we00085,webcode2m,original,7.0,1.0,8.0,1999.0,ok,True,1.501,13.0,2.0,2.0,0.0,6.0,30.0,0.0,qwen2.5-vl,True,1999.0,1969.0,True,838.0,838.0,0.0,True,1.0,True,58.0,58.0,1.0,0.0,0.0,True,0.0,0.0,True,1.0,True,True
we00086,webcode2m,level1,4.0,2.0,6.0,1645.0,ok,True,1.824,7.0,3.0,3.0,0.0,3.0,30.0,0.0,qwen2.5-vl,True,1645.0,1615.0,True,970.0,970.0,0.0,True,1.0,True,32.0,32.0,1.0,0.0,0.0,True,0.0,0.0,True,1.0,True,True
we00087,webcode2m,level1,12.0,0.0,12.0,2527.0,all_edits_rejected,False,0.0,23.0,,,,,,,,,,,,,,,,,,,,,,,,,,,,,
we00088,webcode2m,original,8.0,6.0,14.0,3645.0,ok,True,9.191,17.0,12.0,8.0,4.0,2.0,298.0,37.0,qwen2.5-vl,True,3645.0,3310.0,True,1347.0,1347.0,0.0,True,1.0,True,75.0,75.0,1.0,0.0,0.0,True,0.0,0.0,True,1.0,True,True
we00089,webcode2m,original,19.0,0.0,19.0,1700.0,ok,True,0.118,37.0,1.0,1.0,0.0,18.0,2.0,0.0,qwen2.5-vl,True,1700.0,1698.0,True,1098.0,1098.0,0.0,True,1.0,True,51.0,51.0,1.0,0.0,0.0,True,0.0,0.0,True,1.0,True,True
we00090,webcode2m,level1,12.0,14.0,26.0,6766.0,ok,True,12.829,27.0,13.0,12.0,1.0,13.0,864.0,-91.0,qwen2.5-vl,True,6766.0,5898.0,True,800.0,800.0,0.0,True,1.0,True,36.0,36.0,1.0,0.0,0.0,True,0.0,0.0,True,1.0,True,True
we00091,webcode2m,level1,44.0,6.0,50.0,8228.0,ok,True,9.82,17.0,48.0,42.0,6.0,2.0,738.0,27.0,qwen2.5-vl,True,8228.0,7420.0,True,1459.0,1459.0,0.0,True,1.0,True,45.0,45.0,1.0,0.0,0.0,True,0.0,0.0,True,1.0,True,True
we00092,webcode2m,level1,11.0,8.0,19.0,4121.0,ok,True,0.849,35.0,2.0,2.0,0.0,17.0,35.0,0.0,qwen2.5-vl,True,4121.0,4086.0,True,2097.0,2097.0,0.0,True,1.0,True,46.0,46.0,1.0,0.0,0.0,True,0.0,0.0,True,1.0,True,True
we00093,webcode2m,level1,4.0,9.0,13.0,3228.0,ok,True,6.568,1.0,13.0,4.0,9.0,0.0,32.0,80.0,qwen2.5-vl,True,3228.0,3016.0,True,2094.0,2094.0,0.0,True,1.0,True,45.0,45.0,1.0,0.0,0.0,True,0.0,0.0,True,1.0,True,True
we00094,webcode2m,level1,8.0,2.0,10.0,2821.0,ok,True,4.147,11.0,5.0,5.0,0.0,5.0,117.0,0.0,qwen2.5-vl,True,2821.0,2704.0,True,1619.0,1619.0,0.0,True,1.0,True,69.0,69.0,1.0,0.0,0.0,True,0.0,0.0,True,1.0,True,True
we00095,webcode2m,original,8.0,13.0,21.0,4842.0,ok,True,13.899,12.0,20.0,8.0,12.0,1.0,537.0,152.0,qwen2.5-vl,True,4842.0,4169.0,True,1935.0,1935.0,0.0,True,0.99351,True,43.0,42.0,1.0,0.0,1.0,True,0.0,0.0,True,1.0,True,True
we00096,webcode2m,level1,10.0,11.0,21.0,3847.0,ok,True,3.353,30.0,8.0,8.0,0.0,13.0,129.0,0.0,qwen2.5-vl,True,3847.0,3718.0,True,1459.0,1459.0,0.0,True,1.0,True,24.0,24.0,1.0,0.0,0.0,True,0.0,0.0,True,1.0,True,True
we00097,webcode2m,level1,12.0,9.0,21.0,4345.0,ok,True,5.386,23.0,10.0,10.0,0.0,11.0,234.0,0.0,qwen2.5-vl,True,4345.0,4111.0,True,1344.0,1344.0,0.0,True,1.0,True,36.0,36.0,1.0,0.0,0.0,True,0.0,0.0,True,1.0,True,True
we00098,webcode2m,level1,19.0,25.0,44.0,2552.0,ok,True,2.234,40.0,11.0,11.0,0.0,18.0,57.0,0.0,qwen2.5-vl,True,2552.0,2495.0,True,1645.0,1645.0,0.0,True,1.0,True,67.0,67.0,1.0,0.0,0.0,True,0.0,0.0,True,1.0,True,True
we00099,webcode2m,level1,5.0,5.0,10.0,1987.0,ok,True,4.63,11.0,8.0,3.0,5.0,2.0,45.0,19.0,qwen2.5-vl,True,1987.0,1895.0,True,1163.0,1163.0,0.0,True,0.98512,True,34.0,28.0,1.0,0.0,6.0,True,0.0,0.0,True,1.0,True,True
