page_id,identical,shape_a,shape_b,diff_pixels,status
we00000,True,"(1244, 1280, 3)","(1244, 1280, 3)",0,ok
we00001,True,"(2107, 1280, 3)","(2107, 1280, 3)",0,ok
we00002,True,"(1249, 1280, 3)","(1249, 1280, 3)",0,ok
we00003,True,"(2518, 1280, 3)","(2518, 1280, 3)",0,ok
we00004,True,"(1420, 1280, 3)","(1420, 1280, 3)",0,ok
we00005,True,"(1656, 1280, 3)","(1656, 1280, 3)",0,ok
we00006,True,"(2528, 1280, 3)","(2528, 1280, 3)",0,ok
we00007,True,"(1839, 1280, 3)","(1839, 1280, 3)",0,ok
we00008,True,"(1461, 1280, 3)","(1461, 1280, 3)",0,ok
we00009,True,"(802, 1280, 3)","(802, 1280, 3)",0,ok
we00010,True,"(2963, 1280, 3)","(2963, 1280, 3)",0,ok
we00011,True,"(1748, 1280, 3)","(1748, 1280, 3)",0,ok
we00012,True,"(2185, 1280, 3)","(2185, 1280, 3)",0,ok
we00013,True,"(1217, 1280, 3)","(1217, 1280, 3)",0,ok
we00014,True,"(1735, 1280, 3)","(1735, 1280, 3)",0,ok
we00015,True,"(1823, 1280, 3)","(1823, 1280, 3)",0,ok
we00016,True,"(1600, 1280, 3)","(1600, 1280, 3)",0,ok
we00017,True,"(867, 1280, 3)","(867, 1280, 3)",0,ok
we00018,True,"(2209, 1280, 3)","(2209, 1280, 3)",0,ok
we00019,True,"(2528, 1280, 3)","(2528, 1280, 3)",0,ok
we00020,True,"(1262, 1280, 3)","(1262, 1280, 3)",0,ok
we00021,True,"(985, 1280, 3)","(985, 1280, 3)",0,ok
we00022,True,"(1902, 1280, 3)","(1902, 1280, 3)",0,ok
we00023,True,"(1422, 1280, 3)","(1422, 1280, 3)",0,ok
we00024,True,"(1546, 1280, 3)","(1546, 1280, 3)",0,ok
we00025,True,"(1549, 1280, 3)","(1549, 1280, 3)",0,ok
we00026,True,"(2156, 1280, 3)","(2156, 1280, 3)",0,ok
we00027,True,"(1854, 1284, 3)","(1854, 1284, 3)",0,ok
we00028,True,"(918, 1280, 3)","(918, 1280, 3)",0,ok
we00029,True,"(2223, 1280, 3)","(2223, 1280, 3)",0,ok
we00030,True,"(1773, 1280, 3)","(1773, 1280, 3)",0,ok
we00031,True,"(2970, 1280, 3)","(2970, 1280, 3)",0,ok
we00032,True,"(800, 1280, 3)","(800, 1280, 3)",0,ok
we00033,True,"(2085, 1280, 3)","(2085, 1280, 3)",0,ok
we00034,True,"(1998, 1280, 3)","(1998, 1280, 3)",0,ok
we00035,True,"(800, 1280, 3)","(800, 1280, 3)",0,ok
we00036,True,"(1908, 1280, 3)","(1908, 1280, 3)",0,ok
we00037,True,"(2336, 1280, 3)","(2336, 1280, 3)",0,ok
we00038,True,"(800, 1280, 3)","(800, 1280, 3)",0,ok
we00039,True,"(2188, 1280, 3)","(2188, 1280, 3)",0,ok
we00040,True,"(2639, 1280, 3)","(2639, 1280, 3)",0,ok
we00041,True,"(1953, 1280, 3)","(1953, 1280, 3)",0,ok
we00042,True,"(1991, 1280, 3)","(1991, 1280, 3)",0,ok
we00043,True,"(1040, 1280, 3)","(1040, 1280, 3)",0,ok
we00044,True,"(844, 1280, 3)","(844, 1280, 3)",0,ok
we00045,True,"(808, 1280, 3)","(808, 1280, 3)",0,ok
we00046,True,"(1084, 1280, 3)","(1084, 1280, 3)",0,ok
we00047,True,"(1577, 1280, 3)","(1577, 1280, 3)",0,ok
we00048,True,"(1616, 1280, 3)","(1616, 1280, 3)",0,ok
we00049,True,"(1768, 1280, 3)","(1768, 1280, 3)",0,ok
we00050,True,"(2485, 1280, 3)","(2485, 1280, 3)",0,ok
we00051,True,"(1998, 1280, 3)","(1998, 1280, 3)",0,ok
we00052,True,"(917, 1280, 3)","(917, 1280, 3)",0,ok
we00053,True,"(2293, 1280, 3)","(2293, 1280, 3)",0,ok
we00054,True,"(1183, 1280, 3)","(1183, 1280, 3)",0,ok
we00055,True,"(1579, 1280, 3)","(1579, 1280, 3)",0,ok
we00056,True,"(970, 1280, 3)","(970, 1280, 3)",0,ok
we00057,True,"(3202, 1280, 3)","(3202, 1280, 3)",0,ok
we00058,True,"(1506, 1292, 3)","(1506, 1292, 3)",0,ok
we00059,True,"(1090, 1280, 3)","(1090, 1280, 3)",0,ok
we00060,True,"(1767, 1288, 3)","(1767, 1288, 3)",0,ok
we00061,True,"(1956, 1280, 3)","(1956, 1280, 3)",0,ok
we00062,True,"(831, 1280, 3)","(831, 1280, 3)",0,ok
we00063,True,"(1538, 1280, 3)","(1538, 1280, 3)",0,ok
we00064,True,"(1168, 1280, 3)","(1168, 1280, 3)",0,ok
we00065,True,"(1527, 1280, 3)","(1527, 1280, 3)",0,ok
we00066,True,"(1627, 1280, 3)","(1627, 1280, 3)",0,ok
we00067,True,"(2165, 1280, 3)","(2165, 1280, 3)",0,ok
we00068,True,"(800, 1280, 3)","(800, 1280, 3)",0,ok
we00069,True,"(1051, 1280, 3)","(1051, 1280, 3)",0,ok
we00070,True,"(1710, 1280, 3)","(1710, 1280, 3)",0,ok
we00071,True,"(2305, 1280, 3)","(2305, 1280, 3)",0,ok
we00072,True,"(1053, 1280, 3)","(1053, 1280, 3)",0,ok
we00073,True,"(1634, 1280, 3)","(1634, 1280, 3)",0,ok
we00074,True,"(1942, 1280, 3)","(1942, 1280, 3)",0,ok
we00075,True,"(1153, 1280, 3)","(1153, 1280, 3)",0,ok
we00076,True,"(1298, 1280, 3)","(1298, 1280, 3)",0,ok
we00077,True,"(1134, 1280, 3)","(1134, 1280, 3)",0,ok
we00078,True,"(1265, 1280, 3)","(1265, 1280, 3)",0,ok
we00079,True,"(1305, 1280, 3)","(1305, 1280, 3)",0,ok
we00080,True,"(1331, 1280, 3)","(1331, 1280, 3)",0,ok
we00081,True,"(1400, 1280, 3)","(1400, 1280, 3)",0,ok
we00082,True,"(1344, 1280, 3)","(1344, 1280, 3)",0,ok
we00083,True,"(2170, 1280, 3)","(2170, 1280, 3)",0,ok
we00084,True,"(1400, 1280, 3)","(1400, 1280, 3)",0,ok
we00085,True,"(838, 1280, 3)","(838, 1280, 3)",0,ok
we00086,True,"(970, 1280, 3)","(970, 1280, 3)",0,ok
we00087,True,"(2836, 1280, 3)","(2836, 1280, 3)",0,ok
we00088,True,"(1347, 1280, 3)","(1347, 1280, 3)",0,ok
we00089,True,"(1098, 1280, 3)","(1098, 1280, 3)",0,ok
we00090,True,"(800, 1280, 3)","(800, 1280, 3)",0,ok
we00091,True,"(1459, 1280, 3)","(1459, 1280, 3)",0,ok
we00092,True,"(2097, 1280, 3)","(2097, 1280, 3)",0,ok
we00093,True,"(2094, 1280, 3)","(2094, 1280, 3)",0,ok
we00094,True,"(1619, 1280, 3)","(1619, 1280, 3)",0,ok
we00095,True,"(1935, 1280, 3)","(1935, 1280, 3)",0,ok
we00096,True,"(1459, 1280, 3)","(1459, 1280, 3)",0,ok
we00097,True,"(1344, 1280, 3)","(1344, 1280, 3)",0,ok
we00098,True,"(1645, 1280, 3)","(1645, 1280, 3)",0,ok
we00099,True,"(1163, 1280, 3)","(1163, 1280, 3)",0,ok
