page_id,source,base,stamp_roundtrip_identical,n_invisible,n_wrappers,n_candidate_edits,tokens_base,tokens_original,prescreen_ran,n_prescreen_dropped,status,gate_calls,n_kept,n_kept_invisible,n_kept_wrappers,n_blacklisted,tokens_saved_invisible,tokens_saved_wrappers,tokenizer,g0_parse,tokens_orig,tokens_comp,reduction_pct,g1_tokens,docH_orig,docH_comp,height_delta_px,g2_height,text_ratio,g3_text,n_boxes_orig,n_boxes_comp,iou_mean,center_shift_max,n_unmatched,g4_blocks,deltae_p95,deltae_max,g5_color,ssim_diag,g6_lpips,pixel_identical,accepted
we00000,webcode2m,level1,,4.0,13.0,17.0,1966.0,2371.0,True,1.0,ok,1.0,16.0,4.0,12.0,0.0,29.0,79.0,qwen2.5-vl,True,1966.0,1845.0,6.155,True,1244.0,1244.0,0.0,True,1.0,True,77.0,77.0,1.0,0.0,0.0,True,0.0,0.0,True,1.0,True,True,True
we00001,webcode2m,level1,,8.0,11.0,19.0,4468.0,5544.0,True,4.0,ok,1.0,15.0,6.0,9.0,0.0,262.0,88.0,qwen2.5-vl,True,4468.0,4127.0,7.632,True,2107.0,2107.0,0.0,True,1.0,True,39.0,39.0,1.0,0.0,0.0,True,0.0,0.0,True,1.0,True,True,True
we00002,webcode2m,level1,,15.0,11.0,26.0,2389.0,2609.0,True,4.0,ok,1.0,22.0,15.0,7.0,0.0,157.0,28.0,qwen2.5-vl,True,2389.0,2168.0,9.251,True,1249.0,1249.0,0.0,True,1.0,True,79.0,79.0,1.0,0.0,0.0,True,0.0,0.0,True,1.0,True,True,True
we00003,webcode2m,level1,,13.0,21.0,34.0,2242.0,2641.0,True,1.0,ok,1.0,33.0,12.0,21.0,0.0,122.0,174.0,qwen2.5-vl,True,2242.0,1932.0,13.827,True,2518.0,2518.0,0.0,True,1.0,True,66.0,66.0,1.0,0.0,0.0,True,0.0,0.0,True,1.0,True,True,True
we00004,webcode2m,level1,,14.0,69.0,83.0,3630.0,3802.0,True,3.0,ok,22.0,79.0,14.0,65.0,0.0,882.0,941.0,qwen2.5-vl,True,3630.0,1807.0,50.22,True,1420.0,1420.0,0.0,True,1.0,True,50.0,50.0,1.0,0.0,0.0,True,0.0,0.0,True,1.0,True,True,True
we00005,webcode2m,level1,,5.0,11.0,16.0,2852.0,3501.0,True,5.0,ok,1.0,11.0,5.0,6.0,0.0,117.0,-2.0,qwen2.5-vl,True,2852.0,2666.0,6.522,True,1656.0,1656.0,0.0,True,1.0,True,74.0,74.0,1.0,0.0,0.0,True,0.0,0.0,True,1.0,True,True,True
we00006,webcode2m,level1,,12.0,22.0,34.0,5553.0,6634.0,True,4.0,ok,1.0,30.0,8.0,22.0,0.0,111.0,127.0,qwen2.5-vl,True,5553.0,5264.0,5.204,True,2528.0,2528.0,0.0,True,0.99656,True,59.0,57.0,1.0,0.0,2.0,True,0.0,0.0,True,1.0,True,True,True
we00007,webcode2m,level1,,21.0,3.0,24.0,4268.0,5269.0,True,8.0,ok,1.0,16.0,14.0,2.0,0.0,149.0,-67.0,qwen2.5-vl,True,4268.0,4108.0,3.749,True,1839.0,1839.0,0.0,True,1.0,True,101.0,101.0,1.0,0.0,0.0,True,0.0,0.0,True,1.0,True,True,True
we00008,webcode2m,level1,,11.0,15.0,26.0,2810.0,2999.0,True,4.0,ok,28.0,10.0,5.0,5.0,12.0,26.0,5.0,qwen2.5-vl,True,2810.0,2736.0,2.633,True,1461.0,1461.0,0.0,True,1.0,True,134.0,134.0,1.0,0.0,0.0,True,0.0,0.0,True,1.0,True,True,True
we00009,webcode2m,level1,,11.0,5.0,16.0,4378.0,5385.0,True,4.0,ok,1.0,12.0,9.0,3.0,0.0,946.0,-4.0,qwen2.5-vl,True,4378.0,3401.0,22.316,True,802.0,802.0,0.0,True,1.0,True,55.0,55.0,1.0,0.0,0.0,True,0.0,0.0,True,1.0,True,True,True
we00010,webcode2m,level1,,8.0,8.0,16.0,4195.0,5063.0,True,6.0,ok,1.0,10.0,4.0,6.0,0.0,114.0,34.0,qwen2.5-vl,True,4195.0,4021.0,4.148,True,2963.0,2963.0,0.0,True,1.0,True,59.0,59.0,1.0,0.0,0.0,True,0.0,0.0,True,1.0,True,True,True
we00011,webcode2m,level1,,5.0,4.0,9.0,5858.0,6945.0,True,1.0,ok,1.0,8.0,4.0,4.0,0.0,337.0,25.0,qwen2.5-vl,True,5858.0,5492.0,6.248,True,1748.0,1748.0,0.0,True,1.0,True,21.0,21.0,1.0,0.0,0.0,True,0.0,0.0,True,1.0,True,True,True
we00012,webcode2m,level1,,15.0,11.0,26.0,4635.0,5271.0,True,4.0,ok,1.0,22.0,15.0,7.0,0.0,1462.0,132.0,qwen2.5-vl,True,4635.0,3077.0,33.614,True,2185.0,2185.0,0.0,True,1.0,True,44.0,44.0,1.0,0.0,0.0,True,0.0,0.0,True,1.0,True,True,True
we00013,webcode2m,level1,,8.0,0.0,8.0,2358.0,2593.0,True,3.0,all_edits_rejected,9.0,,,,,,,,,,,0.0,,,,,,,,,,,,,,,,,,,,False
we00014,webcode2m,level1,,10.0,8.0,18.0,7427.0,8924.0,True,0.0,ok,1.0,18.0,10.0,8.0,0.0,394.0,39.0,qwen2.5-vl,True,7427.0,6969.0,6.167,True,1735.0,1735.0,0.0,True,1.0,True,71.0,71.0,1.0,0.0,0.0,True,0.0,0.0,True,1.0,True,True,True
we00015,webcode2m,level1,,8.0,12.0,20.0,5967.0,7629.0,True,3.0,ok,1.0,17.0,7.0,10.0,0.0,328.0,71.0,qwen2.5-vl,True,5967.0,5561.0,6.804,True,1823.0,1823.0,0.0,True,1.0,True,34.0,34.0,1.0,0.0,0.0,True,0.0,0.0,True,1.0,True,True,True
we00016,webcode2m,level1,,14.0,30.0,44.0,5008.0,5951.0,True,3.0,ok,13.0,39.0,10.0,29.0,0.0,148.0,417.0,qwen2.5-vl,True,5008.0,4436.0,11.422,True,1600.0,1600.0,0.0,True,1.0,True,31.0,31.0,1.0,0.0,0.0,True,0.0,0.0,True,0.99999,True,False,True
we00017,webcode2m,level1,,9.0,0.0,9.0,1150.0,1207.0,True,1.0,ok,1.0,8.0,8.0,0.0,0.0,27.0,0.0,qwen2.5-vl,True,1150.0,1123.0,2.348,True,867.0,867.0,0.0,True,1.0,True,29.0,29.0,1.0,0.0,0.0,True,0.079,0.099,True,0.9962,True,False,True
we00018,webcode2m,level1,,13.0,19.0,32.0,3428.0,4121.0,True,4.0,ok,1.0,28.0,11.0,17.0,0.0,14.0,125.0,qwen2.5-vl,True,3428.0,3251.0,5.163,True,2209.0,2209.0,0.0,True,1.0,True,65.0,65.0,1.0,0.0,0.0,True,0.0,0.0,True,1.0,True,True,True
we00019,webcode2m,level1,,12.0,22.0,34.0,5519.0,6600.0,True,4.0,ok,1.0,30.0,8.0,22.0,0.0,111.0,127.0,qwen2.5-vl,True,5519.0,5230.0,5.236,True,2528.0,2528.0,0.0,True,0.99654,True,59.0,57.0,1.0,0.0,2.0,True,0.0,0.0,True,1.0,True,True,True
we00020,webcode2m,level1,,5.0,5.0,10.0,3657.0,4953.0,True,2.0,ok,1.0,8.0,5.0,3.0,0.0,160.0,20.0,qwen2.5-vl,True,3657.0,3468.0,5.168,True,1262.0,1262.0,0.0,True,1.0,True,26.0,26.0,1.0,0.0,0.0,True,0.0,0.0,True,1.0,True,True,True
we00021,webcode2m,level1,,9.0,8.0,17.0,4284.0,5527.0,True,3.0,ok,1.0,14.0,9.0,5.0,0.0,216.0,28.0,qwen2.5-vl,True,4284.0,4040.0,5.696,True,985.0,985.0,0.0,True,0.99035,True,84.0,83.0,1.0,0.0,1.0,True,0.0,0.0,True,1.0,True,True,True
we00022,webcode2m,level1,,4.0,28.0,32.0,3634.0,4247.0,True,3.0,ok,10.0,26.0,3.0,23.0,0.0,13.0,205.0,qwen2.5-vl,True,3634.0,3389.0,6.742,True,1902.0,1902.0,0.0,True,1.0,True,65.0,65.0,1.0,0.0,0.0,True,0.0,0.0,True,1.0,True,True,True
we00023,webcode2m,level1,,3.0,9.0,12.0,2706.0,3017.0,True,0.0,ok,1.0,12.0,3.0,9.0,0.0,117.0,169.0,qwen2.5-vl,True,2706.0,2409.0,10.976,True,1422.0,1422.0,0.0,True,1.0,True,27.0,27.0,1.0,0.0,0.0,True,0.0,0.0,True,1.0,True,True,True
we00024,webcode2m,level1,,4.0,4.0,8.0,2674.0,2842.0,True,2.0,ok,1.0,6.0,3.0,3.0,0.0,12.0,15.0,qwen2.5-vl,True,2674.0,2637.0,1.384,True,1546.0,1546.0,0.0,True,1.0,True,37.0,37.0,1.0,0.0,0.0,True,0.0,0.0,True,1.0,True,True,True
we00025,webcode2m,level1,,18.0,17.0,35.0,5621.0,6591.0,True,3.0,ok,20.0,24.0,16.0,8.0,8.0,1072.0,5.0,qwen2.5-vl,True,5621.0,4486.0,20.192,True,1549.0,1549.0,0.0,True,1.0,True,34.0,34.0,1.0,0.0,0.0,True,0.0,0.0,True,1.0,True,True,True
we00026,webcode2m,level1,,13.0,16.0,29.0,2727.0,2870.0,True,3.0,ok,1.0,26.0,11.0,15.0,0.0,344.0,122.0,qwen2.5-vl,True,2727.0,2274.0,16.612,True,2156.0,2156.0,0.0,True,1.0,True,38.0,38.0,1.0,0.0,0.0,True,0.0,0.0,True,1.0,True,True,True
we00027,webcode2m,level1,,20.0,43.0,63.0,4194.0,4501.0,True,4.0,ok,10.0,52.0,20.0,32.0,0.0,782.0,254.0,qwen2.5-vl,True,4194.0,3111.0,25.823,True,1854.0,1854.0,0.0,True,1.0,True,86.0,86.0,1.0,0.0,0.0,True,0.0,0.0,True,1.0,True,True,True
we00028,webcode2m,level1,,11.0,2.0,13.0,1710.0,2142.0,True,5.0,ok,1.0,8.0,6.0,2.0,0.0,54.0,-5.0,qwen2.5-vl,True,1710.0,1638.0,4.211,True,918.0,918.0,0.0,True,1.0,True,36.0,36.0,1.0,0.0,0.0,True,0.0,0.0,True,1.0,True,True,True
we00029,webcode2m,level1,,6.0,35.0,41.0,3314.0,3422.0,True,5.0,ok,4.0,18.0,6.0,12.0,0.0,167.0,124.0,qwen2.5-vl,True,3314.0,3047.0,8.057,True,2223.0,2223.0,0.0,True,1.0,True,78.0,78.0,0.9973,1.0,0.0,True,0.0,1.497,True,1.0,True,True,True
we00030,webcode2m,level1,,22.0,8.0,30.0,4256.0,4391.0,True,2.0,ok,1.0,28.0,21.0,7.0,0.0,3067.0,28.0,qwen2.5-vl,True,4256.0,1136.0,73.308,True,1773.0,1773.0,0.0,True,1.0,True,47.0,47.0,1.0,0.0,0.0,True,0.0,0.0,True,1.0,True,True,True
we00031,webcode2m,level1,,10.0,5.0,15.0,6187.0,7592.0,True,5.0,ok,1.0,10.0,7.0,3.0,0.0,379.0,-14.0,qwen2.5-vl,True,6187.0,5779.0,6.594,True,2970.0,2970.0,0.0,True,1.0,True,29.0,29.0,1.0,0.0,0.0,True,0.0,0.0,True,1.0,True,True,True
we00032,webcode2m,level1,,1.0,3.0,4.0,2269.0,2560.0,True,0.0,all_edits_rejected,7.0,,,,,,,,,,,0.0,,,,,,,,,,,,,,,,,,,,False
we00033,webcode2m,level1,,14.0,1.0,15.0,4540.0,4997.0,True,0.0,all_edits_rejected,29.0,,,,,,,,,,,0.0,,,,,,,,,,,,,,,,,,,,False
we00034,webcode2m,level1,,12.0,13.0,25.0,2600.0,2835.0,True,9.0,ok,1.0,16.0,7.0,9.0,0.0,65.0,59.0,qwen2.5-vl,True,2600.0,2488.0,4.308,True,1998.0,1998.0,0.0,True,1.0,True,66.0,66.0,1.0,0.0,0.0,True,0.0,0.0,True,1.0,True,True,True
we00035,webcode2m,level1,,4.0,0.0,4.0,2578.0,2717.0,True,1.0,ok,1.0,3.0,3.0,0.0,0.0,86.0,0.0,qwen2.5-vl,True,2578.0,2492.0,3.336,True,800.0,800.0,0.0,True,1.0,True,33.0,33.0,1.0,0.0,0.0,True,0.0,0.0,True,1.0,True,True,True
we00036,webcode2m,level1,,9.0,27.0,36.0,2378.0,2505.0,True,3.0,ok,1.0,33.0,9.0,24.0,0.0,114.0,215.0,qwen2.5-vl,True,2378.0,2030.0,14.634,True,1908.0,1908.0,0.0,True,0.99898,True,84.0,84.0,1.0,0.0,0.0,True,0.0,0.0,True,1.0,True,True,True
we00037,webcode2m,level1,,10.0,4.0,14.0,2618.0,3187.0,True,0.0,ok,1.0,14.0,10.0,4.0,0.0,91.0,-7.0,qwen2.5-vl,True,2618.0,2499.0,4.545,True,2336.0,2336.0,0.0,True,1.0,True,88.0,88.0,1.0,0.0,0.0,True,0.0,0.0,True,1.0,True,True,True
we00038,webcode2m,level1,,1.0,3.0,4.0,2237.0,2528.0,True,0.0,all_edits_rejected,7.0,,,,,,,,,,,0.0,,,,,,,,,,,,,,,,,,,,False
we00039,webcode2m,level1,,1.0,1.0,2.0,2911.0,3022.0,True,0.0,ok,1.0,2.0,1.0,1.0,0.0,8.0,7.0,qwen2.5-vl,True,2911.0,2896.0,0.515,True,2188.0,2188.0,0.0,True,1.0,True,14.0,14.0,1.0,0.0,0.0,True,0.0,0.0,True,1.0,True,True,True
we00040,webcode2m,level1,,14.0,56.0,70.0,2926.0,3075.0,True,2.0,ok,28.0,51.0,12.0,39.0,0.0,101.0,276.0,qwen2.5-vl,True,2926.0,2549.0,12.884,True,2639.0,2639.0,0.0,True,1.0,True,97.0,97.0,1.0,0.0,0.0,True,0.0,0.0,True,1.0,True,True,True
we00041,webcode2m,level1,,8.0,26.0,34.0,2948.0,3819.0,True,5.0,ok,14.0,27.0,8.0,19.0,2.0,81.0,200.0,qwen2.5-vl,True,2948.0,2654.0,9.973,True,1953.0,1953.0,0.0,True,1.0,True,53.0,53.0,1.0,0.0,0.0,True,0.0,0.0,True,1.0,True,True,True
we00042,webcode2m,level1,,9.0,52.0,61.0,3348.0,3565.0,True,5.0,ok,1.0,56.0,8.0,48.0,0.0,109.0,724.0,qwen2.5-vl,True,3348.0,2515.0,24.881,True,1991.0,1991.0,0.0,True,1.0,True,72.0,72.0,1.0,0.0,0.0,True,0.0,0.0,True,1.0,True,True,True
we00043,webcode2m,level1,,11.0,8.0,19.0,1334.0,1527.0,True,1.0,ok,1.0,18.0,10.0,8.0,0.0,178.0,38.0,qwen2.5-vl,True,1334.0,1087.0,18.516,True,1040.0,1040.0,0.0,True,1.0,True,33.0,33.0,1.0,0.0,0.0,True,0.0,0.0,True,1.0,True,True,True
we00044,webcode2m,level1,,10.0,4.0,14.0,4743.0,5874.0,True,4.0,ok,1.0,10.0,7.0,3.0,0.0,1072.0,9.0,qwen2.5-vl,True,4743.0,3653.0,22.981,True,844.0,844.0,0.0,True,1.0,True,23.0,23.0,1.0,0.0,0.0,True,0.0,0.0,True,1.0,True,True,True
we00045,webcode2m,level1,,1.0,0.0,1.0,2050.0,2542.0,True,0.0,ok,1.0,1.0,1.0,0.0,0.0,61.0,0.0,qwen2.5-vl,True,2050.0,1989.0,2.976,True,808.0,808.0,0.0,True,1.0,True,68.0,68.0,1.0,0.0,0.0,True,0.0,0.0,True,1.0,True,True,True
we00046,webcode2m,level1,,4.0,9.0,13.0,4073.0,4561.0,True,0.0,ok,1.0,13.0,4.0,9.0,0.0,-58.0,-24.0,qwen2.5-vl,True,4073.0,4050.0,0.565,True,1084.0,1084.0,0.0,True,1.0,True,128.0,128.0,1.0,0.0,0.0,True,0.0,0.0,True,1.0,True,True,True
we00047,webcode2m,level1,,18.0,17.0,35.0,5586.0,6557.0,True,3.0,ok,20.0,24.0,16.0,8.0,8.0,1072.0,5.0,qwen2.5-vl,True,5586.0,4451.0,20.319,True,1577.0,1577.0,0.0,True,1.0,True,36.0,36.0,1.0,0.0,0.0,True,0.0,0.0,True,1.0,True,True,True
we00048,webcode2m,level1,,6.0,1.0,7.0,2821.0,3090.0,True,0.0,ok,1.0,7.0,6.0,1.0,0.0,947.0,1.0,qwen2.5-vl,True,2821.0,1870.0,33.711,True,1616.0,1616.0,0.0,True,1.0,True,54.0,54.0,1.0,0.0,0.0,True,0.0,0.0,True,1.0,True,True,True
we00049,webcode2m,level1,,7.0,42.0,49.0,2854.0,2989.0,True,3.0,ok,1.0,46.0,7.0,39.0,0.0,37.0,601.0,qwen2.5-vl,True,2854.0,2171.0,23.931,True,1768.0,1768.0,0.0,True,1.0,True,46.0,46.0,1.0,0.0,0.0,True,0.0,0.0,True,1.0,True,True,True
we00050,webcode2m,level1,,39.0,11.0,50.0,3709.0,4327.0,True,39.0,ok,1.0,11.0,3.0,8.0,0.0,28.0,66.0,qwen2.5-vl,True,3709.0,3615.0,2.534,True,2485.0,2485.0,0.0,True,0.99923,True,162.0,161.0,1.0,0.0,1.0,True,0.0,0.0,True,1.0,True,True,True
we00051,webcode2m,level1,,12.0,10.0,22.0,3137.0,3336.0,True,2.0,ok,14.0,15.0,6.0,9.0,5.0,116.0,57.0,qwen2.5-vl,True,3137.0,2937.0,6.376,True,1998.0,1998.0,0.0,True,1.0,True,48.0,48.0,1.0,0.0,0.0,True,0.0,0.0,True,1.0,True,True,True
we00052,webcode2m,level1,,6.0,11.0,17.0,1751.0,1956.0,True,0.0,ok,1.0,17.0,6.0,11.0,0.0,86.0,89.0,qwen2.5-vl,True,1751.0,1584.0,9.537,True,917.0,917.0,0.0,True,1.0,True,42.0,42.0,1.0,0.0,0.0,True,0.0,0.0,True,1.0,True,True,True
we00053,webcode2m,original,,,,,,,,,"page_error: Page.goto: Timeout 30000ms exceeded.
Call log:
  - navigating to ""file:///C:/Users/Mahin/Thesis/render_validated_starter_kit/starter_kit/data/raw_webcode2m/we00053.html"", waiting until ""load""
",,,,,,,,,,,,,,,,,,,,,,,,,,,,,,,,
we00054,webcode2m,level1,,7.0,36.0,43.0,4646.0,5530.0,True,3.0,ok,1.0,40.0,6.0,34.0,0.0,1394.0,326.0,qwen2.5-vl,True,4646.0,3143.0,32.35,True,1183.0,1183.0,0.0,True,1.0,True,36.0,36.0,1.0,0.0,0.0,True,0.0,0.0,True,1.0,True,True,True
we00055,webcode2m,level1,,21.0,3.0,24.0,3228.0,4375.0,True,3.0,ok,1.0,21.0,20.0,1.0,0.0,507.0,-40.0,qwen2.5-vl,True,3228.0,2717.0,15.83,True,1579.0,1579.0,0.0,True,1.0,True,74.0,74.0,1.0,0.0,0.0,True,0.0,0.0,True,1.0,True,True,True
we00056,webcode2m,level1,,4.0,0.0,4.0,1298.0,1704.0,True,0.0,ok,1.0,4.0,4.0,0.0,0.0,81.0,0.0,qwen2.5-vl,True,1298.0,1217.0,6.24,True,970.0,970.0,0.0,True,1.0,True,32.0,32.0,1.0,0.0,0.0,True,0.0,0.0,True,1.0,True,True,True
we00057,webcode2m,level1,,1.0,8.0,9.0,3751.0,4324.0,True,0.0,ok,1.0,9.0,1.0,8.0,0.0,110.0,92.0,qwen2.5-vl,True,3751.0,3491.0,6.931,True,3202.0,3202.0,0.0,True,0.90688,True,41.0,40.0,1.0,0.0,1.0,True,0.0,0.0,True,1.0,True,True,True
we00058,webcode2m,level1,,4.0,40.0,44.0,2113.0,2298.0,True,2.0,ok,1.0,42.0,3.0,39.0,0.0,30.0,213.0,qwen2.5-vl,True,2113.0,1849.0,12.494,True,1506.0,1506.0,0.0,True,1.0,True,66.0,66.0,1.0,0.0,0.0,True,0.0,0.0,True,1.0,True,True,True
we00059,webcode2m,level1,,9.0,14.0,23.0,2523.0,2612.0,True,3.0,ok,13.0,13.0,5.0,8.0,0.0,94.0,68.0,qwen2.5-vl,True,2523.0,2361.0,6.421,True,1090.0,1090.0,0.0,True,1.0,True,67.0,67.0,1.0,0.0,0.0,True,0.0,0.0,True,1.0,True,True,True
we00060,webcode2m,level1,,10.0,24.0,34.0,3057.0,3353.0,True,1.0,ok,16.0,32.0,10.0,22.0,0.0,169.0,248.0,qwen2.5-vl,True,3057.0,2640.0,13.641,True,1767.0,1767.0,0.0,True,1.0,True,82.0,82.0,1.0,0.0,0.0,True,0.0,0.0,True,1.0,True,True,True
we00061,webcode2m,level1,,12.0,12.0,24.0,2460.0,2695.0,True,9.0,ok,1.0,15.0,7.0,8.0,0.0,65.0,47.0,qwen2.5-vl,True,2460.0,2360.0,4.065,True,1956.0,1956.0,0.0,True,1.0,True,66.0,66.0,1.0,0.0,0.0,True,0.0,0.0,True,1.0,True,True,True
we00062,webcode2m,level1,,1.0,5.0,6.0,1618.0,1834.0,True,2.0,all_edits_rejected,7.0,,,,,,,,,,,0.0,,,,,,,,,,,,,,,,,,,,False
we00063,webcode2m,level1,,8.0,7.0,15.0,5948.0,7104.0,True,0.0,ok,1.0,15.0,8.0,7.0,0.0,489.0,51.0,qwen2.5-vl,True,5948.0,5410.0,9.045,True,1538.0,1538.0,0.0,True,1.0,True,54.0,54.0,1.0,0.0,0.0,True,0.0,0.0,True,,True,True,True
we00064,webcode2m,level1,,1.0,3.0,4.0,3547.0,3941.0,True,0.0,all_edits_rejected,7.0,,,,,,,,,,,0.0,,,,,,,,,,,,,,,,,,,,False
we00065,webcode2m,level1,,16.0,8.0,24.0,3568.0,4230.0,True,1.0,ok,1.0,23.0,16.0,7.0,0.0,422.0,19.0,qwen2.5-vl,True,3568.0,3097.0,13.201,True,1527.0,1527.0,0.0,True,1.0,True,67.0,67.0,1.0,0.0,0.0,True,0.0,0.0,True,1.0,True,True,True
we00066,webcode2m,level1,,6.0,19.0,25.0,1158.0,1387.0,True,1.0,ok,4.0,12.0,6.0,6.0,0.0,146.0,32.0,qwen2.5-vl,True,1158.0,954.0,17.617,True,1627.0,1627.0,0.0,True,1.0,True,13.0,13.0,1.0,0.0,0.0,True,0.0,0.0,True,1.0,True,True,True
we00067,webcode2m,level1,,12.0,6.0,18.0,3803.0,4451.0,False,0.0,ok,21.0,11.0,6.0,5.0,7.0,75.0,8.0,qwen2.5-vl,True,3803.0,3691.0,2.945,True,2165.0,2165.0,0.0,True,0.98289,True,92.0,88.0,1.0,0.0,4.0,True,0.0,0.0,True,1.0,True,True,True
we00068,webcode2m,level1,,10.0,8.0,18.0,3818.0,4852.0,False,0.0,ok,12.0,17.0,10.0,7.0,1.0,558.0,57.0,qwen2.5-vl,True,3818.0,3200.0,16.186,True,800.0,800.0,0.0,True,1.0,True,27.0,27.0,1.0,0.0,0.0,True,0.0,0.0,True,1.0,True,True,True
we00069,webcode2m,level1,,10.0,6.0,16.0,2599.0,2884.0,True,0.0,ok,1.0,16.0,10.0,6.0,0.0,57.0,-5.0,qwen2.5-vl,True,2599.0,2494.0,4.04,True,1051.0,1051.0,0.0,True,1.0,True,62.0,62.0,1.0,0.0,0.0,True,0.0,0.0,True,1.0,True,True,True
we00070,webcode2m,level1,,9.0,19.0,28.0,2685.0,2909.0,True,1.0,ok,1.0,27.0,9.0,18.0,0.0,90.0,191.0,qwen2.5-vl,True,2685.0,2392.0,10.912,True,1710.0,1710.0,0.0,True,1.0,True,48.0,48.0,1.0,0.0,0.0,True,0.0,0.0,True,1.0,True,True,True
we00071,webcode2m,original,,,,,,,,,"page_error: Page.goto: Timeout 30000ms exceeded.
Call log:
  - navigating to ""file:///C:/Users/Mahin/Thesis/render_validated_starter_kit/starter_kit/data/raw_webcode2m/we00071.html"", waiting until ""load""
",,,,,,,,,,,,,,,,,,,,,,,,,,,,,,,,
we00072,webcode2m,level1,,13.0,9.0,22.0,3453.0,4006.0,True,0.0,ok,16.0,21.0,13.0,8.0,0.0,1083.0,64.0,qwen2.5-vl,True,3453.0,2306.0,33.217,True,1053.0,1053.0,0.0,True,0.99563,True,21.0,19.0,1.0,0.0,2.0,True,0.0,0.0,True,1.0,True,True,True
we00073,webcode2m,level1,,4.0,10.0,14.0,4121.0,4570.0,True,0.0,ok,1.0,14.0,4.0,10.0,0.0,190.0,293.0,qwen2.5-vl,True,4121.0,3642.0,11.623,True,1634.0,1634.0,0.0,True,0.99923,True,49.0,48.0,1.0,0.0,1.0,True,0.0,0.0,True,1.0,True,True,True
we00074,webcode2m,level1,,12.0,12.0,24.0,2688.0,2923.0,True,9.0,ok,1.0,15.0,7.0,8.0,0.0,65.0,47.0,qwen2.5-vl,True,2688.0,2588.0,3.72,True,1942.0,1942.0,0.0,True,1.0,True,66.0,66.0,1.0,0.0,0.0,True,0.0,0.0,True,1.0,True,True,True
we00075,webcode2m,level1,,0.0,0.0,0.0,918.0,1136.0,,,no_candidates,,,,,,,,,,,,0.0,,,,,,,,,,,,,,,,,,,,False
we00076,webcode2m,level1,,6.0,8.0,14.0,2913.0,3386.0,True,0.0,ok,13.0,13.0,6.0,7.0,0.0,219.0,56.0,qwen2.5-vl,True,2913.0,2638.0,9.44,True,1298.0,1298.0,0.0,True,0.99641,True,26.0,24.0,1.0,0.0,2.0,True,0.0,0.0,True,1.0,True,True,True
we00077,webcode2m,level1,,44.0,91.0,135.0,4066.0,4958.0,True,5.0,ok,1.0,130.0,42.0,88.0,0.0,884.0,809.0,qwen2.5-vl,True,4066.0,2787.0,31.456,True,1134.0,1134.0,0.0,True,1.0,True,44.0,44.0,1.0,0.0,0.0,True,0.0,0.0,True,1.0,True,True,True
we00078,webcode2m,original,True,2.0,0.0,2.0,1812.0,1812.0,True,1.0,ok,1.0,1.0,1.0,0.0,0.0,5.0,0.0,qwen2.5-vl,True,1812.0,1807.0,0.276,True,1265.0,1265.0,0.0,True,1.0,True,35.0,35.0,1.0,0.0,0.0,True,0.0,0.0,True,1.0,True,True,True
we00079,webcode2m,level1,,22.0,0.0,22.0,2830.0,3327.0,True,0.0,ok,1.0,22.0,22.0,0.0,0.0,1135.0,0.0,qwen2.5-vl,True,2830.0,1695.0,40.106,True,1305.0,1305.0,0.0,True,1.0,True,16.0,16.0,1.0,0.0,0.0,True,0.0,0.0,True,1.0,True,True,True
we00080,webcode2m,level1,,20.0,45.0,65.0,2754.0,2909.0,True,10.0,ok,1.0,55.0,19.0,36.0,0.0,325.0,316.0,qwen2.5-vl,True,2754.0,2100.0,23.747,True,1331.0,1331.0,0.0,True,1.0,True,66.0,66.0,1.0,0.0,0.0,True,0.0,0.0,True,1.0,True,True,True
we00081,webcode2m,level1,,3.0,1.0,4.0,2538.0,3368.0,True,0.0,ok,1.0,4.0,3.0,1.0,0.0,64.0,-33.0,qwen2.5-vl,True,2538.0,2465.0,2.876,True,1400.0,1400.0,0.0,True,1.0,True,75.0,75.0,1.0,0.0,0.0,True,0.0,0.0,True,1.0,True,True,True
we00082,webcode2m,level1,,15.0,20.0,35.0,1624.0,1910.0,True,6.0,ok,18.0,22.0,7.0,15.0,7.0,30.0,107.0,qwen2.5-vl,True,1624.0,1455.0,10.406,True,1344.0,1344.0,0.0,True,1.0,True,32.0,32.0,1.0,0.0,0.0,True,0.0,0.0,True,1.0,True,True,True
we00083,webcode2m,level1,,6.0,13.0,19.0,4397.0,5228.0,True,4.0,ok,1.0,15.0,4.0,11.0,0.0,117.0,73.0,qwen2.5-vl,True,4397.0,4176.0,5.026,True,2170.0,2170.0,0.0,True,1.0,True,124.0,124.0,1.0,0.0,0.0,True,0.0,0.0,True,1.0,True,True,True
we00084,webcode2m,level1,,3.0,1.0,4.0,2538.0,3368.0,True,0.0,ok,1.0,4.0,3.0,1.0,0.0,64.0,-33.0,qwen2.5-vl,True,2538.0,2465.0,2.876,True,1400.0,1400.0,0.0,True,1.0,True,75.0,75.0,1.0,0.0,0.0,True,0.0,0.0,True,1.0,True,True,True
we00085,webcode2m,level1,,1.0,0.0,1.0,1437.0,1999.0,True,0.0,ok,1.0,1.0,1.0,0.0,0.0,21.0,0.0,qwen2.5-vl,True,1437.0,1416.0,1.461,True,838.0,838.0,0.0,True,1.0,True,58.0,58.0,1.0,0.0,0.0,True,0.0,0.0,True,1.0,True,True,True
we00086,webcode2m,level1,,4.0,0.0,4.0,1300.0,1704.0,True,0.0,ok,1.0,4.0,4.0,0.0,0.0,83.0,0.0,qwen2.5-vl,True,1300.0,1217.0,6.385,True,970.0,970.0,0.0,True,1.0,True,32.0,32.0,1.0,0.0,0.0,True,0.0,0.0,True,1.0,True,True,True
we00087,webcode2m,level1,,2.0,0.0,2.0,2503.0,2647.0,True,1.0,ok,1.0,1.0,1.0,0.0,0.0,26.0,0.0,qwen2.5-vl,True,2503.0,2477.0,1.039,True,2836.0,2836.0,0.0,True,1.0,True,63.0,63.0,1.0,0.0,0.0,True,0.0,0.0,True,1.0,True,True,True
we00088,webcode2m,level1,,10.0,5.0,15.0,2967.0,3645.0,True,2.0,ok,1.0,13.0,10.0,3.0,0.0,322.0,30.0,qwen2.5-vl,True,2967.0,2615.0,11.864,True,1347.0,1347.0,0.0,True,0.97913,True,75.0,73.0,1.0,0.0,2.0,True,0.0,0.0,True,1.0,True,True,True
we00089,webcode2m,level1,,0.0,0.0,0.0,1566.0,1700.0,,,no_candidates,,,,,,,,,,,,0.0,,,,,,,,,,,,,,,,,,,,False
we00090,webcode2m,level1,,12.0,10.0,22.0,5927.0,6864.0,True,2.0,ok,1.0,20.0,12.0,8.0,0.0,871.0,69.0,qwen2.5-vl,True,5927.0,4996.0,15.708,True,800.0,800.0,0.0,True,1.0,True,36.0,36.0,1.0,0.0,0.0,True,0.0,0.0,True,1.0,True,True,True
we00091,webcode2m,level1,,4.0,6.0,10.0,6587.0,8292.0,True,1.0,ok,1.0,9.0,3.0,6.0,0.0,546.0,60.0,qwen2.5-vl,True,6587.0,5971.0,9.352,True,1459.0,1459.0,0.0,True,1.0,True,45.0,45.0,1.0,0.0,0.0,True,0.0,0.002,True,0.99887,True,False,True
we00092,webcode2m,level1,,6.0,8.0,14.0,3485.0,4239.0,True,2.0,ok,1.0,12.0,6.0,6.0,0.0,141.0,64.0,qwen2.5-vl,True,3485.0,3265.0,6.313,True,2097.0,2097.0,0.0,True,1.0,True,46.0,46.0,1.0,0.02,0.0,True,0.0,0.0,True,0.99999,True,False,True
we00093,webcode2m,level1,,3.0,9.0,12.0,3037.0,3348.0,True,0.0,ok,1.0,12.0,3.0,9.0,0.0,117.0,169.0,qwen2.5-vl,True,3037.0,2740.0,9.779,True,2094.0,2094.0,0.0,True,1.0,True,45.0,45.0,1.0,0.0,0.0,True,0.0,0.0,True,1.0,True,True,True
we00094,webcode2m,level1,,8.0,2.0,10.0,2546.0,2966.0,True,1.0,ok,1.0,9.0,8.0,1.0,0.0,220.0,2.0,qwen2.5-vl,True,2546.0,2316.0,9.034,True,1619.0,1619.0,0.0,True,1.0,True,69.0,69.0,1.0,0.0,0.0,True,0.0,0.0,True,1.0,True,True,True
we00095,webcode2m,level1,,12.0,12.0,24.0,3927.0,4842.0,True,1.0,ok,1.0,23.0,12.0,11.0,0.0,581.0,140.0,qwen2.5-vl,True,3927.0,3222.0,17.953,True,1935.0,1935.0,0.0,True,0.98028,True,43.0,38.0,0.9897,3.5,5.0,True,0.072,2.247,True,1.0,True,True,True
we00096,webcode2m,level1,,10.0,5.0,15.0,2969.0,3920.0,True,6.0,ok,1.0,9.0,5.0,4.0,0.0,123.0,10.0,qwen2.5-vl,True,2969.0,2813.0,5.254,True,1459.0,1459.0,0.0,True,1.0,True,24.0,24.0,1.0,0.0,0.0,True,0.0,0.0,True,1.0,True,True,True
we00097,webcode2m,level1,,12.0,9.0,21.0,3527.0,4418.0,True,3.0,ok,1.0,18.0,11.0,7.0,0.0,288.0,53.0,qwen2.5-vl,True,3527.0,3191.0,9.527,True,1344.0,1344.0,0.0,True,1.0,True,36.0,36.0,1.0,0.0,0.0,True,0.0,0.0,True,1.0,True,True,True
we00098,webcode2m,level1,,19.0,25.0,44.0,2465.0,2729.0,True,1.0,ok,17.0,38.0,19.0,19.0,5.0,207.0,111.0,qwen2.5-vl,True,2465.0,2108.0,14.483,True,1645.0,1645.0,0.0,True,1.0,True,67.0,67.0,1.0,0.01,0.0,True,0.0,0.0,True,1.0,True,True,True
we00099,webcode2m,level1,,5.0,4.0,9.0,1556.0,2025.0,True,2.0,ok,1.0,7.0,3.0,4.0,0.0,63.0,28.0,qwen2.5-vl,True,1556.0,1455.0,6.491,True,1163.0,1163.0,0.0,True,0.98512,True,34.0,28.0,1.0,0.0,6.0,True,0.0,0.0,True,1.0,True,True,True
