page_id,chars_total,tokens_total,chars_text,tokens_text,chars_css,tokens_css,chars_class_attrs,tokens_class_attrs,chars_style_attrs,tokens_style_attrs,chars_other_attrs,tokens_other_attrs,chars_tags,tokens_tags,chars_comments,tokens_comments,chars_scripts,tokens_scripts,chars_whitespace,tokens_whitespace,n_elements,n_wrapper_candidates,depth_mean,depth_max
we00000,6696,2371,1063,379,3010,1134,990,219,0,0,127,31,1394,554,0,0,0,0,112,5,133,26,9.46,19
we00001,17869,5544,405,122,11292,3604,3990,1000,21,5,735,271,1362,506,0,0,0,0,64,2,118,38,12.09,19
we00002,8331,2609,1252,429,1646,520,2432,604,129,34,955,330,1642,626,0,0,0,0,275,12,149,19,9.62,13
we00003,8492,2641,1313,427,1048,290,2601,571,176,67,1353,620,1732,622,0,0,0,0,269,13,158,28,8.72,13
we00004,13422,3802,2038,637,875,293,4925,1120,640,184,835,262,3715,1284,0,0,0,0,394,10,237,76,9.29,17
we00005,10653,3501,1974,629,4733,1692,1324,285,153,57,569,181,1514,574,0,0,0,0,386,38,145,28,10.71,17
we00006,23251,6634,3910,1188,12882,3803,2957,648,0,0,450,192,2103,790,0,0,0,0,949,11,183,40,6.94,11
we00007,15687,5269,1969,698,7830,2791,1733,467,42,13,1369,402,2323,822,0,0,0,0,421,21,208,40,7.78,11
we00008,9155,2999,1861,607,1342,455,1117,264,296,82,1429,418,2585,1108,0,0,0,0,525,25,280,31,8.25,15
we00009,16815,5385,1859,623,8026,2659,3444,842,60,14,1464,589,1683,651,0,0,0,0,279,6,152,19,10.44,14
we00010,17093,5063,2518,659,7435,2410,3918,914,0,0,1252,469,1518,625,0,0,0,0,452,14,141,29,9.69,13
we00011,23713,6945,4885,1370,12480,3841,4262,1067,0,0,634,262,1025,379,0,0,0,0,427,26,87,37,11.9,17
we00012,18766,5271,2823,835,6103,1768,2252,475,1533,457,1139,410,4221,1420,0,0,0,0,695,7,233,21,6.71,14
we00013,7759,2593,3105,983,1199,539,536,183,116,28,511,182,1628,682,0,0,0,0,664,71,187,2,12.06,19
we00014,28608,8924,1408,404,16771,5245,6336,1581,958,615,800,246,2093,800,0,0,0,0,242,8,192,52,12.71,19
we00015,24974,7629,1253,404,15925,5079,5134,1283,61,20,951,335,1443,527,0,0,0,0,207,3,122,57,13.16,20
we00016,20835,5951,4072,1154,9471,3072,4078,1032,21,5,672,230,1729,620,0,0,0,0,792,8,147,67,11.48,20
we00017,3981,1207,1870,594,689,264,42,10,37,10,287,122,687,259,0,0,0,0,369,35,61,1,6.03,11
we00018,12596,4121,4119,1265,3886,1483,721,175,365,107,1128,537,1474,611,0,0,0,0,903,30,169,23,8.57,12
we00019,23218,6600,3910,1106,12882,3803,2955,646,0,0,449,191,2103,790,0,0,0,0,919,11,183,40,6.94,11
we00020,16073,4953,985,251,11722,3796,2054,515,0,0,357,119,805,299,0,0,0,0,150,5,68,26,10.84,16
we00021,16958,5527,1045,280,10642,3679,2320,526,268,84,447,147,1908,714,0,0,0,0,328,23,176,40,7.01,14
we00022,15721,4247,3648,1020,4184,1305,4346,967,398,127,613,246,1792,649,0,0,0,0,740,36,156,39,11.35,17
we00023,12010,3017,3238,957,3866,1071,2761,549,532,171,169,71,799,301,0,0,0,0,645,14,67,22,7.55,13
we00024,7159,2842,3424,1678,1295,427,523,111,201,81,428,115,754,326,0,0,0,0,534,64,84,11,5.98,8
we00025,19938,6591,2927,847,8738,3043,3116,755,1001,287,1335,903,2367,863,0,0,0,0,454,9,205,34,9.4,14
we00026,10558,2870,4187,1246,1309,340,1699,396,264,95,713,296,1620,569,0,0,0,0,766,20,139,22,9.86,14
we00027,13151,4501,1582,530,892,235,5235,1233,875,302,1168,796,2840,1146,0,0,0,0,559,98,287,53,13.79,23
we00028,6411,2142,431,129,3013,1078,888,228,776,290,454,120,799,296,0,0,0,0,50,4,67,16,6.82,11
we00029,14050,3422,4500,1070,1585,414,3999,876,199,65,818,284,2168,792,0,0,0,0,781,20,185,39,9.72,14
we00030,12238,4391,4580,1337,902,285,1033,245,21,9,275,89,4815,2207,0,0,0,0,612,28,547,28,9.93,11
we00031,23745,7592,2724,786,12475,3874,4021,1003,309,156,2328,1347,1338,491,0,0,0,0,550,6,115,33,10.68,17
we00032,7933,2560,1531,461,2084,781,1055,313,303,109,412,140,2160,668,0,0,0,0,388,87,177,11,10.45,17
we00033,15482,4997,2560,791,3635,1255,1457,379,34,15,2997,960,4201,1502,0,0,0,0,598,94,420,16,10.87,16
we00034,9476,2835,3839,1112,1893,744,885,243,498,176,202,63,1372,514,0,0,0,0,787,24,135,26,7.39,14
we00035,6256,2717,2527,870,961,335,1618,1294,28,14,267,83,487,202,0,0,0,0,368,12,49,3,4.31,5
we00036,8675,2505,2637,600,854,328,2721,627,138,62,241,71,1825,763,0,0,0,0,259,15,185,32,8.7,14
we00037,9901,3187,1677,501,4667,1632,818,209,214,55,319,113,1920,697,0,0,0,0,286,4,180,36,6.49,9
we00038,7858,2528,1360,359,2069,775,1208,369,321,114,319,109,2239,696,0,0,0,0,342,95,184,11,10.61,17
we00039,9922,3022,8011,2480,1008,352,19,5,0,0,114,38,313,125,0,0,0,0,457,6,26,3,5.46,7
we00040,10736,3075,3348,900,1160,349,1798,402,222,89,1088,420,2404,926,0,0,0,0,716,63,171,40,8.88,14
we00041,12227,3819,1929,548,5894,1961,1730,468,81,30,628,240,1459,551,0,0,0,0,506,23,135,33,8.04,15
we00042,13244,3565,2147,552,1648,514,5910,1390,101,28,1009,371,2098,725,0,0,0,0,331,25,177,65,13.09,21
we00043,5243,1527,1777,521,925,354,414,94,471,141,455,168,838,308,0,0,0,0,363,7,74,17,8.39,12
we00044,18093,5874,2560,791,7306,2529,2745,671,780,186,2084,879,2035,792,0,0,0,0,583,9,175,35,9.13,16
we00045,7472,2542,789,203,3978,1423,572,151,145,46,742,314,1047,378,0,0,0,0,199,24,96,21,6.57,11
we00046,13936,4561,1283,416,3908,1402,1590,356,699,212,3204,1129,2979,1092,0,0,0,0,273,28,270,26,11.95,21
we00047,19663,6557,2651,780,8738,3043,3116,755,1001,287,1335,903,2383,871,0,0,0,0,439,5,207,34,9.43,14
we00048,10550,3090,5204,1479,1032,327,89,24,0,0,154,58,2467,1011,0,0,0,0,1604,89,250,3,8.11,12
we00049,11607,2989,1847,563,1406,357,5733,1292,161,49,554,174,1564,584,0,0,0,0,342,8,135,44,10.37,17
we00050,12410,4327,2766,1166,5040,1672,1339,291,325,111,120,35,2393,938,0,0,0,0,427,5,232,27,9.14,13
we00051,12887,3336,5194,1503,2133,706,2313,512,89,36,885,291,1204,495,0,0,0,0,1069,18,108,16,9.06,13
we00052,7348,1956,3294,870,1222,387,548,142,162,61,270,123,1091,417,0,0,0,0,761,52,111,15,9.68,14
we00053,12399,3488,4126,1155,1393,420,2027,447,1042,354,981,396,2155,831,0,0,0,0,675,33,200,34,8.15,13
we00054,18609,5530,2440,761,7442,2452,4111,862,88,24,1809,634,2268,829,0,0,0,0,451,8,191,47,9.72,17
we00055,12191,4375,1981,630,6632,2595,391,94,0,0,1038,415,1793,665,0,0,0,0,356,12,151,13,7.9,11
we00056,5106,1704,351,82,3227,1149,434,94,138,27,222,97,634,243,0,0,0,0,100,6,57,14,6.04,9
we00057,15713,4324,802,283,6538,1868,5346,1093,714,274,860,341,1314,470,0,0,0,0,139,3,109,30,8.4,15
we00058,7392,2298,2421,726,961,326,1125,255,696,252,187,61,1580,636,0,0,0,0,422,20,149,39,6.22,9
we00059,9759,2612,3693,1096,936,296,1332,293,1149,301,158,47,1682,617,0,0,0,0,809,36,150,19,7.86,15
we00060,11475,3353,2634,733,2171,769,487,110,389,136,2484,786,2054,776,0,0,0,0,1256,63,185,33,9.15,14
we00061,8578,2695,3066,956,1893,744,885,243,496,176,202,63,1372,514,0,0,0,0,664,24,135,26,7.39,14
we00062,5571,1834,851,249,1838,701,619,151,278,103,377,127,1433,509,0,0,0,0,175,18,138,12,9.75,17
we00063,23041,7104,3014,1081,12272,3892,5277,1349,209,90,309,105,1425,574,0,0,0,0,535,15,134,36,12.88,19
we00064,12344,3941,2968,785,2112,797,1853,611,490,179,830,319,3283,1006,0,0,0,0,808,228,262,12,10.67,17
we00065,11642,4230,1301,756,6118,2011,1237,314,253,75,546,171,2072,846,0,0,0,0,115,3,200,54,11.11,14
we00066,4567,1387,141,42,1768,615,1192,248,21,5,684,216,721,246,0,0,0,0,40,2,54,23,9.0,15
we00067,12140,4451,2016,906,5534,2059,1978,503,60,30,600,244,1641,630,0,0,0,0,311,6,150,17,7.87,11
we00068,16445,4852,2145,640,8958,2855,2998,689,38,8,682,248,1168,453,0,0,0,0,456,5,103,25,9.88,18
we00069,9286,2884,1671,537,1389,463,895,206,1518,497,1444,458,2027,736,0,0,0,0,342,24,199,18,12.69,18
we00070,11456,2909,5557,1607,876,281,2010,451,88,29,420,171,1486,551,0,0,0,0,1019,15,123,22,8.37,13
we00071,10417,2895,2654,690,820,265,3161,736,159,47,648,226,2543,959,0,0,0,0,432,32,238,53,8.4,12
we00072,14137,4006,2614,778,5181,1558,1538,313,640,184,698,247,2845,946,0,0,0,0,621,7,160,25,7.24,14
we00073,17137,4570,3860,1142,5780,1689,4374,1012,644,204,346,155,1353,505,0,0,0,0,780,14,116,23,8.17,15
we00074,9915,2923,4210,1234,1893,744,885,243,496,176,215,66,1392,522,0,0,0,0,824,25,139,26,7.46,14
we00075,3937,1136,1461,327,1050,354,66,16,371,96,0,0,766,328,0,0,0,0,223,4,74,5,6.16,8
we00076,12565,3386,3168,930,5138,1557,2013,426,0,0,444,168,1145,404,0,0,0,0,657,9,90,25,8.78,14
we00077,15349,4958,679,233,2978,975,3426,771,3980,1553,673,205,3417,1261,0,0,0,0,196,11,281,143,13.6,19
we00078,6366,1812,4285,1302,642,252,52,19,0,0,0,0,488,212,0,0,0,0,899,11,51,3,5.63,8
we00079,10884,3327,1397,426,4106,1390,1864,398,0,0,1006,336,2170,767,0,0,0,0,341,8,186,29,9.9,14
we00080,9834,2909,1228,293,1184,395,3883,907,0,0,1218,438,2133,846,0,0,0,0,188,7,201,53,10.05,14
we00081,9436,3368,1736,723,4374,1461,664,184,55,14,728,291,1544,653,0,0,0,0,335,22,170,9,6.58,9
we00082,6023,1910,1141,355,1543,540,1128,251,413,175,439,143,1163,438,0,0,0,0,196,15,100,24,8.0,14
we00083,17428,5228,2374,720,6850,2168,2944,641,1309,429,637,217,2917,1032,0,0,0,0,397,7,244,47,12.36,16
we00084,9436,3368,1736,723,4374,1461,664,184,55,14,728,291,1544,653,0,0,0,0,335,22,170,9,6.58,9
we00085,6526,1999,1180,319,2982,836,172,41,770,268,252,81,992,436,0,0,0,0,178,17,106,11,7.81,11
we00086,5102,1704,345,83,3227,1149,434,94,138,27,222,97,634,243,0,0,0,0,102,6,57,14,6.04,9
we00087,8862,2647,2452,732,934,308,107,28,3002,981,523,223,1247,481,0,0,0,0,597,23,121,1,10.06,15
we00088,11167,3645,918,294,6559,2213,1171,259,213,56,228,85,1571,601,0,0,0,0,507,32,144,36,10.78,14
we00089,4725,1700,734,205,769,280,148,39,516,194,1082,525,1313,493,0,0,0,0,163,33,128,10,6.85,12
we00090,22030,6864,734,212,11039,3660,5419,1322,640,184,993,361,3113,1105,0,0,0,0,92,4,200,46,10.27,17
we00091,22907,8292,670,182,13836,4817,5083,1962,229,69,1140,621,1848,631,0,0,0,0,101,3,145,40,8.53,12
we00092,15432,4239,4463,1260,6553,2117,1899,413,0,0,431,139,1083,428,0,0,0,0,1003,10,100,21,10.13,15
we00093,13723,3348,4546,1267,3866,1071,2761,549,532,171,201,101,925,373,0,0,0,0,892,16,85,22,7.22,13
we00094,11578,2966,3060,765,3406,1138,2018,479,132,28,43,12,1416,546,0,0,0,0,1503,56,131,24,7.34,10
we00095,17075,4842,1190,252,8965,2751,4501,995,0,0,657,227,1592,598,0,0,0,0,170,4,137,31,7.72,12
we00096,12914,3920,519,155,8540,2707,2005,435,0,0,679,216,1067,391,0,0,0,0,104,7,90,26,8.8,12
we00097,15166,4418,2797,785,8256,2657,1953,449,0,0,626,218,1012,398,0,0,0,0,522,6,91,22,9.29,15
we00098,9839,2729,2285,648,1556,515,2670,563,81,20,901,314,1945,702,0,0,0,0,401,10,156,33,9.33,13
we00099,6660,2025,673,163,3963,1334,716,163,0,0,375,119,803,250,0,0,0,0,130,4,62,18,7.95,13
