page_id,status,validated,selected_level,final_level,final_pixel_identical,repeat_measured,original_repeat_identical,rungs_tried,tokens_orig_logged,tokens_final_logged,png_path,artifact_hashes_verified,original_html_path,final_html_path,bytes_original,bytes_final,token_recount_mismatch,tokens_orig,tokens_effective,reduction_pct,actually_shorter,best_through_l1_logged,best_through_l2_logged,best_through_l3_logged
we00000,ok,True,l3,l3,True,True,True,1.0,2371.0,1543.0,C:\Users\Mahin\Thesis\render_validated_starter_kit\starter_kit\outputs\renders_final\webcode2m\we00000.png,True,C:\Users\Mahin\Thesis\render_validated_starter_kit\starter_kit\data\raw_webcode2m\we00000.html,C:\Users\Mahin\Thesis\render_validated_starter_kit\starter_kit\outputs\final_targets\webcode2m\we00000.html,6838,4623,False,2371,1543,34.921973850695906,True,1966,1845,1543
we00001,ok,True,l3,l3,True,True,True,1.0,5544.0,3374.0,C:\Users\Mahin\Thesis\render_validated_starter_kit\starter_kit\outputs\renders_final\webcode2m\we00001.png,True,C:\Users\Mahin\Thesis\render_validated_starter_kit\starter_kit\data\raw_webcode2m\we00001.html,C:\Users\Mahin\Thesis\render_validated_starter_kit\starter_kit\outputs\final_targets\webcode2m\we00001.html,18360,11441,False,5544,3374,39.14141414141414,True,4468,4127,3374
we00002,ok,True,l3,l3,True,True,True,1.0,2609.0,2047.0,C:\Users\Mahin\Thesis\render_validated_starter_kit\starter_kit\outputs\renders_final\webcode2m\we00002.png,True,C:\Users\Mahin\Thesis\render_validated_starter_kit\starter_kit\data\raw_webcode2m\we00002.html,C:\Users\Mahin\Thesis\render_validated_starter_kit\starter_kit\outputs\final_targets\webcode2m\we00002.html,8443,6566,False,2609,2047,21.540820237638943,True,2389,2168,2047
we00003,ok,True,l2,l2,True,True,True,1.0,2641.0,1932.0,C:\Users\Mahin\Thesis\render_validated_starter_kit\starter_kit\outputs\renders_final\webcode2m\we00003.png,True,C:\Users\Mahin\Thesis\render_validated_starter_kit\starter_kit\data\raw_webcode2m\we00003.html,C:\Users\Mahin\Thesis\render_validated_starter_kit\starter_kit\outputs\final_targets\webcode2m\we00003.html,8590,6461,False,2641,1932,26.845891707686484,True,2242,1932,1932
we00004,ok,True,l3,l3,True,True,True,1.0,3802.0,1776.0,C:\Users\Mahin\Thesis\render_validated_starter_kit\starter_kit\outputs\renders_final\webcode2m\we00004.png,True,C:\Users\Mahin\Thesis\render_validated_starter_kit\starter_kit\data\raw_webcode2m\we00004.html,C:\Users\Mahin\Thesis\render_validated_starter_kit\starter_kit\outputs\final_targets\webcode2m\we00004.html,13487,6397,False,3802,1776,53.28774329300368,True,3630,1807,1776
we00005,ok,True,l3,l3,True,True,True,1.0,3501.0,2526.0,C:\Users\Mahin\Thesis\render_validated_starter_kit\starter_kit\outputs\renders_final\webcode2m\we00005.png,True,C:\Users\Mahin\Thesis\render_validated_starter_kit\starter_kit\data\raw_webcode2m\we00005.html,C:\Users\Mahin\Thesis\render_validated_starter_kit\starter_kit\outputs\final_targets\webcode2m\we00005.html,10953,7976,False,3501,2526,27.84918594687232,True,2852,2666,2526
we00006,ok,True,l3,l3,True,True,True,1.0,6634.0,3559.0,C:\Users\Mahin\Thesis\render_validated_starter_kit\starter_kit\outputs\renders_final\webcode2m\we00006.png,True,C:\Users\Mahin\Thesis\render_validated_starter_kit\starter_kit\data\raw_webcode2m\we00006.html,C:\Users\Mahin\Thesis\render_validated_starter_kit\starter_kit\outputs\final_targets\webcode2m\we00006.html,23710,12807,False,6634,3559,46.3521254145312,True,5553,5264,3559
we00007,ok,True,l3,l3,True,True,True,1.0,5269.0,3910.0,C:\Users\Mahin\Thesis\render_validated_starter_kit\starter_kit\outputs\renders_final\webcode2m\we00007.png,True,C:\Users\Mahin\Thesis\render_validated_starter_kit\starter_kit\data\raw_webcode2m\we00007.html,C:\Users\Mahin\Thesis\render_validated_starter_kit\starter_kit\outputs\final_targets\webcode2m\we00007.html,16149,11697,False,5269,3910,25.792370468779655,True,4268,4108,3910
we00008,ok,True,l3,l3,True,True,True,1.0,2999.0,2706.0,C:\Users\Mahin\Thesis\render_validated_starter_kit\starter_kit\outputs\renders_final\webcode2m\we00008.png,True,C:\Users\Mahin\Thesis\render_validated_starter_kit\starter_kit\data\raw_webcode2m\we00008.html,C:\Users\Mahin\Thesis\render_validated_starter_kit\starter_kit\outputs\final_targets\webcode2m\we00008.html,9251,8074,False,2999,2706,9.769923307769256,True,2810,2736,2706
we00009,ok,True,l3,l3,True,True,True,1.0,5385.0,2733.0,C:\Users\Mahin\Thesis\render_validated_starter_kit\starter_kit\outputs\renders_final\webcode2m\we00009.png,True,C:\Users\Mahin\Thesis\render_validated_starter_kit\starter_kit\data\raw_webcode2m\we00009.html,C:\Users\Mahin\Thesis\render_validated_starter_kit\starter_kit\outputs\final_targets\webcode2m\we00009.html,17199,8955,False,5385,2733,49.24791086350975,True,4378,3401,2733
we00010,ok,True,l3,l3,True,True,True,1.0,5063.0,3474.0,C:\Users\Mahin\Thesis\render_validated_starter_kit\starter_kit\outputs\renders_final\webcode2m\we00010.png,True,C:\Users\Mahin\Thesis\render_validated_starter_kit\starter_kit\data\raw_webcode2m\we00010.html,C:\Users\Mahin\Thesis\render_validated_starter_kit\starter_kit\outputs\final_targets\webcode2m\we00010.html,17458,12233,False,5063,3474,31.384554611890184,True,4195,4021,3474
we00011,ok,True,l3,l3,True,True,True,1.0,6945.0,4464.0,C:\Users\Mahin\Thesis\render_validated_starter_kit\starter_kit\outputs\renders_final\webcode2m\we00011.png,True,C:\Users\Mahin\Thesis\render_validated_starter_kit\starter_kit\data\raw_webcode2m\we00011.html,C:\Users\Mahin\Thesis\render_validated_starter_kit\starter_kit\outputs\final_targets\webcode2m\we00011.html,24491,16302,False,6945,4464,35.72354211663067,True,5858,5492,4464
we00012,ok,True,l3,l3,True,True,True,1.0,5271.0,2966.0,C:\Users\Mahin\Thesis\render_validated_starter_kit\starter_kit\outputs\renders_final\webcode2m\we00012.png,True,C:\Users\Mahin\Thesis\render_validated_starter_kit\starter_kit\data\raw_webcode2m\we00012.html,C:\Users\Mahin\Thesis\render_validated_starter_kit\starter_kit\outputs\final_targets\webcode2m\we00012.html,19017,11370,False,5271,2966,43.72984253462341,True,4635,3077,2966
we00013,ok,True,l3,l3,True,True,True,1.0,2593.0,2275.0,C:\Users\Mahin\Thesis\render_validated_starter_kit\starter_kit\outputs\renders_final\webcode2m\we00013.png,True,C:\Users\Mahin\Thesis\render_validated_starter_kit\starter_kit\data\raw_webcode2m\we00013.html,C:\Users\Mahin\Thesis\render_validated_starter_kit\starter_kit\outputs\final_targets\webcode2m\we00013.html,7893,7213,False,2593,2275,12.263787119166988,True,2358,2358,2275
we00014,ok,True,l3,l3,True,True,True,1.0,8924.0,5899.0,C:\Users\Mahin\Thesis\render_validated_starter_kit\starter_kit\outputs\renders_final\webcode2m\we00014.png,True,C:\Users\Mahin\Thesis\render_validated_starter_kit\starter_kit\data\raw_webcode2m\we00014.html,C:\Users\Mahin\Thesis\render_validated_starter_kit\starter_kit\outputs\final_targets\webcode2m\we00014.html,29257,19506,False,8924,5899,33.897355445988346,True,7427,6969,5899
we00015,ok,True,l3,l3,True,True,True,1.0,7629.0,4494.0,C:\Users\Mahin\Thesis\render_validated_starter_kit\starter_kit\outputs\renders_final\webcode2m\we00015.png,True,C:\Users\Mahin\Thesis\render_validated_starter_kit\starter_kit\data\raw_webcode2m\we00015.html,C:\Users\Mahin\Thesis\render_validated_starter_kit\starter_kit\outputs\final_targets\webcode2m\we00015.html,25664,15580,False,7629,4494,41.09319701140385,True,5967,5561,4494
we00016,ok,True,l2,l1,True,True,True,2.0,5951.0,5008.0,C:\Users\Mahin\Thesis\render_validated_starter_kit\starter_kit\outputs\renders_final\webcode2m\we00016.png,True,C:\Users\Mahin\Thesis\render_validated_starter_kit\starter_kit\data\raw_webcode2m\we00016.html,C:\Users\Mahin\Thesis\render_validated_starter_kit\starter_kit\outputs\final_targets\webcode2m\we00016.html,21307,18241,False,5951,5008,15.84607628969921,True,5008,4436,4436
we00017,ok,True,l2,original,True,True,True,4.0,1207.0,1207.0,C:\Users\Mahin\Thesis\render_validated_starter_kit\starter_kit\outputs\renders_final\webcode2m\we00017.png,True,C:\Users\Mahin\Thesis\render_validated_starter_kit\starter_kit\data\raw_webcode2m\we00017.html,C:\Users\Mahin\Thesis\render_validated_starter_kit\starter_kit\outputs\final_targets\webcode2m\we00017.html,4050,4050,False,1207,1207,0.0,False,1150,1123,1123
we00018,ok,True,l3,l3,True,True,True,1.0,4121.0,3244.0,C:\Users\Mahin\Thesis\render_validated_starter_kit\starter_kit\outputs\renders_final\webcode2m\we00018.png,True,C:\Users\Mahin\Thesis\render_validated_starter_kit\starter_kit\data\raw_webcode2m\we00018.html,C:\Users\Mahin\Thesis\render_validated_starter_kit\starter_kit\outputs\final_targets\webcode2m\we00018.html,12824,10337,False,4121,3244,21.281242416889103,True,3428,3251,3244
we00019,ok,True,l3,l3,True,True,True,1.0,6600.0,3525.0,C:\Users\Mahin\Thesis\render_validated_starter_kit\starter_kit\outputs\renders_final\webcode2m\we00019.png,True,C:\Users\Mahin\Thesis\render_validated_starter_kit\starter_kit\data\raw_webcode2m\we00019.html,C:\Users\Mahin\Thesis\render_validated_starter_kit\starter_kit\outputs\final_targets\webcode2m\we00019.html,23639,12736,False,6600,3525,46.59090909090909,True,5519,5230,3525
we00020,ok,True,l3,l3,True,True,True,1.0,4953.0,2458.0,C:\Users\Mahin\Thesis\render_validated_starter_kit\starter_kit\outputs\renders_final\webcode2m\we00020.png,True,C:\Users\Mahin\Thesis\render_validated_starter_kit\starter_kit\data\raw_webcode2m\we00020.html,C:\Users\Mahin\Thesis\render_validated_starter_kit\starter_kit\outputs\final_targets\webcode2m\we00020.html,16541,8422,False,4953,2458,50.37351100343226,True,3657,3468,2458
we00021,ok,True,l3,l3,True,True,True,1.0,5527.0,3567.0,C:\Users\Mahin\Thesis\render_validated_starter_kit\starter_kit\outputs\renders_final\webcode2m\we00021.png,True,C:\Users\Mahin\Thesis\render_validated_starter_kit\starter_kit\data\raw_webcode2m\we00021.html,C:\Users\Mahin\Thesis\render_validated_starter_kit\starter_kit\outputs\final_targets\webcode2m\we00021.html,17536,11579,False,5527,3567,35.462276099149626,True,4284,4040,3567
we00022,ok,True,l3,l3,True,True,True,1.0,4247.0,3152.0,C:\Users\Mahin\Thesis\render_validated_starter_kit\starter_kit\outputs\renders_final\webcode2m\we00022.png,True,C:\Users\Mahin\Thesis\render_validated_starter_kit\starter_kit\data\raw_webcode2m\we00022.html,C:\Users\Mahin\Thesis\render_validated_starter_kit\starter_kit\outputs\final_targets\webcode2m\we00022.html,15940,12151,False,4247,3152,25.7829055804097,True,3634,3389,3152
we00023,ok,True,l3,l3,True,True,True,1.0,3017.0,2302.0,C:\Users\Mahin\Thesis\render_validated_starter_kit\starter_kit\outputs\renders_final\webcode2m\we00023.png,True,C:\Users\Mahin\Thesis\render_validated_starter_kit\starter_kit\data\raw_webcode2m\we00023.html,C:\Users\Mahin\Thesis\render_validated_starter_kit\starter_kit\outputs\final_targets\webcode2m\we00023.html,12229,9408,False,3017,2302,23.699038780245278,True,2706,2409,2302
we00024,ok,True,l3,l3,True,True,True,1.0,2842.0,2625.0,C:\Users\Mahin\Thesis\render_validated_starter_kit\starter_kit\outputs\renders_final\webcode2m\we00024.png,True,C:\Users\Mahin\Thesis\render_validated_starter_kit\starter_kit\data\raw_webcode2m\we00024.html,C:\Users\Mahin\Thesis\render_validated_starter_kit\starter_kit\outputs\final_targets\webcode2m\we00024.html,7258,6529,False,2842,2625,7.635467980295567,True,2674,2637,2625
we00025,ok,True,l3,l3,True,True,True,1.0,6591.0,4279.0,C:\Users\Mahin\Thesis\render_validated_starter_kit\starter_kit\outputs\renders_final\webcode2m\we00025.png,True,C:\Users\Mahin\Thesis\render_validated_starter_kit\starter_kit\data\raw_webcode2m\we00025.html,C:\Users\Mahin\Thesis\render_validated_starter_kit\starter_kit\outputs\final_targets\webcode2m\we00025.html,20341,12667,False,6591,4279,35.07813685328478,True,5621,4486,4279
we00026,ok,True,l3,l3,True,True,True,1.0,2870.0,2161.0,C:\Users\Mahin\Thesis\render_validated_starter_kit\starter_kit\outputs\renders_final\webcode2m\we00026.png,True,C:\Users\Mahin\Thesis\render_validated_starter_kit\starter_kit\data\raw_webcode2m\we00026.html,C:\Users\Mahin\Thesis\render_validated_starter_kit\starter_kit\outputs\final_targets\webcode2m\we00026.html,10644,8218,False,2870,2161,24.70383275261324,True,2727,2274,2161
we00027,ok,True,l3,l3,True,True,True,1.0,4501.0,2988.0,C:\Users\Mahin\Thesis\render_validated_starter_kit\starter_kit\outputs\renders_final\webcode2m\we00027.png,True,C:\Users\Mahin\Thesis\render_validated_starter_kit\starter_kit\data\raw_webcode2m\we00027.html,C:\Users\Mahin\Thesis\render_validated_starter_kit\starter_kit\outputs\final_targets\webcode2m\we00027.html,13237,8495,False,4501,2988,33.61475227727172,True,4194,3111,2988
we00028,ok,True,l3,l3,True,True,True,1.0,2142.0,1618.0,C:\Users\Mahin\Thesis\render_validated_starter_kit\starter_kit\outputs\renders_final\webcode2m\we00028.png,True,C:\Users\Mahin\Thesis\render_validated_starter_kit\starter_kit\data\raw_webcode2m\we00028.html,C:\Users\Mahin\Thesis\render_validated_starter_kit\starter_kit\outputs\final_targets\webcode2m\we00028.html,6580,5055,False,2142,1618,24.463118580765638,True,1710,1638,1618
we00029,ok,True,l3,l3,True,True,True,1.0,3422.0,2971.0,C:\Users\Mahin\Thesis\render_validated_starter_kit\starter_kit\outputs\renders_final\webcode2m\we00029.png,True,C:\Users\Mahin\Thesis\render_validated_starter_kit\starter_kit\data\raw_webcode2m\we00029.html,C:\Users\Mahin\Thesis\render_validated_starter_kit\starter_kit\outputs\final_targets\webcode2m\we00029.html,14132,12407,False,3422,2971,13.179427235534774,True,3314,3047,2971
we00030,ok,True,l3,l3,True,True,True,1.0,4391.0,1107.0,C:\Users\Mahin\Thesis\render_validated_starter_kit\starter_kit\outputs\renders_final\webcode2m\we00030.png,True,C:\Users\Mahin\Thesis\render_validated_starter_kit\starter_kit\data\raw_webcode2m\we00030.html,C:\Users\Mahin\Thesis\render_validated_starter_kit\starter_kit\outputs\final_targets\webcode2m\we00030.html,12318,3665,False,4391,1107,74.78934183557276,True,4256,1136,1107
we00031,ok,True,l3,l3,True,True,True,1.0,7592.0,4957.0,C:\Users\Mahin\Thesis\render_validated_starter_kit\starter_kit\outputs\renders_final\webcode2m\we00031.png,True,C:\Users\Mahin\Thesis\render_validated_starter_kit\starter_kit\data\raw_webcode2m\we00031.html,C:\Users\Mahin\Thesis\render_validated_starter_kit\starter_kit\outputs\final_targets\webcode2m\we00031.html,24306,15935,False,7592,4957,34.70758693361433,True,6187,5779,4957
we00032,ok,True,l3,l3,True,True,True,1.0,2560.0,2250.0,C:\Users\Mahin\Thesis\render_validated_starter_kit\starter_kit\outputs\renders_final\webcode2m\we00032.png,True,C:\Users\Mahin\Thesis\render_validated_starter_kit\starter_kit\data\raw_webcode2m\we00032.html,C:\Users\Mahin\Thesis\render_validated_starter_kit\starter_kit\outputs\final_targets\webcode2m\we00032.html,8088,7129,False,2560,2250,12.109375,True,2269,2269,2250
we00033,ok,True,l3,l3,True,True,True,1.0,4997.0,4447.0,C:\Users\Mahin\Thesis\render_validated_starter_kit\starter_kit\outputs\renders_final\webcode2m\we00033.png,True,C:\Users\Mahin\Thesis\render_validated_starter_kit\starter_kit\data\raw_webcode2m\we00033.html,C:\Users\Mahin\Thesis\render_validated_starter_kit\starter_kit\outputs\final_targets\webcode2m\we00033.html,15760,13637,False,4997,4447,11.006603962377426,True,4540,4540,4447
we00034,ok,True,l2,l2,True,True,True,1.0,2835.0,2488.0,C:\Users\Mahin\Thesis\render_validated_starter_kit\starter_kit\outputs\renders_final\webcode2m\we00034.png,True,C:\Users\Mahin\Thesis\render_validated_starter_kit\starter_kit\data\raw_webcode2m\we00034.html,C:\Users\Mahin\Thesis\render_validated_starter_kit\starter_kit\outputs\final_targets\webcode2m\we00034.html,9618,8516,False,2835,2488,12.239858906525573,True,2600,2488,2488
we00035,unstable_original,False,l2,excluded,False,True,False,,2717.0,,C:\Users\Mahin\Thesis\render_validated_starter_kit\starter_kit\data\raw_webcode2m\we00035.png,False,C:\Users\Mahin\Thesis\render_validated_starter_kit\starter_kit\data\raw_webcode2m\we00035.html,C:\Users\Mahin\Thesis\render_validated_starter_kit\starter_kit\data\raw_webcode2m\we00035.html,6329,6329,False,2717,2717,0.0,False,2578,2492,2492
we00036,ok,True,l3,l3,True,True,True,1.0,2505.0,1873.0,C:\Users\Mahin\Thesis\render_validated_starter_kit\starter_kit\outputs\renders_final\webcode2m\we00036.png,True,C:\Users\Mahin\Thesis\render_validated_starter_kit\starter_kit\data\raw_webcode2m\we00036.html,C:\Users\Mahin\Thesis\render_validated_starter_kit\starter_kit\outputs\final_targets\webcode2m\we00036.html,8726,6723,False,2505,1873,25.22954091816367,True,2378,2030,1873
we00037,ok,True,l3,l3,True,True,True,1.0,3187.0,2336.0,C:\Users\Mahin\Thesis\render_validated_starter_kit\starter_kit\outputs\renders_final\webcode2m\we00037.png,True,C:\Users\Mahin\Thesis\render_validated_starter_kit\starter_kit\data\raw_webcode2m\we00037.html,C:\Users\Mahin\Thesis\render_validated_starter_kit\starter_kit\outputs\final_targets\webcode2m\we00037.html,10152,7408,False,3187,2336,26.702227800439285,True,2618,2499,2336
we00038,ok,True,l3,l3,True,True,True,1.0,2528.0,2218.0,C:\Users\Mahin\Thesis\render_validated_starter_kit\starter_kit\outputs\renders_final\webcode2m\we00038.png,True,C:\Users\Mahin\Thesis\render_validated_starter_kit\starter_kit\data\raw_webcode2m\we00038.html,C:\Users\Mahin\Thesis\render_validated_starter_kit\starter_kit\outputs\final_targets\webcode2m\we00038.html,8011,7064,False,2528,2218,12.262658227848101,True,2237,2237,2218
we00039,ok,True,l3,l3,True,True,True,1.0,3022.0,2893.0,C:\Users\Mahin\Thesis\render_validated_starter_kit\starter_kit\outputs\renders_final\webcode2m\we00039.png,True,C:\Users\Mahin\Thesis\render_validated_starter_kit\starter_kit\data\raw_webcode2m\we00039.html,C:\Users\Mahin\Thesis\render_validated_starter_kit\starter_kit\outputs\final_targets\webcode2m\we00039.html,9978,9571,False,3022,2893,4.268696227663799,True,2911,2896,2893
we00040,ok,True,l3,l3,True,True,True,1.0,3075.0,2537.0,C:\Users\Mahin\Thesis\render_validated_starter_kit\starter_kit\outputs\renders_final\webcode2m\we00040.png,True,C:\Users\Mahin\Thesis\render_validated_starter_kit\starter_kit\data\raw_webcode2m\we00040.html,C:\Users\Mahin\Thesis\render_validated_starter_kit\starter_kit\outputs\final_targets\webcode2m\we00040.html,10824,8873,False,3075,2537,17.495934959349594,True,2926,2549,2537
we00041,ok,True,l3,l3,True,True,True,1.0,3819.0,2640.0,C:\Users\Mahin\Thesis\render_validated_starter_kit\starter_kit\outputs\renders_final\webcode2m\we00041.png,True,C:\Users\Mahin\Thesis\render_validated_starter_kit\starter_kit\data\raw_webcode2m\we00041.html,C:\Users\Mahin\Thesis\render_validated_starter_kit\starter_kit\outputs\final_targets\webcode2m\we00041.html,12508,8768,False,3819,2640,30.87195600942655,True,2948,2654,2640
we00042,ok,True,l3,l3,True,True,True,1.0,3565.0,2486.0,C:\Users\Mahin\Thesis\render_validated_starter_kit\starter_kit\outputs\renders_final\webcode2m\we00042.png,True,C:\Users\Mahin\Thesis\render_validated_starter_kit\starter_kit\data\raw_webcode2m\we00042.html,C:\Users\Mahin\Thesis\render_validated_starter_kit\starter_kit\outputs\final_targets\webcode2m\we00042.html,13354,9437,False,3565,2486,30.266479663394108,True,3348,2515,2486
we00043,ok,True,l3,l3,True,True,True,1.0,1527.0,933.0,C:\Users\Mahin\Thesis\render_validated_starter_kit\starter_kit\outputs\renders_final\webcode2m\we00043.png,True,C:\Users\Mahin\Thesis\render_validated_starter_kit\starter_kit\data\raw_webcode2m\we00043.html,C:\Users\Mahin\Thesis\render_validated_starter_kit\starter_kit\outputs\final_targets\webcode2m\we00043.html,5348,3641,False,1527,933,38.89980353634578,True,1334,1087,933
we00044,ok,True,l3,l3,True,True,True,1.0,5874.0,3030.0,C:\Users\Mahin\Thesis\render_validated_starter_kit\starter_kit\outputs\renders_final\webcode2m\we00044.png,True,C:\Users\Mahin\Thesis\render_validated_starter_kit\starter_kit\data\raw_webcode2m\we00044.html,C:\Users\Mahin\Thesis\render_validated_starter_kit\starter_kit\outputs\final_targets\webcode2m\we00044.html,18509,10072,False,5874,3030,48.4167517875383,True,4743,3653,3030
we00045,ok,True,l3,l3,True,True,True,1.0,2542.0,1867.0,C:\Users\Mahin\Thesis\render_validated_starter_kit\starter_kit\outputs\renders_final\webcode2m\we00045.png,True,C:\Users\Mahin\Thesis\render_validated_starter_kit\starter_kit\data\raw_webcode2m\we00045.html,C:\Users\Mahin\Thesis\render_validated_starter_kit\starter_kit\outputs\final_targets\webcode2m\we00045.html,7685,5564,False,2542,1867,26.553894571203777,True,2050,1989,1867
we00046,ok,True,l3,l3,True,True,True,1.0,4561.0,3968.0,C:\Users\Mahin\Thesis\render_validated_starter_kit\starter_kit\outputs\renders_final\webcode2m\we00046.png,True,C:\Users\Mahin\Thesis\render_validated_starter_kit\starter_kit\data\raw_webcode2m\we00046.html,C:\Users\Mahin\Thesis\render_validated_starter_kit\starter_kit\outputs\final_targets\webcode2m\we00046.html,14139,12320,False,4561,3968,13.001534751151063,True,4073,4050,3968
we00047,ok,True,l3,l3,True,True,True,1.0,6557.0,4244.0,C:\Users\Mahin\Thesis\render_validated_starter_kit\starter_kit\outputs\renders_final\webcode2m\we00047.png,True,C:\Users\Mahin\Thesis\render_validated_starter_kit\starter_kit\data\raw_webcode2m\we00047.html,C:\Users\Mahin\Thesis\render_validated_starter_kit\starter_kit\outputs\final_targets\webcode2m\we00047.html,20055,12380,False,6557,4244,35.27527832850389,True,5586,4451,4244
we00048,ok,True,l3,l3,True,True,True,1.0,3090.0,1812.0,C:\Users\Mahin\Thesis\render_validated_starter_kit\starter_kit\outputs\renders_final\webcode2m\we00048.png,True,C:\Users\Mahin\Thesis\render_validated_starter_kit\starter_kit\data\raw_webcode2m\we00048.html,C:\Users\Mahin\Thesis\render_validated_starter_kit\starter_kit\outputs\final_targets\webcode2m\we00048.html,10685,6780,False,3090,1812,41.359223300970875,True,2821,1870,1812
we00049,ok,True,l3,l3,True,True,True,1.0,2989.0,2051.0,C:\Users\Mahin\Thesis\render_validated_starter_kit\starter_kit\outputs\renders_final\webcode2m\we00049.png,True,C:\Users\Mahin\Thesis\render_validated_starter_kit\starter_kit\data\raw_webcode2m\we00049.html,C:\Users\Mahin\Thesis\render_validated_starter_kit\starter_kit\outputs\final_targets\webcode2m\we00049.html,11680,8007,False,2989,2051,31.381733021077284,True,2854,2171,2051
we00050,ok,True,l3,l3,True,True,True,1.0,4327.0,3548.0,C:\Users\Mahin\Thesis\render_validated_starter_kit\starter_kit\outputs\renders_final\webcode2m\we00050.png,True,C:\Users\Mahin\Thesis\render_validated_starter_kit\starter_kit\data\raw_webcode2m\we00050.html,C:\Users\Mahin\Thesis\render_validated_starter_kit\starter_kit\outputs\final_targets\webcode2m\we00050.html,12688,10100,False,4327,3548,18.00323549803559,True,3709,3615,3548
we00051,ok,True,l3,l3,True,True,True,1.0,3336.0,2855.0,C:\Users\Mahin\Thesis\render_validated_starter_kit\starter_kit\outputs\renders_final\webcode2m\we00051.png,True,C:\Users\Mahin\Thesis\render_validated_starter_kit\starter_kit\data\raw_webcode2m\we00051.html,C:\Users\Mahin\Thesis\render_validated_starter_kit\starter_kit\outputs\final_targets\webcode2m\we00051.html,13016,11374,False,3336,2855,14.418465227817746,True,3137,2937,2855
we00052,ok,True,l3,l3,True,True,True,1.0,1956.0,1581.0,C:\Users\Mahin\Thesis\render_validated_starter_kit\starter_kit\outputs\renders_final\webcode2m\we00052.png,True,C:\Users\Mahin\Thesis\render_validated_starter_kit\starter_kit\data\raw_webcode2m\we00052.html,C:\Users\Mahin\Thesis\render_validated_starter_kit\starter_kit\outputs\final_targets\webcode2m\we00052.html,7437,6199,False,1956,1581,19.171779141104295,True,1751,1584,1581
we00053,ok,True,original,original,True,True,True,0.0,3488.0,3488.0,C:\Users\Mahin\Thesis\render_validated_starter_kit\starter_kit\outputs\renders_final\webcode2m\we00053.png,True,C:\Users\Mahin\Thesis\render_validated_starter_kit\starter_kit\data\raw_webcode2m\we00053.html,C:\Users\Mahin\Thesis\render_validated_starter_kit\starter_kit\outputs\final_targets\webcode2m\we00053.html,12502,12502,False,3488,3488,0.0,False,3488,3488,3488
we00054,ok,True,l3,l3,True,True,True,1.0,5530.0,2434.0,C:\Users\Mahin\Thesis\render_validated_starter_kit\starter_kit\outputs\renders_final\webcode2m\we00054.png,True,C:\Users\Mahin\Thesis\render_validated_starter_kit\starter_kit\data\raw_webcode2m\we00054.html,C:\Users\Mahin\Thesis\render_validated_starter_kit\starter_kit\outputs\final_targets\webcode2m\we00054.html,18996,8343,False,5530,2434,55.98553345388788,True,4646,3143,2434
we00055,ok,True,l3,l3,True,True,True,1.0,4375.0,2622.0,C:\Users\Mahin\Thesis\render_validated_starter_kit\starter_kit\outputs\renders_final\webcode2m\we00055.png,True,C:\Users\Mahin\Thesis\render_validated_starter_kit\starter_kit\data\raw_webcode2m\we00055.html,C:\Users\Mahin\Thesis\render_validated_starter_kit\starter_kit\outputs\final_targets\webcode2m\we00055.html,12535,7850,False,4375,2622,40.06857142857143,True,3228,2717,2622
we00056,ok,True,l3,l3,True,True,True,1.0,1704.0,1106.0,C:\Users\Mahin\Thesis\render_validated_starter_kit\starter_kit\outputs\renders_final\webcode2m\we00056.png,True,C:\Users\Mahin\Thesis\render_validated_starter_kit\starter_kit\data\raw_webcode2m\we00056.html,C:\Users\Mahin\Thesis\render_validated_starter_kit\starter_kit\outputs\final_targets\webcode2m\we00056.html,5290,3370,False,1704,1106,35.093896713615024,True,1298,1217,1106
we00057,ok,True,l3,l3,True,True,True,1.0,4324.0,2886.0,C:\Users\Mahin\Thesis\render_validated_starter_kit\starter_kit\outputs\renders_final\webcode2m\we00057.png,True,C:\Users\Mahin\Thesis\render_validated_starter_kit\starter_kit\data\raw_webcode2m\we00057.html,C:\Users\Mahin\Thesis\render_validated_starter_kit\starter_kit\outputs\final_targets\webcode2m\we00057.html,15978,10807,False,4324,2886,33.256244218316375,True,3751,3491,2886
we00058,ok,True,l3,l3,True,True,True,1.0,2298.0,1846.0,C:\Users\Mahin\Thesis\render_validated_starter_kit\starter_kit\outputs\renders_final\webcode2m\we00058.png,True,C:\Users\Mahin\Thesis\render_validated_starter_kit\starter_kit\data\raw_webcode2m\we00058.html,C:\Users\Mahin\Thesis\render_validated_starter_kit\starter_kit\outputs\final_targets\webcode2m\we00058.html,7475,5931,False,2298,1846,19.669277632724107,True,2113,1849,1846
we00059,ok,True,l3,l3,True,True,True,1.0,2612.0,2345.0,C:\Users\Mahin\Thesis\render_validated_starter_kit\starter_kit\outputs\renders_final\webcode2m\we00059.png,True,C:\Users\Mahin\Thesis\render_validated_starter_kit\starter_kit\data\raw_webcode2m\we00059.html,C:\Users\Mahin\Thesis\render_validated_starter_kit\starter_kit\outputs\final_targets\webcode2m\we00059.html,9828,8794,False,2612,2345,10.222052067381316,True,2523,2361,2345
we00060,ok,True,l3,l3,True,True,True,1.0,3353.0,2268.0,C:\Users\Mahin\Thesis\render_validated_starter_kit\starter_kit\outputs\renders_final\webcode2m\we00060.png,True,C:\Users\Mahin\Thesis\render_validated_starter_kit\starter_kit\data\raw_webcode2m\we00060.html,C:\Users\Mahin\Thesis\render_validated_starter_kit\starter_kit\outputs\final_targets\webcode2m\we00060.html,11645,8254,False,3353,2268,32.35908141962422,True,3057,2640,2268
we00061,ok,True,l2,l2,True,True,True,1.0,2695.0,2360.0,C:\Users\Mahin\Thesis\render_validated_starter_kit\starter_kit\outputs\renders_final\webcode2m\we00061.png,True,C:\Users\Mahin\Thesis\render_validated_starter_kit\starter_kit\data\raw_webcode2m\we00061.html,C:\Users\Mahin\Thesis\render_validated_starter_kit\starter_kit\outputs\final_targets\webcode2m\we00061.html,8719,7655,False,2695,2360,12.430426716141001,True,2460,2360,2360
we00062,ok,True,l3,l3,True,True,True,1.0,1834.0,1599.0,C:\Users\Mahin\Thesis\render_validated_starter_kit\starter_kit\outputs\renders_final\webcode2m\we00062.png,True,C:\Users\Mahin\Thesis\render_validated_starter_kit\starter_kit\data\raw_webcode2m\we00062.html,C:\Users\Mahin\Thesis\render_validated_starter_kit\starter_kit\outputs\final_targets\webcode2m\we00062.html,5664,4885,False,1834,1599,12.813522355507088,True,1618,1618,1599
we00063,ok,True,l3,l3,True,True,True,1.0,7104.0,4554.0,C:\Users\Mahin\Thesis\render_validated_starter_kit\starter_kit\outputs\renders_final\webcode2m\we00063.png,True,C:\Users\Mahin\Thesis\render_validated_starter_kit\starter_kit\data\raw_webcode2m\we00063.html,C:\Users\Mahin\Thesis\render_validated_starter_kit\starter_kit\outputs\final_targets\webcode2m\we00063.html,23599,15553,False,7104,4554,35.895270270270274,True,5948,5410,4554
we00064,ok,True,l3,l3,True,True,True,1.0,3941.0,3529.0,C:\Users\Mahin\Thesis\render_validated_starter_kit\starter_kit\outputs\renders_final\webcode2m\we00064.png,True,C:\Users\Mahin\Thesis\render_validated_starter_kit\starter_kit\data\raw_webcode2m\we00064.html,C:\Users\Mahin\Thesis\render_validated_starter_kit\starter_kit\outputs\final_targets\webcode2m\we00064.html,12608,11492,False,3941,3529,10.454199441766049,True,3547,3547,3529
we00065,ok,True,l3,l3,True,True,True,1.0,4230.0,2655.0,C:\Users\Mahin\Thesis\render_validated_starter_kit\starter_kit\outputs\renders_final\webcode2m\we00065.png,True,C:\Users\Mahin\Thesis\render_validated_starter_kit\starter_kit\data\raw_webcode2m\we00065.html,C:\Users\Mahin\Thesis\render_validated_starter_kit\starter_kit\outputs\final_targets\webcode2m\we00065.html,11939,7028,False,4230,2655,37.234042553191486,True,3568,3097,2655
we00066,ok,True,l3,l3,True,True,True,1.0,1387.0,823.0,C:\Users\Mahin\Thesis\render_validated_starter_kit\starter_kit\outputs\renders_final\webcode2m\we00066.png,True,C:\Users\Mahin\Thesis\render_validated_starter_kit\starter_kit\data\raw_webcode2m\we00066.html,C:\Users\Mahin\Thesis\render_validated_starter_kit\starter_kit\outputs\final_targets\webcode2m\we00066.html,4654,2794,False,1387,823,40.663302090843544,True,1158,954,823
we00067,ok,True,l3,l3,True,True,True,1.0,4451.0,3493.0,C:\Users\Mahin\Thesis\render_validated_starter_kit\starter_kit\outputs\renders_final\webcode2m\we00067.png,True,C:\Users\Mahin\Thesis\render_validated_starter_kit\starter_kit\data\raw_webcode2m\we00067.html,C:\Users\Mahin\Thesis\render_validated_starter_kit\starter_kit\outputs\final_targets\webcode2m\we00067.html,12457,9523,False,4451,3493,21.523253201527748,True,3803,3691,3493
we00068,ok,True,l3,l3,True,True,True,1.0,4852.0,2356.0,C:\Users\Mahin\Thesis\render_validated_starter_kit\starter_kit\outputs\renders_final\webcode2m\we00068.png,True,C:\Users\Mahin\Thesis\render_validated_starter_kit\starter_kit\data\raw_webcode2m\we00068.html,C:\Users\Mahin\Thesis\render_validated_starter_kit\starter_kit\outputs\final_targets\webcode2m\we00068.html,16898,8757,False,4852,2356,51.44270403957131,True,3818,3200,2356
we00069,ok,True,l2,l2,True,True,True,1.0,2884.0,2494.0,C:\Users\Mahin\Thesis\render_validated_starter_kit\starter_kit\outputs\renders_final\webcode2m\we00069.png,True,C:\Users\Mahin\Thesis\render_validated_starter_kit\starter_kit\data\raw_webcode2m\we00069.html,C:\Users\Mahin\Thesis\render_validated_starter_kit\starter_kit\outputs\final_targets\webcode2m\we00069.html,9381,8280,False,2884,2494,13.522884882108183,True,2599,2494,2494
we00070,ok,True,l3,l3,True,True,True,1.0,2909.0,2378.0,C:\Users\Mahin\Thesis\render_validated_starter_kit\starter_kit\outputs\renders_final\webcode2m\we00070.png,True,C:\Users\Mahin\Thesis\render_validated_starter_kit\starter_kit\data\raw_webcode2m\we00070.html,C:\Users\Mahin\Thesis\render_validated_starter_kit\starter_kit\outputs\final_targets\webcode2m\we00070.html,11764,10027,False,2909,2378,18.253695427982123,True,2685,2392,2378
we00071,ok,True,original,original,True,True,True,0.0,2895.0,2895.0,C:\Users\Mahin\Thesis\render_validated_starter_kit\starter_kit\outputs\renders_final\webcode2m\we00071.png,True,C:\Users\Mahin\Thesis\render_validated_starter_kit\starter_kit\data\raw_webcode2m\we00071.html,C:\Users\Mahin\Thesis\render_validated_starter_kit\starter_kit\outputs\final_targets\webcode2m\we00071.html,10470,10470,False,2895,2895,0.0,False,2895,2895,2895
we00072,ok,True,l3,l3,True,True,True,1.0,4006.0,1625.0,C:\Users\Mahin\Thesis\render_validated_starter_kit\starter_kit\outputs\renders_final\webcode2m\we00072.png,True,C:\Users\Mahin\Thesis\render_validated_starter_kit\starter_kit\data\raw_webcode2m\we00072.html,C:\Users\Mahin\Thesis\render_validated_starter_kit\starter_kit\outputs\final_targets\webcode2m\we00072.html,14391,6347,False,4006,1625,59.43584623065402,True,3453,2306,1625
we00073,ok,True,l3,l3,True,True,True,1.0,4570.0,3357.0,C:\Users\Mahin\Thesis\render_validated_starter_kit\starter_kit\outputs\renders_final\webcode2m\we00073.png,True,C:\Users\Mahin\Thesis\render_validated_starter_kit\starter_kit\data\raw_webcode2m\we00073.html,C:\Users\Mahin\Thesis\render_validated_starter_kit\starter_kit\outputs\final_targets\webcode2m\we00073.html,17450,12917,False,4570,3357,26.542669584245075,True,4121,3642,3357
we00074,ok,True,l2,l2,True,True,True,1.0,2923.0,2588.0,C:\Users\Mahin\Thesis\render_validated_starter_kit\starter_kit\outputs\renders_final\webcode2m\we00074.png,True,C:\Users\Mahin\Thesis\render_validated_starter_kit\starter_kit\data\raw_webcode2m\we00074.html,C:\Users\Mahin\Thesis\render_validated_starter_kit\starter_kit\outputs\final_targets\webcode2m\we00074.html,10056,8992,False,2923,2588,11.460827916524119,True,2688,2588,2588
we00075,ok,True,l1,l1,True,True,True,1.0,1136.0,918.0,C:\Users\Mahin\Thesis\render_validated_starter_kit\starter_kit\outputs\renders_final\webcode2m\we00075.png,True,C:\Users\Mahin\Thesis\render_validated_starter_kit\starter_kit\data\raw_webcode2m\we00075.html,C:\Users\Mahin\Thesis\render_validated_starter_kit\starter_kit\outputs\final_targets\webcode2m\we00075.html,3994,3200,False,1136,918,19.190140845070424,True,918,918,918
we00076,ok,True,l3,l3,True,True,True,1.0,3386.0,2157.0,C:\Users\Mahin\Thesis\render_validated_starter_kit\starter_kit\outputs\renders_final\webcode2m\we00076.png,True,C:\Users\Mahin\Thesis\render_validated_starter_kit\starter_kit\data\raw_webcode2m\we00076.html,C:\Users\Mahin\Thesis\render_validated_starter_kit\starter_kit\outputs\final_targets\webcode2m\we00076.html,12865,8632,False,3386,2157,36.296515062020084,True,2913,2638,2157
we00077,ok,True,l3,l3,True,True,True,1.0,4958.0,2783.0,C:\Users\Mahin\Thesis\render_validated_starter_kit\starter_kit\outputs\renders_final\webcode2m\we00077.png,True,C:\Users\Mahin\Thesis\render_validated_starter_kit\starter_kit\data\raw_webcode2m\we00077.html,C:\Users\Mahin\Thesis\render_validated_starter_kit\starter_kit\outputs\final_targets\webcode2m\we00077.html,15524,8246,False,4958,2783,43.86849536103267,True,4066,2787,2783
we00078,ok,True,l2,l2,True,True,True,1.0,1812.0,1807.0,C:\Users\Mahin\Thesis\render_validated_starter_kit\starter_kit\outputs\renders_final\webcode2m\we00078.png,True,C:\Users\Mahin\Thesis\render_validated_starter_kit\starter_kit\data\raw_webcode2m\we00078.html,C:\Users\Mahin\Thesis\render_validated_starter_kit\starter_kit\outputs\final_targets\webcode2m\we00078.html,6420,6402,False,1812,1807,0.27593818984547464,True,1812,1807,1807
we00079,ok,True,l3,l3,True,True,True,1.0,3327.0,1392.0,C:\Users\Mahin\Thesis\render_validated_starter_kit\starter_kit\outputs\renders_final\webcode2m\we00079.png,True,C:\Users\Mahin\Thesis\render_validated_starter_kit\starter_kit\data\raw_webcode2m\we00079.html,C:\Users\Mahin\Thesis\render_validated_starter_kit\starter_kit\outputs\final_targets\webcode2m\we00079.html,11096,4645,False,3327,1392,58.1605049594229,True,2830,1695,1392
we00080,ok,True,l3,l3,True,True,True,1.0,2909.0,2058.0,C:\Users\Mahin\Thesis\render_validated_starter_kit\starter_kit\outputs\renders_final\webcode2m\we00080.png,True,C:\Users\Mahin\Thesis\render_validated_starter_kit\starter_kit\data\raw_webcode2m\we00080.html,C:\Users\Mahin\Thesis\render_validated_starter_kit\starter_kit\outputs\final_targets\webcode2m\we00080.html,9895,6915,False,2909,2058,29.254039188724647,True,2754,2100,2058
we00081,ok,True,l3,l3,True,True,True,1.0,3368.0,2383.0,C:\Users\Mahin\Thesis\render_validated_starter_kit\starter_kit\outputs\renders_final\webcode2m\we00081.png,True,C:\Users\Mahin\Thesis\render_validated_starter_kit\starter_kit\data\raw_webcode2m\we00081.html,C:\Users\Mahin\Thesis\render_validated_starter_kit\starter_kit\outputs\final_targets\webcode2m\we00081.html,10341,7129,False,3368,2383,29.2458432304038,True,2538,2465,2383
we00082,ok,True,l3,l3,True,True,True,1.0,1910.0,1449.0,C:\Users\Mahin\Thesis\render_validated_starter_kit\starter_kit\outputs\renders_final\webcode2m\we00082.png,True,C:\Users\Mahin\Thesis\render_validated_starter_kit\starter_kit\data\raw_webcode2m\we00082.html,C:\Users\Mahin\Thesis\render_validated_starter_kit\starter_kit\outputs\final_targets\webcode2m\we00082.html,6116,4643,False,1910,1449,24.13612565445026,True,1624,1455,1449
we00083,ok,True,l3,l3,True,True,True,1.0,5228.0,3732.0,C:\Users\Mahin\Thesis\render_validated_starter_kit\starter_kit\outputs\renders_final\webcode2m\we00083.png,True,C:\Users\Mahin\Thesis\render_validated_starter_kit\starter_kit\data\raw_webcode2m\we00083.html,C:\Users\Mahin\Thesis\render_validated_starter_kit\starter_kit\outputs\final_targets\webcode2m\we00083.html,17753,12837,False,5228,3732,28.61514919663351,True,4397,4176,3732
we00084,ok,True,l3,l3,True,True,True,1.0,3368.0,2383.0,C:\Users\Mahin\Thesis\render_validated_starter_kit\starter_kit\outputs\renders_final\webcode2m\we00084.png,True,C:\Users\Mahin\Thesis\render_validated_starter_kit\starter_kit\data\raw_webcode2m\we00084.html,C:\Users\Mahin\Thesis\render_validated_starter_kit\starter_kit\outputs\final_targets\webcode2m\we00084.html,10341,7129,False,3368,2383,29.2458432304038,True,2538,2465,2383
we00085,ok,True,l2,l2,True,True,True,1.0,1999.0,1416.0,C:\Users\Mahin\Thesis\render_validated_starter_kit\starter_kit\outputs\renders_final\webcode2m\we00085.png,True,C:\Users\Mahin\Thesis\render_validated_starter_kit\starter_kit\data\raw_webcode2m\we00085.html,C:\Users\Mahin\Thesis\render_validated_starter_kit\starter_kit\outputs\final_targets\webcode2m\we00085.html,6629,4421,False,1999,1416,29.164582291145575,True,1437,1416,1416
we00086,ok,True,l3,l3,True,True,True,1.0,1704.0,1106.0,C:\Users\Mahin\Thesis\render_validated_starter_kit\starter_kit\outputs\renders_final\webcode2m\we00086.png,True,C:\Users\Mahin\Thesis\render_validated_starter_kit\starter_kit\data\raw_webcode2m\we00086.html,C:\Users\Mahin\Thesis\render_validated_starter_kit\starter_kit\outputs\final_targets\webcode2m\we00086.html,5286,3366,False,1704,1106,35.093896713615024,True,1300,1217,1106
we00087,ok,True,l3,l3,True,True,True,1.0,2647.0,2469.0,C:\Users\Mahin\Thesis\render_validated_starter_kit\starter_kit\outputs\renders_final\webcode2m\we00087.png,True,C:\Users\Mahin\Thesis\render_validated_starter_kit\starter_kit\data\raw_webcode2m\we00087.html,C:\Users\Mahin\Thesis\render_validated_starter_kit\starter_kit\outputs\final_targets\webcode2m\we00087.html,8941,8302,False,2647,2469,6.724593879863997,True,2503,2477,2469
we00088,ok,True,l3,l3,True,True,True,1.0,3645.0,2106.0,C:\Users\Mahin\Thesis\render_validated_starter_kit\starter_kit\outputs\renders_final\webcode2m\we00088.png,True,C:\Users\Mahin\Thesis\render_validated_starter_kit\starter_kit\data\raw_webcode2m\we00088.html,C:\Users\Mahin\Thesis\render_validated_starter_kit\starter_kit\outputs\final_targets\webcode2m\we00088.html,11540,6567,False,3645,2106,42.22222222222222,True,2967,2615,2106
we00089,ok,True,l1,l1,True,True,True,1.0,1700.0,1566.0,C:\Users\Mahin\Thesis\render_validated_starter_kit\starter_kit\outputs\renders_final\webcode2m\we00089.png,True,C:\Users\Mahin\Thesis\render_validated_starter_kit\starter_kit\data\raw_webcode2m\we00089.html,C:\Users\Mahin\Thesis\render_validated_starter_kit\starter_kit\outputs\final_targets\webcode2m\we00089.html,4789,4497,False,1700,1566,7.882352941176471,True,1566,1566,1566
we00090,ok,True,l3,l3,True,True,True,1.0,6864.0,4433.0,C:\Users\Mahin\Thesis\render_validated_starter_kit\starter_kit\outputs\renders_final\webcode2m\we00090.png,True,C:\Users\Mahin\Thesis\render_validated_starter_kit\starter_kit\data\raw_webcode2m\we00090.html,C:\Users\Mahin\Thesis\render_validated_starter_kit\starter_kit\outputs\final_targets\webcode2m\we00090.html,22444,14670,False,6864,4433,35.416666666666664,True,5927,4996,4433
we00091,ok,True,l2,l1a,True,True,True,4.0,8292.0,6612.0,C:\Users\Mahin\Thesis\render_validated_starter_kit\starter_kit\outputs\renders_final\webcode2m\we00091.png,True,C:\Users\Mahin\Thesis\render_validated_starter_kit\starter_kit\data\raw_webcode2m\we00091.html,C:\Users\Mahin\Thesis\render_validated_starter_kit\starter_kit\outputs\final_targets\webcode2m\we00091.html,23574,18749,False,8292,6612,20.260492040520983,True,6587,5971,5971
we00092,ok,True,l2,l1,True,True,True,2.0,4239.0,3485.0,C:\Users\Mahin\Thesis\render_validated_starter_kit\starter_kit\outputs\renders_final\webcode2m\we00092.png,True,C:\Users\Mahin\Thesis\render_validated_starter_kit\starter_kit\data\raw_webcode2m\we00092.html,C:\Users\Mahin\Thesis\render_validated_starter_kit\starter_kit\outputs\final_targets\webcode2m\we00092.html,15725,13296,False,4239,3485,17.787213965557914,True,3485,3265,3265
we00093,ok,True,l3,l3,True,True,True,1.0,3348.0,2633.0,C:\Users\Mahin\Thesis\render_validated_starter_kit\starter_kit\outputs\renders_final\webcode2m\we00093.png,True,C:\Users\Mahin\Thesis\render_validated_starter_kit\starter_kit\data\raw_webcode2m\we00093.html,C:\Users\Mahin\Thesis\render_validated_starter_kit\starter_kit\outputs\final_targets\webcode2m\we00093.html,13912,11091,False,3348,2633,21.356033452807647,True,3037,2740,2633
we00094,ok,True,l3,l3,True,True,True,1.0,2966.0,2115.0,C:\Users\Mahin\Thesis\render_validated_starter_kit\starter_kit\outputs\renders_final\webcode2m\we00094.png,True,C:\Users\Mahin\Thesis\render_validated_starter_kit\starter_kit\data\raw_webcode2m\we00094.html,C:\Users\Mahin\Thesis\render_validated_starter_kit\starter_kit\outputs\final_targets\webcode2m\we00094.html,11793,8291,False,2966,2115,28.691840863115306,True,2546,2316,2115
we00095,ok,True,l3,l3,True,True,True,1.0,4842.0,2486.0,C:\Users\Mahin\Thesis\render_validated_starter_kit\starter_kit\outputs\renders_final\webcode2m\we00095.png,True,C:\Users\Mahin\Thesis\render_validated_starter_kit\starter_kit\data\raw_webcode2m\we00095.html,C:\Users\Mahin\Thesis\render_validated_starter_kit\starter_kit\outputs\final_targets\webcode2m\we00095.html,17543,9203,False,4842,2486,48.6575795125981,True,3927,3222,2486
we00096,ok,True,l3,l3,True,True,True,1.0,3920.0,2234.0,C:\Users\Mahin\Thesis\render_validated_starter_kit\starter_kit\outputs\renders_final\webcode2m\we00096.png,True,C:\Users\Mahin\Thesis\render_validated_starter_kit\starter_kit\data\raw_webcode2m\we00096.html,C:\Users\Mahin\Thesis\render_validated_starter_kit\starter_kit\outputs\final_targets\webcode2m\we00096.html,13319,7737,False,3920,2234,43.01020408163265,True,2969,2813,2234
we00097,ok,True,l3,l3,True,True,True,1.0,4418.0,2354.0,C:\Users\Mahin\Thesis\render_validated_starter_kit\starter_kit\outputs\renders_final\webcode2m\we00097.png,True,C:\Users\Mahin\Thesis\render_validated_starter_kit\starter_kit\data\raw_webcode2m\we00097.html,C:\Users\Mahin\Thesis\render_validated_starter_kit\starter_kit\outputs\final_targets\webcode2m\we00097.html,15552,8766,False,4418,2354,46.71797193300136,True,3527,3191,2354
we00098,ok,True,l3,l3,True,True,True,1.0,2729.0,2065.0,C:\Users\Mahin\Thesis\render_validated_starter_kit\starter_kit\outputs\renders_final\webcode2m\we00098.png,True,C:\Users\Mahin\Thesis\render_validated_starter_kit\starter_kit\data\raw_webcode2m\we00098.html,C:\Users\Mahin\Thesis\render_validated_starter_kit\starter_kit\outputs\final_targets\webcode2m\we00098.html,9940,7544,False,2729,2065,24.331256870648588,True,2465,2108,2065
we00099,ok,True,l3,l3,True,True,True,1.0,2025.0,1319.0,C:\Users\Mahin\Thesis\render_validated_starter_kit\starter_kit\outputs\renders_final\webcode2m\we00099.png,True,C:\Users\Mahin\Thesis\render_validated_starter_kit\starter_kit\data\raw_webcode2m\we00099.html,C:\Users\Mahin\Thesis\render_validated_starter_kit\starter_kit\outputs\final_targets\webcode2m\we00099.html,6865,4563,False,2025,1319,34.864197530864196,True,1556,1455,1319
