page_id,category,tokens_original,tokens_final,tokens_saved,characters_original,characters_final
we00000,unattributed,0,0,0,0,0
we00000,markup,593,529,64,1332,1143
we00000,attributes,262,195,67,1179,898
we00000,inline_css,0,0,0,0,0
we00000,css_blocks,1134,446,688,3010,1416
we00000,scripts,0,0,0,0,0
we00000,comments,0,0,0,0,0
we00000,text,341,341,0,1063,1063
we00000,whitespace,41,32,9,112,102
we00000,special_tokens,0,0,0,0,0
we00001,unattributed,0,0,0,0,0
we00001,markup,517,406,111,1251,962
we00001,attributes,1289,1023,266,4835,3893
we00001,inline_css,5,0,5,22,0
we00001,css_blocks,3604,1838,1766,11292,6202
we00001,scripts,0,0,0,0,0
we00001,comments,0,0,0,0,0
we00001,text,109,92,17,405,328
we00001,whitespace,20,15,5,64,55
we00001,special_tokens,0,0,0,0,0
we00002,unattributed,0,0,0,0,0
we00002,markup,651,534,117,1527,1227
we00002,attributes,970,882,88,3497,3142
we00002,inline_css,32,14,18,134,53
we00002,css_blocks,519,237,282,1646,730
we00002,scripts,0,0,0,0,0
we00002,comments,0,0,0,0,0
we00002,text,341,315,26,1252,1159
we00002,whitespace,96,65,31,275,221
we00002,special_tokens,0,0,0,0,0
we00003,unattributed,0,0,0,0,0
we00003,markup,614,438,176,1600,1095
we00003,attributes,1215,807,408,4079,2886
we00003,inline_css,67,48,19,183,104
we00003,css_blocks,290,201,89,1048,779
we00003,scripts,0,0,0,0,0
we00003,comments,0,0,0,0,0
we00003,text,379,376,3,1313,1301
we00003,whitespace,76,62,14,269,249
we00003,special_tokens,0,0,0,0,0
we00004,unattributed,0,0,0,0,0
we00004,markup,1273,398,875,3520,952
we00004,attributes,1437,575,862,5947,2463
we00004,inline_css,184,0,184,648,0
we00004,css_blocks,292,176,116,875,530
we00004,scripts,0,0,0,0,0
we00004,comments,0,0,0,0,0
we00004,text,544,544,0,2038,2038
we00004,whitespace,72,83,-11,394,391
we00004,special_tokens,0,0,0,0,0
we00005,unattributed,0,0,0,0,0
we00005,markup,581,518,63,1423,1246
we00005,attributes,495,426,69,1980,1687
we00005,inline_css,57,38,19,157,78
we00005,css_blocks,1692,985,707,4733,2844
we00005,scripts,0,0,0,0,0
we00005,comments,0,0,0,0,0
we00005,text,568,464,104,1974,1743
we00005,whitespace,108,95,13,386,347
we00005,special_tokens,0,0,0,0,0
we00006,unattributed,0,0,0,0,0
we00006,markup,812,646,166,1966,1567
we00006,attributes,932,697,235,3544,2731
we00006,inline_css,0,0,0,0,0
we00006,css_blocks,3803,1223,2580,12882,3746
we00006,scripts,0,0,0,0,0
we00006,comments,0,0,0,0,0
we00006,text,945,940,5,3910,3883
we00006,whitespace,142,53,89,949,787
we00006,special_tokens,0,0,0,0,0
we00007,unattributed,0,0,0,0,0
we00007,markup,837,765,72,2153,1948
we00007,attributes,912,760,152,3270,2733
we00007,inline_css,12,6,6,44,21
we00007,css_blocks,2790,1674,1116,7830,4694
we00007,scripts,0,0,0,0,0
we00007,comments,0,0,0,0,0
we00007,text,620,618,2,1969,1952
we00007,whitespace,98,87,11,421,347
we00007,special_tokens,0,0,0,0,0
we00008,unattributed,0,0,0,0,0
we00008,markup,1143,1112,31,2461,2401
we00008,attributes,726,672,54,2659,2466
we00008,inline_css,77,75,2,307,278
we00008,css_blocks,455,291,164,1342,847
we00008,scripts,0,0,0,0,0
we00008,comments,0,0,0,0,0
we00008,text,494,481,13,1861,1817
we00008,whitespace,104,75,29,525,258
we00008,special_tokens,0,0,0,0,0
we00009,unattributed,0,0,0,0,0
we00009,markup,667,420,247,1557,1033
we00009,attributes,1460,729,731,5032,2589
we00009,inline_css,13,0,13,62,0
we00009,css_blocks,2659,1065,1594,8026,3459
we00009,scripts,0,0,0,0,0
we00009,comments,0,0,0,0,0
we00009,text,527,462,65,1859,1613
we00009,whitespace,59,57,2,279,248
we00009,special_tokens,0,0,0,0,0
we00010,unattributed,0,0,0,0,0
we00010,markup,635,570,65,1385,1208
we00010,attributes,1423,1285,138,5303,4747
we00010,inline_css,0,0,0,0,0
we00010,css_blocks,2410,1027,1383,7435,3310
we00010,scripts,0,0,0,0,0
we00010,comments,0,0,0,0,0
we00010,text,539,537,2,2518,2508
we00010,whitespace,56,55,1,452,444
we00010,special_tokens,0,0,0,0,0
we00011,unattributed,0,0,0,0,0
we00011,markup,379,286,93,934,743
we00011,attributes,1344,1074,270,4987,3942
we00011,inline_css,0,0,0,0,0
we00011,css_blocks,3841,1763,2078,12480,6096
we00011,scripts,0,0,0,0,0
we00011,comments,0,0,0,0,0
we00011,text,1280,1261,19,4885,4838
we00011,whitespace,101,80,21,427,420
we00011,special_tokens,0,0,0,0,0
we00012,unattributed,0,0,0,0,0
we00012,markup,1392,345,1047,4074,923
we00012,attributes,887,583,304,3514,2398
we00012,inline_css,454,118,336,1557,384
we00012,css_blocks,1768,1197,571,6103,4258
we00012,scripts,0,0,0,0,0
we00012,comments,0,0,0,0,0
we00012,text,695,685,10,2823,2812
we00012,whitespace,75,38,37,695,580
we00012,special_tokens,0,0,0,0,0
we00013,unattributed,0,0,0,0,0
we00013,markup,688,809,-121,1545,1735
we00013,attributes,393,321,72,1127,967
we00013,inline_css,28,25,3,119,111
we00013,css_blocks,539,248,291,1199,659
we00013,scripts,0,0,0,0,0
we00013,comments,0,0,0,0,0
we00013,text,798,764,34,3105,3083
we00013,whitespace,147,108,39,664,619
we00013,special_tokens,0,0,0,0,0
we00014,unattributed,0,0,0,0,0
we00014,markup,818,665,153,1944,1568
we00014,attributes,1851,1508,343,7282,5979
we00014,inline_css,615,598,17,961,895
we00014,css_blocks,5245,2771,2474,16771,9589
we00014,scripts,0,0,0,0,0
we00014,comments,0,0,0,0,0
we00014,text,347,314,33,1408,1240
we00014,whitespace,48,43,5,242,223
we00014,special_tokens,0,0,0,0,0
we00015,unattributed,0,0,0,0,0
we00015,markup,530,387,143,1317,958
we00015,attributes,1641,1330,311,6208,5042
we00015,inline_css,19,8,11,64,20
we00015,css_blocks,5079,2439,2640,15925,8171
we00015,scripts,0,0,0,0,0
we00015,comments,0,0,0,0,0
we00015,text,334,311,23,1253,1136
we00015,whitespace,26,19,7,207,180
we00015,special_tokens,0,0,0,0,0
we00016,unattributed,0,0,0,0,0
we00016,markup,633,638,-5,1596,1592
we00016,attributes,1280,1253,27,4882,4722
we00016,inline_css,5,4,1,22,19
we00016,css_blocks,3072,2154,918,9471,7015
we00016,scripts,0,0,0,0,0
we00016,comments,0,0,0,0,0
we00016,text,907,906,1,4072,4072
we00016,whitespace,54,53,1,792,785
we00016,special_tokens,0,0,0,0,0
we00017,unattributed,0,0,0,0,0
we00017,markup,257,257,0,664,664
we00017,attributes,130,130,0,350,350
we00017,inline_css,9,9,0,39,39
we00017,css_blocks,264,264,0,689,689
we00017,scripts,0,0,0,0,0
we00017,comments,0,0,0,0,0
we00017,text,481,481,0,1870,1870
we00017,whitespace,66,66,0,369,369
we00017,special_tokens,0,0,0,0,0
we00018,unattributed,0,0,0,0,0
we00018,markup,622,507,115,1399,1090
we00018,attributes,719,508,211,1910,1382
we00018,inline_css,103,92,11,379,341
we00018,css_blocks,1483,980,503,3886,2576
we00018,scripts,0,0,0,0,0
we00018,comments,0,0,0,0,0
we00018,text,1092,1090,2,4119,4119
we00018,whitespace,102,67,35,903,815
we00018,special_tokens,0,0,0,0,0
we00019,unattributed,0,0,0,0,0
we00019,markup,808,642,166,1966,1567
we00019,attributes,929,694,235,3541,2728
we00019,inline_css,0,0,0,0,0
we00019,css_blocks,3803,1223,2580,12882,3746
we00019,scripts,0,0,0,0,0
we00019,comments,0,0,0,0,0
we00019,text,934,929,5,3910,3883
we00019,whitespace,126,37,89,919,757
we00019,special_tokens,0,0,0,0,0
we00020,unattributed,0,0,0,0,0
we00020,markup,315,259,56,756,603
we00020,attributes,637,495,142,2460,1935
we00020,inline_css,0,0,0,0,0
we00020,css_blocks,3796,1503,2293,11722,4762
we00020,scripts,0,0,0,0,0
we00020,comments,0,0,0,0,0
we00020,text,189,187,2,985,975
we00020,whitespace,16,14,2,150,143
we00020,special_tokens,0,0,0,0,0
we00021,unattributed,0,0,0,0,0
we00021,markup,733,587,146,1778,1422
we00021,attributes,718,608,110,2890,2488
we00021,inline_css,80,49,31,275,132
we00021,css_blocks,3679,2029,1650,10642,6224
we00021,scripts,0,0,0,0,0
we00021,comments,0,0,0,0,0
we00021,text,241,222,19,1045,963
we00021,whitespace,76,72,4,328,316
we00021,special_tokens,0,0,0,0,0
we00022,unattributed,0,0,0,0,0
we00022,markup,640,514,126,1647,1283
we00022,attributes,1257,1048,209,5092,4172
we00022,inline_css,127,86,41,410,336
we00022,css_blocks,1305,600,705,4184,1950
we00022,scripts,0,0,0,0,0
we00022,comments,0,0,0,0,0
we00022,text,844,845,-1,3648,3648
we00022,whitespace,74,59,15,740,705
we00022,special_tokens,0,0,0,0,0
we00023,unattributed,0,0,0,0,0
we00023,markup,300,249,51,739,588
we00023,attributes,627,450,177,2980,2065
we00023,inline_css,171,88,83,542,278
we00023,css_blocks,1071,685,386,3866,2578
we00023,scripts,0,0,0,0,0
we00023,comments,0,0,0,0,0
we00023,text,794,794,0,3238,3238
we00023,whitespace,54,36,18,645,600
we00023,special_tokens,0,0,0,0,0
we00024,unattributed,0,0,0,0,0
we00024,markup,328,304,24,705,656
we00024,attributes,242,222,20,995,903
we00024,inline_css,81,68,13,206,186
we00024,css_blocks,427,277,150,1295,871
we00024,scripts,0,0,0,0,0
we00024,comments,0,0,0,0,0
we00024,text,1625,1621,4,3424,3424
we00024,whitespace,139,133,6,534,462
we00024,special_tokens,0,0,0,0,0
we00025,unattributed,0,0,0,0,0
we00025,markup,846,380,466,2160,955
we00025,attributes,1716,1250,466,4612,2855
we00025,inline_css,254,109,145,1047,409
we00025,css_blocks,3043,1926,1117,8738,5508
we00025,scripts,0,0,0,0,0
we00025,comments,0,0,0,0,0
we00025,text,694,586,108,2927,2506
we00025,whitespace,38,28,10,454,414
we00025,special_tokens,0,0,0,0,0
we00026,unattributed,0,0,0,0,0
we00026,markup,578,385,193,1534,1038
we00026,attributes,703,542,161,2489,1768
we00026,inline_css,94,47,47,273,178
we00026,css_blocks,340,148,192,1309,573
we00026,scripts,0,0,0,0,0
we00026,comments,0,0,0,0,0
we00026,text,1076,993,83,4187,3938
we00026,whitespace,79,46,33,766,693
we00026,special_tokens,0,0,0,0,0
we00027,unattributed,0,0,0,0,0
we00027,markup,1125,751,374,2555,1651
we00027,attributes,2130,1411,719,6663,4064
we00027,inline_css,291,219,72,900,721
we00027,css_blocks,234,70,164,892,293
we00027,scripts,0,0,0,0,0
we00027,comments,0,0,0,0,0
we00027,text,499,481,18,1582,1518
we00027,whitespace,222,56,166,559,241
we00027,special_tokens,0,0,0,0,0
we00028,unattributed,0,0,0,0,0
we00028,markup,279,249,30,722,626
we00028,attributes,373,333,40,1400,1237
we00028,inline_css,283,189,94,795,651
we00028,css_blocks,1077,720,357,3013,2060
we00028,scripts,0,0,0,0,0
we00028,comments,0,0,0,0,0
we00028,text,112,111,1,431,431
we00028,whitespace,18,16,2,50,46
we00028,special_tokens,0,0,0,0,0
we00029,unattributed,0,0,0,0,0
we00029,markup,783,696,87,2000,1743
we00029,attributes,1205,1045,160,4978,4340
we00029,inline_css,63,42,21,206,130
we00029,css_blocks,414,235,179,1585,900
we00029,scripts,0,0,0,0,0
we00029,comments,0,0,0,0,0
we00029,text,899,897,2,4500,4489
we00029,whitespace,58,56,2,781,779
we00029,special_tokens,0,0,0,0,0
we00030,unattributed,0,0,0,0,0
we00030,markup,2423,303,2120,4734,794
we00030,attributes,350,191,159,1388,682
we00030,inline_css,9,7,2,22,20
we00030,css_blocks,285,144,141,902,479
we00030,scripts,0,0,0,0,0
we00030,comments,0,0,0,0,0
we00030,text,1219,398,821,4580,1384
we00030,whitespace,105,64,41,612,281
we00030,special_tokens,0,0,0,0,0
we00031,unattributed,0,0,0,0,0
we00031,markup,487,380,107,1218,977
we00031,attributes,2364,2036,328,6457,5295
we00031,inline_css,156,110,46,321,264
we00031,css_blocks,3874,1739,2135,12475,6196
we00031,scripts,0,0,0,0,0
we00031,comments,0,0,0,0,0
we00031,text,668,650,18,2724,2644
we00031,whitespace,43,42,1,550,538
we00031,special_tokens,0,0,0,0,0
we00032,unattributed,0,0,0,0,0
we00032,markup,664,739,-75,2064,2162
we00032,attributes,496,408,88,1553,1353
we00032,inline_css,100,82,18,313,272
we00032,css_blocks,781,539,242,2084,1428
we00032,scripts,0,0,0,0,0
we00032,comments,0,0,0,0,0
we00032,text,407,398,9,1531,1523
we00032,whitespace,112,84,28,388,336
we00032,special_tokens,0,0,0,0,0
we00033,unattributed,0,0,0,0,0
we00033,markup,1480,1602,-122,3959,4064
we00033,attributes,1348,1195,153,4695,4213
we00033,inline_css,15,13,2,35,33
we00033,css_blocks,1255,765,490,3635,2195
we00033,scripts,0,0,0,0,0
we00033,comments,0,0,0,0,0
we00033,text,730,710,20,2560,2542
we00033,whitespace,169,162,7,598,533
we00033,special_tokens,0,0,0,0,0
we00034,unattributed,0,0,0,0,0
we00034,markup,519,473,46,1291,1158
we00034,attributes,338,330,8,1154,1116
we00034,inline_css,175,124,51,512,367
we00034,css_blocks,743,505,238,1893,1237
we00034,scripts,0,0,0,0,0
we00034,comments,0,0,0,0,0
we00034,text,920,920,0,3839,3839
we00034,whitespace,140,136,4,787,783
we00034,special_tokens,0,0,0,0,0
we00036,unattributed,0,0,0,0,0
we00036,markup,772,625,147,1712,1317
we00036,attributes,755,538,217,3070,2201
we00036,inline_css,60,55,5,143,135
we00036,css_blocks,328,71,257,854,171
we00036,scripts,0,0,0,0,0
we00036,comments,0,0,0,0,0
we00036,text,555,553,2,2637,2632
we00036,whitespace,35,31,4,259,254
we00036,special_tokens,0,0,0,0,0
we00037,unattributed,0,0,0,0,0
we00037,markup,737,667,70,1847,1646
we00037,attributes,325,268,57,1205,1002
we00037,inline_css,50,25,25,219,85
we00037,css_blocks,1631,938,693,4667,2719
we00037,scripts,0,0,0,0,0
we00037,comments,0,0,0,0,0
we00037,text,408,407,1,1677,1677
we00037,whitespace,36,31,5,286,275
we00037,special_tokens,0,0,0,0,0
we00038,unattributed,0,0,0,0,0
we00038,markup,694,775,-81,2135,2233
we00038,attributes,529,436,93,1620,1434
we00038,inline_css,104,86,18,332,289
we00038,css_blocks,775,537,238,2069,1420
we00038,scripts,0,0,0,0,0
we00038,comments,0,0,0,0,0
we00038,text,315,307,8,1360,1348
we00038,whitespace,111,77,34,342,285
we00038,special_tokens,0,0,0,0,0
we00039,unattributed,0,0,0,0,0
we00039,markup,132,122,10,306,275
we00039,attributes,41,38,3,140,125
we00039,inline_css,0,0,0,0,0
we00039,css_blocks,352,237,115,1008,701
we00039,scripts,0,0,0,0,0
we00039,comments,0,0,0,0,0
we00039,text,2451,2451,0,8011,8011
we00039,whitespace,46,45,1,457,456
we00039,special_tokens,0,0,0,0,0
we00040,unattributed,0,0,0,0,0
we00040,markup,921,726,195,2246,1664
we00040,attributes,838,674,164,3034,2254
we00040,inline_css,86,67,19,232,197
we00040,css_blocks,349,190,159,1160,663
we00040,scripts,0,0,0,0,0
we00040,comments,0,0,0,0,0
we00040,text,747,747,0,3348,3348
we00040,whitespace,134,133,1,716,715
we00040,special_tokens,0,0,0,0,0
we00041,unattributed,0,0,0,0,0
we00041,markup,565,453,112,1375,1083
we00041,attributes,720,527,193,2439,1760
we00041,inline_css,29,23,6,84,59
we00041,css_blocks,1961,1116,845,5894,3555
we00041,scripts,0,0,0,0,0
we00041,comments,0,0,0,0,0
we00041,text,491,490,1,1929,1929
we00041,whitespace,53,31,22,506,367
we00041,special_tokens,0,0,0,0,0
we00042,unattributed,0,0,0,0,0
we00042,markup,723,498,225,1942,1277
we00042,attributes,1795,1211,584,7072,4803
we00042,inline_css,27,5,22,104,25
we00042,css_blocks,513,267,246,1648,833
we00042,scripts,0,0,0,0,0
we00042,comments,0,0,0,0,0
we00042,text,464,463,1,2147,2146
we00042,whitespace,43,42,1,331,330
we00042,special_tokens,0,0,0,0,0
we00043,unattributed,0,0,0,0,0
we00043,markup,308,210,98,787,513
we00043,attributes,264,90,174,902,285
we00043,inline_css,139,108,31,489,451
we00043,css_blocks,354,64,290,925,206
we00043,scripts,0,0,0,0,0
we00043,comments,0,0,0,0,0
we00043,text,440,440,0,1777,1777
we00043,whitespace,22,21,1,363,362
we00043,special_tokens,0,0,0,0,0
we00044,unattributed,0,0,0,0,0
we00044,markup,795,262,533,1890,623
we00044,attributes,1572,892,680,4964,2730
we00044,inline_css,186,149,37,790,670
we00044,css_blocks,2529,1105,1424,7306,3468
we00044,scripts,0,0,0,0,0
we00044,comments,0,0,0,0,0
we00044,text,701,581,120,2560,2092
we00044,whitespace,91,41,50,583,458
we00044,special_tokens,0,0,0,0,0
we00045,unattributed,0,0,0,0,0
we00045,markup,386,377,9,979,958
we00045,attributes,466,423,43,1376,1231
we00045,inline_css,42,20,22,151,78
we00045,css_blocks,1423,839,584,3978,2378
we00045,scripts,0,0,0,0,0
we00045,comments,0,0,0,0,0
we00045,text,189,184,5,789,772
we00045,whitespace,36,24,12,199,140
we00045,special_tokens,0,0,0,0,0
we00046,unattributed,0,0,0,0,0
we00046,markup,1023,1026,-3,2726,2813
we00046,attributes,1487,1416,71,5029,4725
we00046,inline_css,203,177,26,717,646
we00046,css_blocks,1402,920,482,3908,2617
we00046,scripts,0,0,0,0,0
we00046,comments,0,0,0,0,0
we00046,text,365,357,8,1283,1274
we00046,whitespace,81,72,9,273,240
we00046,special_tokens,0,0,0,0,0
we00047,unattributed,0,0,0,0,0
we00047,markup,857,391,466,2176,971
we00047,attributes,1716,1250,466,4612,2855
we00047,inline_css,254,109,145,1047,409
we00047,css_blocks,3043,1926,1117,8738,5508
we00047,scripts,0,0,0,0,0
we00047,comments,0,0,0,0,0
we00047,text,635,526,109,2651,2230
we00047,whitespace,52,42,10,439,398
we00047,special_tokens,0,0,0,0,0
we00048,unattributed,0,0,0,0,0
we00048,markup,1096,526,570,2451,1363
we00048,attributes,80,44,36,259,138
we00048,inline_css,0,0,0,0,0
we00048,css_blocks,327,100,227,1032,314
we00048,scripts,0,0,0,0,0
we00048,comments,0,0,0,0,0
we00048,text,1318,1019,299,5204,4118
we00048,whitespace,269,123,146,1604,825
we00048,special_tokens,0,0,0,0,0
we00049,unattributed,0,0,0,0,0
we00049,markup,580,386,194,1421,930
we00049,attributes,1504,963,541,6423,4065
we00049,inline_css,49,41,8,168,133
we00049,css_blocks,357,164,193,1406,673
we00049,scripts,0,0,0,0,0
we00049,comments,0,0,0,0,0
we00049,text,465,465,0,1847,1847
we00049,whitespace,34,32,2,342,330
we00049,special_tokens,0,0,0,0,0
we00050,unattributed,0,0,0,0,0
we00050,markup,1030,984,46,2318,2188
we00050,attributes,359,314,45,1526,1343
we00050,inline_css,106,92,14,333,305
we00050,css_blocks,1671,1003,668,5040,3064
we00050,scripts,0,0,0,0,0
we00050,comments,0,0,0,0,0
we00050,text,1060,1056,4,2766,2762
we00050,whitespace,101,99,2,427,424
we00050,special_tokens,0,0,0,0,0
we00051,unattributed,0,0,0,0,0
we00051,markup,500,408,92,1103,867
we00051,attributes,834,711,123,3294,2766
we00051,inline_css,35,35,0,94,92
we00051,css_blocks,706,463,243,2133,1413
we00051,scripts,0,0,0,0,0
we00051,comments,0,0,0,0,0
we00051,text,1172,1160,12,5194,5145
we00051,whitespace,89,78,11,1069,1041
we00051,special_tokens,0,0,0,0,0
we00052,unattributed,0,0,0,0,0
we00052,markup,426,351,75,1040,827
we00052,attributes,268,181,87,865,546
we00052,inline_css,60,44,16,166,124
we00052,css_blocks,387,191,196,1222,614
we00052,scripts,0,0,0,0,0
we00052,comments,0,0,0,0,0
we00052,text,736,736,0,3294,3294
we00052,whitespace,79,78,1,761,760
we00052,special_tokens,0,0,0,0,0
we00053,unattributed,0,0,0,0,0
we00053,markup,773,773,0,1965,1965
we00053,attributes,901,901,0,3169,3169
we00053,inline_css,353,353,0,1071,1071
we00053,css_blocks,420,420,0,1393,1393
we00053,scripts,0,0,0,0,0
we00053,comments,0,0,0,0,0
we00053,text,966,966,0,4126,4126
we00053,whitespace,75,75,0,675,675
we00053,special_tokens,0,0,0,0,0
we00054,unattributed,0,0,0,0,0
we00054,markup,809,319,490,2078,737
we00054,attributes,1522,509,1013,6106,1945
we00054,inline_css,22,0,22,92,0
we00054,css_blocks,2452,920,1532,7442,2943
we00054,scripts,0,0,0,0,0
we00054,comments,0,0,0,0,0
we00054,text,655,621,34,2440,2259
we00054,whitespace,70,65,5,451,428
we00054,special_tokens,0,0,0,0,0
we00055,unattributed,0,0,0,0,0
we00055,markup,690,513,177,1729,1199
we00055,attributes,501,176,325,1493,611
we00055,inline_css,0,0,0,0,0
we00055,css_blocks,2595,1405,1190,6632,3958
we00055,scripts,0,0,0,0,0
we00055,comments,0,0,0,0,0
we00055,text,548,495,53,1981,1785
we00055,whitespace,41,33,8,356,292
we00055,special_tokens,0,0,0,0,0
we00056,unattributed,0,0,0,0,0
we00056,markup,244,220,24,595,508
we00056,attributes,205,166,39,691,584
we00056,inline_css,27,0,27,142,0
we00056,css_blocks,1148,660,488,3227,1925
we00056,scripts,0,0,0,0,0
we00056,comments,0,0,0,0,0
we00056,text,65,57,8,351,314
we00056,whitespace,15,3,12,100,37
we00056,special_tokens,0,0,0,0,0
we00057,unattributed,0,0,0,0,0
we00057,markup,439,379,60,1176,1002
we00057,attributes,1465,1255,210,6323,5317
we00057,inline_css,272,249,23,735,689
we00057,css_blocks,1868,773,1095,6538,3015
we00057,scripts,0,0,0,0,0
we00057,comments,0,0,0,0,0
we00057,text,247,207,40,802,666
we00057,whitespace,33,23,10,139,104
we00057,special_tokens,0,0,0,0,0
we00058,unattributed,0,0,0,0,0
we00058,markup,648,473,175,1491,970
we00058,attributes,344,251,93,1384,876
we00058,inline_css,251,190,61,713,573
we00058,css_blocks,326,208,118,961,650
we00058,scripts,0,0,0,0,0
we00058,comments,0,0,0,0,0
we00058,text,681,678,3,2421,2421
we00058,whitespace,48,46,2,422,412
we00058,special_tokens,0,0,0,0,0
we00059,unattributed,0,0,0,0,0
we00059,markup,621,561,60,1587,1419
we00059,attributes,349,274,75,1544,1222
we00059,inline_css,299,277,22,1190,1056
we00059,css_blocks,296,187,109,936,575
we00059,scripts,0,0,0,0,0
we00059,comments,0,0,0,0,0
we00059,text,890,890,0,3693,3693
we00059,whitespace,157,156,1,809,808
we00059,special_tokens,0,0,0,0,0
we00060,unattributed,0,0,0,0,0
we00060,markup,818,654,164,1961,1487
we00060,attributes,912,648,264,3053,2115
we00060,inline_css,134,99,35,400,313
we00060,css_blocks,769,159,610,2171,449
we00060,scripts,0,0,0,0,0
we00060,comments,0,0,0,0,0
we00060,text,602,594,8,2634,2596
we00060,whitespace,118,114,4,1256,1227
we00060,special_tokens,0,0,0,0,0
we00061,unattributed,0,0,0,0,0
we00061,markup,519,477,42,1291,1171
we00061,attributes,338,330,8,1154,1116
we00061,inline_css,175,132,43,510,390
we00061,css_blocks,743,505,238,1893,1237
we00061,scripts,0,0,0,0,0
we00061,comments,0,0,0,0,0
we00061,text,797,797,0,3066,3066
we00061,whitespace,123,119,4,664,660
we00061,special_tokens,0,0,0,0,0
we00062,unattributed,0,0,0,0,0
we00062,markup,499,548,-49,1366,1463
we00062,attributes,294,266,28,1053,939
we00062,inline_css,94,77,17,288,248
we00062,css_blocks,701,477,224,1838,1238
we00062,scripts,0,0,0,0,0
we00062,comments,0,0,0,0,0
we00062,text,219,211,8,851,843
we00062,whitespace,27,20,7,175,151
we00062,special_tokens,0,0,0,0,0
we00063,unattributed,0,0,0,0,0
we00063,markup,605,461,144,1332,977
we00063,attributes,1467,1073,394,5675,4288
we00063,inline_css,90,73,17,213,188
we00063,css_blocks,3892,1931,1961,12272,6632
we00063,scripts,0,0,0,0,0
we00063,comments,0,0,0,0,0
we00063,text,906,884,22,3014,2915
we00063,whitespace,144,132,12,535,509
we00063,special_tokens,0,0,0,0,0
we00064,unattributed,0,0,0,0,0
we00064,markup,1007,1136,-129,3112,3235
we00064,attributes,1016,831,185,2836,2528
we00064,inline_css,167,140,27,508,442
we00064,css_blocks,797,551,246,2112,1452
we00064,scripts,0,0,0,0,0
we00064,comments,0,0,0,0,0
we00064,text,685,673,12,2968,2952
we00064,whitespace,269,198,71,808,716
we00064,special_tokens,0,0,0,0,0
we00065,unattributed,0,0,0,0,0
we00065,markup,897,655,242,1957,1399
we00065,attributes,501,275,226,1892,1095
we00065,inline_css,72,10,62,259,46
we00065,css_blocks,2011,1003,1008,6118,3218
we00065,scripts,0,0,0,0,0
we00065,comments,0,0,0,0,0
we00065,text,729,694,35,1301,1161
we00065,whitespace,20,18,2,115,99
we00065,special_tokens,0,0,0,0,0
we00066,unattributed,0,0,0,0,0
we00066,markup,240,148,92,656,391
we00066,attributes,476,342,134,1940,1338
we00066,inline_css,5,0,5,22,0
we00066,css_blocks,615,287,328,1768,902
we00066,scripts,0,0,0,0,0
we00066,comments,0,0,0,0,0
we00066,text,35,33,2,141,130
we00066,whitespace,16,13,3,40,32
we00066,special_tokens,0,0,0,0,0
we00067,unattributed,0,0,0,0,0
we00067,markup,664,618,46,1544,1401
we00067,attributes,779,710,69,2672,2395
we00067,inline_css,27,24,3,63,60
we00067,css_blocks,2059,1266,793,5534,3404
we00067,scripts,0,0,0,0,0
we00067,comments,0,0,0,0,0
we00067,text,828,804,24,2016,1949
we00067,whitespace,94,71,23,311,278
we00067,special_tokens,0,0,0,0,0
we00068,unattributed,0,0,0,0,0
we00068,markup,460,254,206,1074,601
we00068,attributes,959,519,440,3773,2144
we00068,inline_css,8,0,8,39,0
we00068,css_blocks,2854,1044,1810,8958,3531
we00068,scripts,0,0,0,0,0
we00068,comments,0,0,0,0,0
we00068,text,531,501,30,2145,2011
we00068,whitespace,40,38,2,456,437
we00068,special_tokens,0,0,0,0,0
we00069,unattributed,0,0,0,0,0
we00069,markup,701,709,-8,1899,1950
we00069,attributes,677,633,44,2433,2198
we00069,inline_css,492,307,185,1552,1138
we00069,css_blocks,463,318,145,1389,1010
we00069,scripts,0,0,0,0,0
we00069,comments,0,0,0,0,0
we00069,text,460,459,1,1671,1671
we00069,whitespace,91,68,23,342,301
we00069,special_tokens,0,0,0,0,0
we00070,unattributed,0,0,0,0,0
we00070,markup,564,417,147,1391,979
we00070,attributes,646,417,229,2523,1614
we00070,inline_css,29,0,29,90,0
we00070,css_blocks,280,166,114,876,616
we00070,scripts,0,0,0,0,0
we00070,comments,0,0,0,0,0
we00070,text,1319,1319,0,5557,5557
we00070,whitespace,71,59,12,1019,999
we00070,special_tokens,0,0,0,0,0
we00071,unattributed,0,0,0,0,0
we00071,markup,968,968,0,2374,2374
we00071,attributes,985,985,0,3974,3974
we00071,inline_css,45,45,0,163,163
we00071,css_blocks,265,265,0,820,820
we00071,scripts,0,0,0,0,0
we00071,comments,0,0,0,0,0
we00071,text,578,578,0,2654,2654
we00071,whitespace,54,54,0,432,432
we00071,special_tokens,0,0,0,0,0
we00072,unattributed,0,0,0,0,0
we00072,markup,932,223,709,2736,582
we00072,attributes,592,263,329,2337,1083
we00072,inline_css,184,0,184,648,0
we00072,css_blocks,1558,416,1142,5181,1484
we00072,scripts,0,0,0,0,0
we00072,comments,0,0,0,0,0
we00072,text,646,640,6,2614,2583
we00072,whitespace,94,83,11,621,595
we00072,special_tokens,0,0,0,0,0
we00073,unattributed,0,0,0,0,0
we00073,markup,504,443,61,1259,1065
we00073,attributes,1189,908,281,4805,3494
we00073,inline_css,204,48,156,653,153
we00073,css_blocks,1689,987,702,5780,3528
we00073,scripts,0,0,0,0,0
we00073,comments,0,0,0,0,0
we00073,text,933,932,1,3860,3854
we00073,whitespace,51,39,12,780,749
we00073,special_tokens,0,0,0,0,0
we00074,unattributed,0,0,0,0,0
we00074,markup,527,485,42,1311,1191
we00074,attributes,341,333,8,1167,1129
we00074,inline_css,175,132,43,510,390
we00074,css_blocks,743,505,238,1893,1237
we00074,scripts,0,0,0,0,0
we00074,comments,0,0,0,0,0
we00074,text,989,989,0,4210,4210
we00074,whitespace,148,144,4,824,820
we00074,special_tokens,0,0,0,0,0
we00075,unattributed,0,0,0,0,0
we00075,markup,359,357,2,751,715
we00075,attributes,15,15,0,71,61
we00075,inline_css,96,65,31,381,313
we00075,css_blocks,354,188,166,1050,528
we00075,scripts,0,0,0,0,0
we00075,comments,0,0,0,0,0
we00075,text,295,278,17,1461,1377
we00075,whitespace,17,15,2,223,206
we00075,special_tokens,0,0,0,0,0
we00076,unattributed,0,0,0,0,0
we00076,markup,403,290,113,1057,715
we00076,attributes,610,457,153,2545,1883
we00076,inline_css,0,0,0,0,0
we00076,css_blocks,1557,602,955,5138,2185
we00076,scripts,0,0,0,0,0
we00076,comments,0,0,0,0,0
we00076,text,762,756,6,3168,3137
we00076,whitespace,54,52,2,657,650
we00076,special_tokens,0,0,0,0,0
we00077,unattributed,0,0,0,0,0
we00077,markup,1179,551,628,3139,1316
we00077,attributes,1052,507,545,4289,1875
we00077,inline_css,1505,975,530,4068,2702
we00077,css_blocks,975,547,428,2978,1608
we00077,scripts,0,0,0,0,0
we00077,comments,0,0,0,0,0
we00077,text,191,184,7,679,655
we00077,whitespace,56,19,37,196,84
we00077,special_tokens,0,0,0,0,0
we00078,unattributed,0,0,0,0,0
we00078,markup,234,230,4,484,469
we00078,attributes,20,20,0,56,56
we00078,inline_css,0,0,0,0,0
we00078,css_blocks,252,252,0,642,642
we00078,scripts,0,0,0,0,0
we00078,comments,0,0,0,0,0
we00078,text,1133,1133,0,4285,4285
we00078,whitespace,173,172,1,899,897
we00078,special_tokens,0,0,0,0,0
we00079,unattributed,0,0,0,0,0
we00079,markup,766,162,604,2031,452
we00079,attributes,757,249,508,3009,947
we00079,inline_css,0,0,0,0,0
we00079,css_blocks,1390,642,748,4106,1834
we00079,scripts,0,0,0,0,0
we00079,comments,0,0,0,0,0
we00079,text,390,324,66,1397,1152
we00079,whitespace,24,15,9,341,258
we00079,special_tokens,0,0,0,0,0
we00080,unattributed,0,0,0,0,0
we00080,markup,860,545,315,1970,1225
we00080,attributes,1371,999,372,5264,3567
we00080,inline_css,0,0,0,0,0
we00080,css_blocks,395,251,144,1184,740
we00080,scripts,0,0,0,0,0
we00080,comments,0,0,0,0,0
we00080,text,241,236,5,1228,1219
we00080,whitespace,42,27,15,188,153
we00080,special_tokens,0,0,0,0,0
we00081,unattributed,0,0,0,0,0
we00081,markup,693,612,81,1475,1297
we00081,attributes,465,260,205,1459,863
we00081,inline_css,12,6,6,57,27
we00081,css_blocks,1461,783,678,4374,2212
we00081,scripts,0,0,0,0,0
we00081,comments,0,0,0,0,0
we00081,text,665,665,0,1736,1736
we00081,whitespace,72,57,15,335,279
we00081,special_tokens,0,0,0,0,0
we00082,unattributed,0,0,0,0,0
we00082,markup,432,347,85,1080,824
we00082,attributes,413,299,114,1640,1143
we00082,inline_css,172,145,27,423,390
we00082,css_blocks,540,324,216,1543,973
we00082,scripts,0,0,0,0,0
we00082,comments,0,0,0,0,0
we00082,text,317,316,1,1141,1141
we00082,whitespace,36,18,18,196,170
we00082,special_tokens,0,0,0,0,0
we00083,unattributed,0,0,0,0,0
we00083,markup,1040,975,65,2771,2528
we00083,attributes,892,720,172,3688,2972
we00083,inline_css,429,337,92,1348,1202
we00083,css_blocks,2167,1011,1156,6850,3367
we00083,scripts,0,0,0,0,0
we00083,comments,0,0,0,0,0
we00083,text,642,632,10,2374,2358
we00083,whitespace,58,57,1,397,390
we00083,special_tokens,0,0,0,0,0
we00084,unattributed,0,0,0,0,0
we00084,markup,693,612,81,1475,1297
we00084,attributes,465,260,205,1459,863
we00084,inline_css,12,6,6,57,27
we00084,css_blocks,1461,783,678,4374,2212
we00084,scripts,0,0,0,0,0
we00084,comments,0,0,0,0,0
we00084,text,665,665,0,1736,1736
we00084,whitespace,72,57,15,335,279
we00084,special_tokens,0,0,0,0,0
we00085,unattributed,0,0,0,0,0
we00085,markup,464,462,2,951,944
we00085,attributes,125,125,0,448,448
we00085,inline_css,261,180,81,787,647
we00085,css_blocks,836,337,499,2982,1008
we00085,scripts,0,0,0,0,0
we00085,comments,0,0,0,0,0
we00085,text,276,276,0,1180,1180
we00085,whitespace,37,36,1,178,177
we00085,special_tokens,0,0,0,0,0
we00086,unattributed,0,0,0,0,0
we00086,markup,244,220,24,595,508
we00086,attributes,205,166,39,691,584
we00086,inline_css,27,0,27,142,0
we00086,css_blocks,1148,660,488,3227,1925
we00086,scripts,0,0,0,0,0
we00086,comments,0,0,0,0,0
we00086,text,65,57,8,345,308
we00086,whitespace,15,3,12,102,39
we00086,special_tokens,0,0,0,0,0
we00087,unattributed,0,0,0,0,0
we00087,markup,453,507,-54,1177,1331
we00087,attributes,254,254,0,663,663
we00087,inline_css,980,866,114,3039,2737
we00087,css_blocks,308,198,110,934,656
we00087,scripts,0,0,0,0,0
we00087,comments,0,0,0,0,0
we00087,text,582,581,1,2452,2452
we00087,whitespace,70,63,7,597,441
we00087,special_tokens,0,0,0,0,0
we00088,unattributed,0,0,0,0,0
we00088,markup,640,531,109,1496,1190
we00088,attributes,356,200,156,1464,818
we00088,inline_css,55,14,41,223,49
we00088,css_blocks,2213,1026,1187,6559,3207
we00088,scripts,0,0,0,0,0
we00088,comments,0,0,0,0,0
we00088,text,263,246,17,918,853
we00088,whitespace,118,89,29,507,422
we00088,special_tokens,0,0,0,0,0
we00089,unattributed,0,0,0,0,0
we00089,markup,473,497,-24,1215,1275
we00089,attributes,533,533,0,1321,1321
we00089,inline_css,193,143,50,523,472
we00089,css_blocks,280,173,107,769,512
we00089,scripts,0,0,0,0,0
we00089,comments,0,0,0,0,0
we00089,text,183,183,0,734,734
we00089,whitespace,38,37,1,163,162
we00089,special_tokens,0,0,0,0,0
we00090,unattributed,0,0,0,0,0
we00090,markup,1102,476,626,2971,1074
we00090,attributes,1700,1496,204,6546,5781
we00090,inline_css,184,0,184,648,0
we00090,css_blocks,3660,2247,1413,11039,7002
we00090,scripts,0,0,0,0,0
we00090,comments,0,0,0,0,0
we00090,text,192,189,3,734,718
we00090,whitespace,26,25,1,92,90
we00090,special_tokens,0,0,0,0,0
we00091,unattributed,0,0,0,0,0
we00091,markup,616,609,7,1724,1688
we00091,attributes,2617,2617,0,6341,6341
we00091,inline_css,68,66,2,235,234
we00091,css_blocks,4816,3147,1669,13836,9717
we00091,scripts,0,0,0,0,0
we00091,comments,0,0,0,0,0
we00091,text,162,162,0,670,670
we00091,whitespace,13,11,2,101,98
we00091,special_tokens,0,0,0,0,0
we00092,unattributed,0,0,0,0,0
we00092,markup,449,453,-4,1017,1010
we00092,attributes,572,547,25,2396,2298
we00092,inline_css,0,0,0,0,0
we00092,css_blocks,2117,1414,703,6553,4622
we00092,scripts,0,0,0,0,0
we00092,comments,0,0,0,0,0
we00092,text,1036,1024,12,4463,4463
we00092,whitespace,65,47,18,1003,901
we00092,special_tokens,0,0,0,0,0
we00093,unattributed,0,0,0,0,0
we00093,markup,384,333,51,865,714
we00093,attributes,657,480,177,3012,2097
we00093,inline_css,171,88,83,542,278
we00093,css_blocks,1071,685,386,3866,2578
we00093,scripts,0,0,0,0,0
we00093,comments,0,0,0,0,0
we00093,text,1015,1015,0,4546,4546
we00093,whitespace,50,32,18,892,847
we00093,special_tokens,0,0,0,0,0
we00094,unattributed,0,0,0,0,0
we00094,markup,576,466,110,1324,1101
we00094,attributes,502,388,114,2149,1602
we00094,inline_css,28,28,0,136,136
we00094,css_blocks,1138,577,561,3406,1846
we00094,scripts,0,0,0,0,0
we00094,comments,0,0,0,0,0
we00094,text,646,635,11,3060,3022
we00094,whitespace,76,21,55,1503,578
we00094,special_tokens,0,0,0,0,0
we00095,unattributed,0,0,0,0,0
we00095,markup,601,373,228,1463,871
we00095,attributes,1257,801,456,5287,3336
we00095,inline_css,0,0,0,0,0
we00095,css_blocks,2751,1103,1648,8965,3771
we00095,scripts,0,0,0,0,0
we00095,comments,0,0,0,0,0
we00095,text,218,196,22,1190,1063
we00095,whitespace,15,13,2,170,155
we00095,special_tokens,0,0,0,0,0
we00096,unattributed,0,0,0,0,0
we00096,markup,400,329,71,980,792
we00096,attributes,665,554,111,2771,2312
we00096,inline_css,0,0,0,0,0
we00096,css_blocks,2707,1213,1494,8540,4046
we00096,scripts,0,0,0,0,0
we00096,comments,0,0,0,0,0
we00096,text,134,130,4,519,499
we00096,whitespace,14,8,6,104,80
we00096,special_tokens,0,0,0,0,0
we00097,unattributed,0,0,0,0,0
we00097,markup,406,279,127,941,622
we00097,attributes,682,460,222,2650,1747
we00097,inline_css,0,0,0,0,0
we00097,css_blocks,2657,946,1711,8256,3069
we00097,scripts,0,0,0,0,0
we00097,comments,0,0,0,0,0
we00097,text,632,630,2,2797,2787
we00097,whitespace,41,39,2,522,515
we00097,special_tokens,0,0,0,0,0
we00098,unattributed,52,0,52,194,0
we00098,markup,663,473,190,1634,1132
we00098,attributes,896,730,166,3684,2891
we00098,inline_css,18,0,18,85,0
we00098,css_blocks,515,308,207,1556,923
we00098,scripts,0,0,0,0,0
we00098,comments,0,0,0,0,0
we00098,text,530,507,23,2285,2208
we00098,whitespace,55,47,8,401,375
we00098,special_tokens,0,0,0,0,0
we00099,unattributed,0,0,0,0,0
we00099,markup,246,193,53,753,581
we00099,attributes,292,239,53,1141,907
we00099,inline_css,0,0,0,0,0
we00099,css_blocks,1334,748,586,3963,2341
we00099,scripts,0,0,0,0,0
we00099,comments,0,0,0,0,0
we00099,text,145,136,9,673,636
we00099,whitespace,8,3,5,130,97
we00099,special_tokens,0,0,0,0,0
